BGR,TX.VAL.TRVL.ZS.WT,,,,,,,,,,,,,,,,,,,,,28.73658134,26.40186916,33.47141674,39.18791313,31.42183818,39.06399236,39.03966597,42.6597582,40.80944351,40.47424366,38.23178017,10.92773193,20.04110997,26.24434389,28.76919405,33.01662708,28.43338214,25.81118881,54.70936905,52.95095013,50.46101986,47.30752213,51.02547626,55.59543619,55.39607228,55.41994434,49.89596339,54.907186,54.23627865,54.87149974,50.96707995,50.5240789,46.81011902,49.07314722,43.85948844,40.79455447,43.40167104,
BGR,TX.VAL.TRAN.ZS.WT,,,,,,,,,,,,,,,,,,,,,36.26754748,40.58411215,37.65534383,35.43909348,27.36056559,28.71060172,29.59290188,28.44559585,31.64418212,27.66966476,27.52688172,49.86246562,47.46332804,36.88209682,29.89100167,34.5116669,32.1522694,31.38461538,25.59642247,29.6514335,29.68179123,30.57748297,28.75845145,26.69099075,25.77150193,27.56441005,30.48637281,23.61006997,22.7163917,20.76432131,19.74837321,20.84153325,19.89414169,21.15900495,23.68680889,22.16245794,22.40615099,
BGR,TX.VAL.TECH.MF.ZS,,,,,,,,,,,,,,,,,,,,,,,,,,,,,,,,,,,,,3.858449011,3.744537967,2.996571081,2.927298816,2.871843797,2.891882992,4.107230657,4.43462004,4.062545452,4.771201768,6.119406356,5.96936262,6.553650555,8.150133519,7.913048156,7.467038084,7.745770053,7.960635886,6.882258223,7.648513048,7.957681218,
BGR,TX.VAL.TECH.CD,,,,,,,,,,,,,,,,,,,,,,,,,,,,,,,,,,,,,113391231,113063685,79629580,67230302,78619198,89940248,146746565,220010271,251557237,331842164,492315052,614618711,754677723,709153582,802458914,1015453449,982455482,1127909384,1079617724,1107680340,1185954426,
BGR,TX.VAL.SERV.CD.WT,,,,,,,,,,,,,,,,,,,,,1211000000,1284000000,1207000000,1059000000,1273000000,1047000000,958000000,1158000000,1186000000,1223000000,837000000,399900000,1070300000,1171300000,1256900000,1431400000,1366000000,1430000000,1766223305,1759557266,2128795757,2100175192,2148627607,2914905782,3974679118,4351796924,5234331691,6761485337,7939473383,6880968065,6558920000,7449260000,7394790000,7802210000,8953000000,7730370000,8417510000,
BGR,TX.VAL.OTHR.ZS.WT,,,,,,,,,,,,,,,,,,,,,30.96614368,28.5046729,24.68931234,21.43531634,38.17753339,29.03533906,28.07933194,25.73402418,24.03035413,28.78168438,31.1827957,39.20980245,32.49556199,36.87355929,41.33980428,32.47170602,39.41434846,35.8951049,17.23992067,15.9140904,18.43721915,19.95324795,18.92222806,16.47679102,17.1699039,15.905627,18.24105595,20.21865205,21.71328083,21.84962159,27.20341154,25.73624763,30.62182969,26.75908493,28.38869653,33.23773636,31.25817492,
BGR,TX.VAL.MRCH.XD.WD,,,,,,,,,,,,,,,,,,,,,,,,,,,,,,,,,,,,110.37291,100.7887077,101.8192671,88.62810698,82.02079916,100,105.4811537,118.1645779,155.4720642,204.7181894,241.9547321,310.4910533,381.6838269,460.9105322,336.3414606,425.2039391,581.4080065,550.0288763,609.6812805,602.7908224,522.9258352,535.1616795,
BGR,TX.VAL.MRCH.WR.ZS,,,,,,,,,,,,,,,,,,,,,,11.9305153,12.57397253,16.8933954,15.12957733,13.76677763,10.92526546,9.347148711,8.541753994,8.409004181,11.86426745,9.079281769,11.19157349,14.22796685,26.16509946,36.38403179,33.34285781,31.61818691,25.48173494,21.4646334,20.80273415,19.15512325,19.58855845,18.84220175,20.32754472,21.64121785,28.08596495,30.60215955,30.29304879,28.23061986,30.6612615,29.93673114,28.77716074,27.20508274,26.70664711,25.18367023,24.00132427,
BGR,TX.VAL.MRCH.WL.CD,,,,,,,,,,,,,,,,,,,,,,2003266364,1839731019,1701418017,1880182307,2560644113,2451878318,2726163185,2948694357,2786684356,2031608609,2051429185,2443737319,2319329765,3399710853,5220422000,4780667000,4313587000,4150000000,3755121203,4823628594,5114110248,5750703344,7541197507,9934003220,11440190652,14774523350,18575373628,22494084158,16370947911,20578695875,28218013409,26667294269,29579826372,29245736333,25370886109,25964699092,
BGR,TX.VAL.MRCH.RS.ZS,,,,,,,,,,,,,,,,,,,,,,9.009513325,8.326019588,6.748996652,19.02228506,30.77394297,35.36937962,38.04416308,39.83548526,39.71125813,15.6628023,13.69956575,11.69367508,1.546266665,2.231412914,5.028750549,7.562041029,5.724029676,7.53313253,10.98583848,11.62626251,8.829431125,7.341979663,8.078341184,7.660922612,7.839186874,1.310197164,0.231200496,1.408482438,1.589198056,2.310109576,1.91279189,1.488397908,1.281811844,1.922359966,2.871454268,4.564851157,
BGR,TX.VAL.MRCH.R6.ZS,,,,,,,,,,,,,,,,,,,,,,1.541527805,1.643916186,1.65808283,1.002650643,0.555900093,1.006733076,1.21026981,1.191866221,0.696112029,1.352824155,0.943397664,1.068117461,1.320407967,1.019865027,1.14358571,1.194017488,0.719517191,0.578457831,0.340991497,0.659652031,0.593861366,0.441806028,0.492370382,0.394908277,0.782956812,0.40208045,0.405966908,1.376482251,1.573889163,1.42788558,1.627697217,1.894242745,1.611033659,0.783869691,0.91042394,0.751206264,
BGR,TX.VAL.MRCH.R5.ZS,,,,,,,,,,,,,,,,,,,,,,5.909031326,6.650632388,2.748413707,2.079187473,2.889212781,2.453116232,1.206766058,1.194528145,2.29450522,2.155604028,1.58284055,2.179267247,2.308670108,0.722831472,0.996088056,1.129549496,0.786213423,0.667614458,0.976852624,0.564898758,0.44521987,0.297878833,0.362070095,0.415997852,0.259004075,0.584800057,0.695779571,1.014536984,0.508043734,0.537278881,0.400023171,0.322070883,0.277892361,0.317921706,0.434375337,0.443073704,
BGR,TX.VAL.MRCH.R4.ZS,,,,,,,,,,,,,,,,,,,,,,14.50267814,11.74035263,11.53102342,10.26471913,14.21470118,6.831606722,7.059353419,9.249641468,7.369393041,10.01573591,9.496555105,11.83160165,9.276569259,5.553826551,5.486146522,5.364795331,3.729796107,3.703012048,3.022059579,2.445579022,2.542851184,2.160818331,1.817347044,2.384431802,2.315155997,2.041609965,2.769788626,3.586419591,3.121818424,2.991932043,2.648375909,3.325993939,4.75242728,4.384942343,4.182265568,4.267018308,
BGR,TX.VAL.MRCH.R3.ZS,,,,,,,,,,,,,,,,,,,,,,0.439101068,1.222906108,0.956105662,0.921040791,0.547619364,1.052474334,1.155440407,1.031257815,1.239121859,0.697954219,0.815705515,0.912031454,1.783216368,2.11879919,1.798705162,1.553632579,1.148487326,0.888963855,0.851157613,0.9131775,0.765657389,0.976372795,0.918191162,0.914679087,0.970255045,0.832328219,0.65022038,0.683800789,0.368507977,0.472275831,0.4784412,0.43091158,0.340255821,0.311506211,0.357119241,0.324196216,
BGR,TX.VAL.MRCH.R2.ZS,,,,,,,,,,,,,,,,,,,,,,11.9305153,12.57397253,16.8933954,15.12957733,13.76677763,10.92526546,9.347148711,8.541753994,8.409004181,11.86426745,9.079281769,11.19157349,14.22796685,26.16509946,36.38403179,33.34285781,31.61818691,25.48173494,21.4646334,20.80273415,19.15512325,19.58855845,18.84220175,20.32754472,21.64121785,28.08596495,30.60215955,30.29304879,28.23061986,30.6612615,29.93673114,28.77716074,27.20508274,26.70664711,25.18367023,24.00132427,
BGR,TX.VAL.MRCH.R1.ZS,,,,,,,,,,,,,,,,,,,,,,1.75168463,2.489000214,3.871636796,2.377912548,1.624591281,3.275410913,4.172364135,3.969252619,5.226458235,6.355425028,6.563896477,4.697780204,8.850526609,3.841902316,1.664616385,2.225819117,2.249496765,0.632698795,0.500649619,0.632265159,0.424225504,0.614789633,1.243586803,0.834467799,1.223317567,1.175529991,1.031951996,1.250241624,1.417012376,1.740012021,1.801892084,3.337447523,3.647527925,3.043899917,3.085889837,2.695172944,
BGR,TX.VAL.MRCH.OR.ZS,,,,,,,,,,,,,,,,,,,,,,24.14402297,23.74680752,20.76526241,16.64551059,19.8320247,14.61934128,14.80419383,16.63654627,16.82559038,20.57754334,19.40239531,20.68879802,23.53939031,13.25722455,11.08914184,11.46781401,8.633510811,6.470746988,5.691710931,5.21557247,4.771815314,4.49166562,4.833565487,4.944484818,5.550689497,5.036348682,5.553707482,7.911481239,6.989271673,7.169384357,6.956429581,9.310666669,10.62913705,8.842139868,8.970073923,8.480667437,
BGR,TX.VAL.MRCH.HI.ZS,,,,,,,,,,,,,,,,,,,,,,54.91594841,55.35320036,55.59234553,49.20262703,35.6272547,39.08601365,37.80449438,34.98621448,35.0541473,51.8953869,57.81875717,56.42595341,60.68637618,58.34626307,47.49807583,47.62728715,54.02427261,60.51438554,61.85781719,62.35543086,67.24363031,68.57779626,68.24589157,67.06704785,64.96890577,65.56748921,63.61293248,60.38698753,63.19091041,59.85924457,61.19404739,60.42377469,60.88396837,62.52885306,62.97480158,62.95315713,
BGR,TX.VAL.MRCH.CD.WT,572000000,663000000,773000000,834000000,980000000,1176070000,1305130000,1458120000,1615380000,1794870000,2004270000,2182050000,2626850000,3301000000,3836000000,4691000000,5382000000,6329000000,7478000000,8869000000,10390000000,10700000000,11440000000,12140000000,12860000000,13310000000,14140000000,15850000000,17290000000,16220000000,5030000000,3760000000,3550000000,3580000000,4005000000,5355000000,4890000000,4940000000,4300000000,3979430729,4851733817,5117664755,5733031045,7543091448,9932382037,11739000000,15064200000,18518284156,22362153038,16318393119,20629764081,28208369932,26685938400,29579177580,29285055450,25382697200,25980714040,
BGR,TX.VAL.MRCH.AL.ZS,,,,,,,,,,,,,,,,,,,,,,16.75145997,13.10982163,13.62339576,11.82078569,9.149116498,4.091427673,4.028714114,7.138562072,5.273529228,8.884018615,7.707260585,10.74274804,8.930946005,6.391869909,6.595252261,6.008764049,3.801453408,3.841903614,3.258110788,2.365281318,2.840544884,2.664246316,2.055646266,2.641433027,2.966948229,2.637531146,3.09025972,5.307192458,3.624796452,3.417223828,3.885141449,4.678945533,6.214941937,5.574462559,5.207242295,5.256018428,
BGR,TX.VAL.MMTL.ZS.UN,,,,,,,,,,,,,,,,,,,,,,,,,,,,,,,,,,,,,9.667021833,11.00318126,9.013922604,9.387701752,12.66705607,10.59328373,9.795190883,10.29226027,12.40837666,14.24917878,20.18678679,17.81904475,16.76016152,15.06253862,16.93443227,18.82292664,17.2309743,16.0108966,14.71516351,14.05839105,11.57755586,
BGR,TX.VAL.MANF.ZS.UN,,,,,,,,,,,,,,,,,,,,,,,,,,,,,,,,,,,,,60.09539152,61.126208,61.90081484,58.52082877,56.7746743,60.81659929,62.14932318,65.79684677,62.35076375,59.24649868,53.27417188,55.45583306,51.23264745,52.76442236,49.24065101,48.32597347,47.59182711,48.07003908,53.43549923,56.22299695,57.1647834,
BGR,TX.VAL.INSF.ZS.WT,,,,,,,,,,,,,,,,,,,,,4.029727498,4.509345794,4.183927092,3.937677054,3.040062844,3.190066858,3.288100209,3.160621762,3.516020236,3.074407195,3.058542413,,,,,,,6.909090909,2.454287812,1.483525965,1.419969764,2.16174695,1.293844231,1.236782046,1.662521892,1.110018608,1.376607853,1.264091975,1.334048811,2.51455736,2.081135309,2.898140218,2.673909604,3.008762902,4.065006143,3.805251236,2.934003048,
BGR,TX.VAL.ICTG.ZS.UN,,,,,,,,,,,,,,,,,,,,,,,,,,,,,,,,,,,,,,,,,0.793418744,0.940048077,1.502014535,1.736067064,1.368452518,1.515560165,1.378938191,1.916896221,2.174010385,3.016924865,2.468918957,2.128878949,1.956152668,2.345437447,2.515897109,2.896834515,,
BGR,TX.VAL.FUEL.ZS.UN,,,,,,,,,,,,,,,,,,,,,,,,,,,,,,,,,,,,,6.506962566,7.5843313,6.233163747,6.989948437,11.65483744,8.949586445,5.990776394,5.794927661,7.977800743,10.36870745,13.27591022,14.60917972,16.06783597,12.60084253,13.29811795,13.10126979,16.21001343,14.75178773,11.166175,9.059197072,8.407353015,
BGR,TX.VAL.FOOD.ZS.UN,,,,,,,,,,,,,,,,,,,,,,,,,,,,,,,,,,,,,18.09389137,13.63153141,15.02247823,15.27135204,9.811258086,9.62142868,12.12662496,10.15593959,10.41329853,10.48745645,8.569539669,8.643877532,12.41790787,16.62762095,16.07980207,15.54755051,15.35460901,17.60080978,16.13131766,15.51074796,16.49050057,
BGR,TX.VAL.AGRI.ZS.UN,,,,,,,,,,,,,,,,,,,,,,,,,,,,,,,,,,,,,3.020944773,3.098207269,3.827847311,2.982714346,2.739529208,2.405405934,2.346153722,2.303967446,2.092043549,1.777441149,1.705371515,1.672310682,1.161853721,0.921666936,1.36709282,1.311398624,1.319977445,1.262573411,1.431257769,1.271425685,1.192231505,
BGR,TX.QTY.MRCH.XD.WD,,,,,,,,,,,,,,,,,,,,,,,,,,,,,,,,,,,,,,,,,100,111.1597374,119.9124726,134.1356674,149.2341357,165.2078775,182.2757112,196.0612691,211.3785558,182.0568928,218.8183807,263.0196937,261.7067834,293.2166302,296.9365427,311.8161926,328.4463895,
BGR,TT.PRI.MRCH.XD.WD,,,,,,,,,,,,,,,,,,,,,,,,,,,,,,,,,,,,,,,,,100,98.87244942,100.1124605,101.1243933,96.2955399,84.20837461,87.94035265,106.8311237,123.8846189,125.6722586,125.8550667,122.870951,122.6274826,122.1775278,122.7524232,128.3793654,130.8024789,
BGR,TM.VAL.TRVL.ZS.WT,,,,,,,,,,,,,,,,,,,,,8.561020036,6.149341142,6.19047619,6.688963211,7.573149742,7.339449541,7.923930269,10.4387292,11.2804878,14.39490446,31.5,26.32770688,26.87950566,20.89807207,19.5570179,15.26723531,15.94028413,18.47898599,20.35740553,35.74667009,32.40234769,31.54963686,41.56750679,42.94463766,42.68993116,38.70671219,36.06481376,36.19663648,38.86823905,34.90577016,24.23096888,25.35339577,22.28179398,25.91601952,21.47692846,25.41773881,27.32984987,
BGR,TM.VAL.TRAN.ZS.WT,,,,,,,,,,,,,,,,,,,,,51.31147541,59.56076135,58.28571429,55.53511706,54.52667814,52.98165138,50.91917591,51.33131619,53.23170732,40.24203822,40.5,43.88637299,43.76930999,41.0802896,37.36457748,41.54472181,39.01597239,42.16144096,20.76503589,44.05820394,44.14270639,43.65787177,30.63446574,31.1159292,34.03805407,32.49298886,32.2028964,23.75445715,24.71852194,22.39981943,27.3035741,31.13442634,33.20820851,32.53394044,36.61311412,28.15051805,33.30347891,
BGR,TM.VAL.SERV.CD.WT,,,,,,,,,,,,,,,,,,,,,549000000,683000000,630000000,598000000,581000000,654000000,631000000,661000000,656000000,785000000,600000000,485800000,1165200000,1229300000,1246100000,1277900000,1245900000,1199200000,2550568659,1472542280,1660294031,1866018474,1725050660,2405765154,3193429987,3381534708,4096804613,5193028738,5945377551,5028128799,3409810000,3567530000,4142530000,4295760000,5598240000,4391500000,4979720000,
BGR,TM.VAL.OTHR.ZS.WT,,,,,,,,,,,,,,,,,,,,,34.42622951,27.67203514,29.04761905,31.60535117,31.84165232,33.79204893,35.49920761,32.52647504,29.57317073,40.89171975,23.5,29.78592013,29.35118435,38.02163833,43.07840462,43.18804288,45.04374348,30.60373582,56.39917841,15.74214597,18.07466602,21.51588845,23.18323167,21.9594261,19.55251927,25.05499589,27.24613138,34.27065468,32.05720725,34.63417041,43.6801464,39.31319428,40.56313412,36.71713504,36.7749507,40.01024707,33.83342839,
BGR,TM.VAL.MRCH.XD.WD,,,,,,,,,,,,,,,,,,,,,,,,,,,,,,,,,,,,86.49655779,77.55654254,75.34064132,75.6369608,83.71696187,100,111.2421991,121.5481875,166.1379577,220.8794285,277.5683709,355.6078271,457.8698496,564.03331,359.7182321,389.894931,497.9192183,499.8842994,524.3093157,529.5378131,446.3225405,440.7045058,
BGR,TM.VAL.MRCH.WR.ZS,,,,,,,,,,,,,,,,,,,,,,5.334558847,6.812264355,8.050506816,6.707888251,5.128116244,5.814927857,5.506767996,4.503029764,4.302427506,3.760659194,5.742012838,33.67269757,36.67035178,26.0488821,40.25582203,42.19681104,35.33334433,30.09092203,28.08289256,33.86009956,29.63369707,24.70054892,26.72137506,27.82324725,19.75511157,21.13494758,34.14728779,36.92103685,33.24456625,36.68040954,37.14681737,37.96535725,37.05154503,33.61371106,30.24969813,27.54046366,
BGR,TM.VAL.MRCH.WL.CD,,,,,,,,,,,,,,,,,,,,,,3386878000,2968205423,3082812122,3263650076,4240953006,4452493038,5039398794,5855879570,5144660769,3461701614,2715051401,4348327000,4484826747,4724053425,5469271000,4891372000,3879562000,5044322000,5219996468,6507208050,7261517966,7989875768,10902620634,14471886038,15488256788,19443193788,30087079907,37032668922,23541110159,25482619401,32574487271,32709204273,34308788144,34650669140,29205627494,28837872408,
BGR,TM.VAL.MRCH.RS.ZS,,,,,,,,,,,,,,,,,,,,,,6.148464751,4.916303935,5.98810413,13.98415177,23.6743815,25.11800444,28.08809806,26.99946802,27.13299844,10.27354,10.83363176,7.39709778,1.92097512,2.127474183,1.639542089,5.360275195,2.979588933,3.069292563,2.712741299,3.988721507,2.101297218,5.582154153,2.047800034,1.577255434,1.760856962,0.716735396,0.005440352,0.45735075,0.758488533,0.579940322,0.471152678,0.456970915,0.44147972,0.478094306,0.919248511,1.108814574,
BGR,TM.VAL.MRCH.R6.ZS,,,,,,,,,,,,,,,,,,,,,,0.162391441,0.22672959,0.9483841,0.272681654,0.349277792,0.263488183,0.48402756,0.240858949,0.350765518,0.130931475,0.094096708,,0.305936478,0.449803486,0.641767431,0.41873732,1.057516287,0.777071725,0.543838778,0.332361188,0.320487742,0.275153815,0.17108805,0.153405437,0.200397104,0.342342013,0.183286893,0.132080229,0.3551541,0.217746575,0.178876317,0.209101375,0.578820019,0.827848484,0.657865283,0.514476369,
BGR,TM.VAL.MRCH.R5.ZS,,,,,,,,,,,,,,,,,,,,,,1.559120228,1.927187436,1.958325146,1.797057792,2.715211035,2.056586753,1.936405889,1.472706192,1.694677315,2.6547124,2.037230307,0.1180454,0.187256888,0.300745202,0.195638505,0.324919062,0.204249861,0.419699615,0.259425463,0.210530029,0.283342079,0.244123533,0.249346711,0.268000335,0.281862792,0.286413527,0.310435989,0.281943859,0.366525896,0.309902969,0.37979617,0.351231048,0.547972258,0.509815759,0.606058014,0.53839003,
BGR,TM.VAL.MRCH.R4.ZS,,,,,,,,,,,,,,,,,,,,,,9.478138864,9.251551084,7.287330888,7.947677752,5.599437807,0.427030426,0.458300701,9.564698732,4.655569526,13.05718183,10.73074962,10.49861245,3.90857268,4.657672897,4.878163836,1.883213953,2.571243867,2.298901617,1.671150556,0.556140832,0.473046203,0.63933546,0.574691188,0.44227632,0.590710932,0.480660832,0.451710031,0.910611546,0.640591718,0.770174498,0.984066973,0.850240381,0.640539579,1.647913986,1.479446371,2.065469548,
BGR,TM.VAL.MRCH.R3.ZS,,,,,,,,,,,,,,,,,,,,,,0.936121703,1.734270128,3.73390299,7.348306663,3.156971671,2.268372081,4.484865323,4.094766587,2.977324296,2.586252282,0.896634958,2.065070083,1.545510761,1.741607823,3.051594993,2.450866546,3.098648765,2.601102784,1.846418874,1.864911788,1.838480516,2.163772867,2.196189155,2.603085168,3.56720262,4.065295818,1.702757697,1.531446511,1.798694476,1.997264504,0.926557727,1.184307043,0.450898264,0.475699974,0.45190537,0.505776709,
BGR,TM.VAL.MRCH.R2.ZS,,,,,,,,,,,,,,,,,,,,,,5.334558847,6.812264355,8.050506816,6.707888251,5.128116244,5.814927857,5.506767996,4.503029764,4.302427506,3.760659194,5.742012838,33.67269757,36.67035178,26.0488821,40.25582203,42.19681104,35.33334433,30.09092203,28.08289256,33.86009956,29.63369707,24.70054892,26.72137506,27.82324725,19.75511157,21.13494758,34.14728779,36.92103685,33.24456625,36.68040954,37.14681737,37.96535725,37.05154503,33.61371106,30.24969813,27.54046366,
BGR,TM.VAL.MRCH.R1.ZS,,,,,,,,,,,,,,,,,,,,,,1.072433078,1.033216898,1.061887611,0.655217303,0.639620386,0.914401138,1.541493404,0.965372671,1.457257482,2.340066881,1.929576802,1.202209493,2.214524208,2.454178913,1.022074057,1.553694955,1.947848752,2.634764395,2.508835088,1.90347696,3.336569945,3.380692927,4.104884101,4.127420672,5.794797028,5.885802978,3.273924545,3.549237369,3.2274456,3.092397628,3.332060984,3.523617656,3.611434041,3.92445428,4.399515947,4.706826554,
BGR,TM.VAL.MRCH.OR.ZS,,,,,,,,,,,,,,,,,,,,,,13.20820531,14.17295514,14.98983074,18.02094116,12.46051869,5.929878581,8.905092876,16.33840313,11.13559414,20.76914486,15.6882884,13.88393743,8.161801016,9.60400832,9.789238822,6.631431835,8.879507532,8.731540136,6.829668759,4.867420798,6.251926486,6.703078603,7.296199205,7.594187932,10.43497048,11.06051517,5.922115155,6.405319514,6.38841179,6.387486174,5.801358171,6.118497504,5.82966416,7.385732482,7.594790985,8.330939211,
BGR,TM.VAL.MRCH.HI.ZS,,,,,,,,,,,,,,,,,,,,,,75.30877109,74.09847657,70.97155832,61.28701881,58.73698356,63.13718912,57.50004107,52.15909908,57.42897992,65.19665594,67.736067,45.04626722,53.24687208,62.2196354,48.31539706,45.81148193,52.8075592,58.10824527,62.37469738,57.28375814,62.01307922,63.01421832,63.9346257,63.00530938,68.04906099,67.08780186,59.9251567,56.21629288,59.60853343,56.35216397,56.58067178,55.45917433,56.67731109,58.52246215,61.23626238,63.01978255,
BGR,TM.VAL.MRCH.CD.WT,633000000,666000000,785000000,933000000,1062000000,1177780000,1478630000,1571790000,1782050000,1749570000,1830770000,2119660000,2566670000,3239490000,4325770000,5949000000,6228000000,6329000000,7651000000,8514000000,9670000000,10800000000,11540000000,12290000000,12720000000,13630000000,15200000000,16160000000,16700000000,15180000000,5100000000,3790000000,4220000000,4900000000,4585000000,5660000000,5075000000,4930000000,4949000000,5478114074,6543612763,7279259131,7953643363,10871424534,14453494988,18163000000,23269600000,29961231344,36908156834,23538568662,25513215393,32581906701,32710494080,34302830850,34698161550,29231552700,28859207490,
BGR,TM.VAL.MRCH.AL.ZS,,,,,,,,,,,,,,,,,,,,,,9.499574534,9.290278188,7.386882949,8.018912963,5.704317819,1.107749514,0.539366125,4.161571854,1.132199004,10.12481311,9.316680152,7.3309574,2.768833224,2.75993822,1.883249157,0.9888841,2.014840851,2.293132754,1.871629619,0.663887656,0.503790422,0.700029533,0.818932741,0.660771034,0.633782803,0.495671838,0.499097033,0.98972492,0.73031916,0.951999358,1.198412874,1.141273083,0.89465513,1.833831997,1.766665931,2.145726007,
BGR,TM.VAL.MMTL.ZS.UN,,,,,,,,,,,,,,,,,,,,,,,,,,,,,,,,,4.116384681,,,,4.44737948,5.908771166,6.361021689,4.757887542,5.665360146,5.655166965,4.592252239,5.471929937,6.275176717,6.583043755,8.883316071,8.835672857,7.698027265,6.65623506,8.990840658,10.52794341,9.313382477,9.716800139,8.650007821,8.792826919,7.29680398,
BGR,TM.VAL.MANF.ZS.UN,,,,,,,,,,,,,,,,,,,,,,,,,,,,,,,,,49.21650622,,,,47.76969289,49.93486159,59.70937051,64.59558084,58.92277872,64.63476542,66.53342319,68.00696008,68.32854434,65.41761092,61.94839874,61.90057238,59.77868234,58.56182157,54.89797893,53.34482265,53.18545602,54.0901393,58.23253486,60.65310245,63.62563915,
BGR,TM.VAL.INSF.ZS.WT,,,,,,,,,,,,,,,,,,,,,5.701275046,6.617862372,6.476190476,6.170568562,6.058519793,5.886850153,5.657686212,5.703479576,5.914634146,4.47133758,4.5,,,,,,,8.755837225,2.478380163,4.452980003,5.380279907,3.276602926,4.614795794,3.980007042,3.719495495,3.745303066,4.486158452,5.778251696,4.356031761,8.060239994,4.785310618,4.198983611,3.94686339,4.832905004,5.135006716,6.421496072,5.533242833,
BGR,TM.VAL.ICTG.ZS.UN,,,,,,,,,,,,,,,,,,,,,,,,,,,,,,,,,,,,,,,,,4.48829079,6.138030917,5.59741269,5.77388069,5.165970693,5.514146131,5.26236637,5.387396313,4.956364792,5.697726548,5.636153446,5.612704295,6.20417537,4.712890204,4.930265965,5.154167436,,
BGR,TM.VAL.FUEL.ZS.UN,,,,,,,,,,,,,,,,,,,,,,,,,,,,,,,,,36.01434265,,,,33.81666143,30.48352792,21.84545903,20.01077274,4.653403144,5.058369461,3.423006829,3.967995573,3.975707204,5.390915703,5.313452778,19.71749819,21.86065148,20.17735601,22.20835504,23.04091923,24.84640922,23.04718159,19.29835741,14.97447545,12.02956298,
BGR,TM.VAL.FOOD.ZS.UN,,,,,,,,,,,,,,,,,,,,,,,,,,,,,,,,,7.709342089,,,,7.622623295,8.504640789,7.478958026,5.978199179,5.214190582,5.39156114,5.839821387,5.362887812,5.397456453,4.662527263,4.641035824,5.767625868,6.835890071,9.998013685,9.561565382,9.284819159,8.859618798,9.088603308,8.892344778,9.692580385,10.26743507,
BGR,TM.VAL.AGRI.ZS.UN,,,,,,,,,,,,,,,,,,,,,,,,,,,,,,,,,2.810605724,,,,2.640965209,2.845936896,2.255597221,1.405636213,1.348312703,1.346978976,1.31628876,1.568468589,1.401292255,1.35120709,1.195004432,1.100280892,1.010280271,0.967326448,1.058395179,1.11614146,1.018664939,1.055479668,1.103117253,1.092894162,1.243867246,
BGR,TM.TAX.TCOM.WM.FN.ZS,,,,,,,,,,,,,,,,,,,,,,,,,,,,,3.47,3.32,4.21,4.57,5.03,5.2,5,9.94,7.69,7.39,6.38,4.12,1.79,2.12,2.06,1.99,1.84,1.62,1.53,1.58,1.32,1.67,1.48,1.35,1.26,1.34,1.32,1.47,1.89,
BGR,TM.TAX.TCOM.WM.AR.ZS,,,,,,,,,,,,,,,,,,,,,,,,,,,,,2.73,2.71,3.7,3.73,4.06,3.62,3.54,8.79,6.23,5.58,4.8,3.31,0.91,1.64,1.04,0.99,0.73,0.75,0.59,0.61,0.46,0.58,0.57,0.46,0.43,0.43,0.69,0.75,0.89,
BGR,TM.TAX.TCOM.SR.ZS,,,,,,,,,,,,,,,,,,,,,,,,,,,,,26.98232,25.49622,16.93116,15.96301,17.05738,16.6389,17.45752,25.51019,37.6087,36.77582,29.85218,40.8425,25.88154,26.80114,34.38274,31.54522,23.56445,21.33408,26.23838,25.48423,22.15982,22.32976,25.77638,25.71524,27.78579,26.80639,26.38892,26.24227,25.36446,
BGR,TM.TAX.TCOM.SM.FN.ZS,,,,,,,,,,,,,,,,,,,,,,,,,,,,,6.9,7,7.77,7.68,7.8,7.66,7.88,17.5,13.59,13.62,11.49,7.77,4.61,4.73,4.72,4.71,4.79,4.74,4.73,4.93,4.84,4.89,4.99,4.99,5.69,5.6,5.57,5.58,5.69,
BGR,TM.TAX.TCOM.SM.AR.ZS,,,,,,,,,,,,,,,,,,,,,,,,,,,,,5.87,6.23,7.38,7.18,7.44,6.31,6.34,12.97,9.73,9.31,7.96,6.21,2.97,3.98,2.58,2.54,2.62,2.6,2.42,2.42,2.26,2.42,2.44,2.12,2.22,2.18,2.58,2.5,2.43,
BGR,TM.TAX.TCOM.IP.ZS,,,,,,,,,,,,,,,,,,,,,,,,,,,,,15.13533,15.71462,20.69455,20.98832,20.60003,17.09331,17.62777,25.71892,30.76033,27.75367,21.33961,12.61151,6.08252,8.246401,4.836339,5.639287,5.909031,6.375638,4.975795,5.722136,5.317493,5.372413,6.383808,4.774599,4.4329,5.255677,7.86377,7.197316,6.987795,
BGR,TM.TAX.TCOM.BR.ZS,,,,,,,,,,,,,,,,,,,,,,,,,,,,,,,,,,,,10.36,11.62,10.59,10.46,10.89,4.59,4.59,4.79,4.79,4.79,4.79,4.79,5,5,5,5,5,5.75,5.75,5.75,5.75,5.75,
BGR,TM.TAX.TCOM.BC.ZS,,,,,,,,,,,,,,,,,,,,,,,,,,,,,,,,,,,,100,100,100,100,100,100,100,100,100,100,100,100,100,100,100,100,100,100,100,100,100,100,
BGR,TM.TAX.MRCH.WM.FN.ZS,,,,,,,,,,,,,,,,,,,,,,,,,,,,,4.73,4.73,6.22,5.92,6.33,6.3,6.14,7.36,5.75,5.79,4.6,3.63,2.68,2.88,2.99,2.97,2.84,2.69,2.63,2.59,2.4,2.63,2.48,2.43,2.3,2.43,2.41,2.56,2.77,
BGR,TM.TAX.MRCH.WM.AR.ZS,,,,,,,,,,,,,,,,,,,,,,,,,,,,,3.59,3.77,5.05,4.74,4.46,4.12,4.44,6.27,4.01,3.62,3.29,3.13,1.67,2.32,1.75,1.66,1.47,1.66,1.62,1.58,1.15,1.26,1.58,1.08,1.02,1.04,1.51,1.57,1.6,
BGR,TM.TAX.MRCH.SR.ZS,,,,,,,,,,,,,,,,,,,,,,,,,,,,,12.71628,17.69554,5.047931,4.237892,4.532078,4.407461,4.565684,6.798499,11.85437,11.2955,8.700487,13.95402,7.199114,7.468193,11.60093,10.91687,6.791642,5.60961,7.145239,6.821628,5.661909,5.766441,7.144056,7.083234,7.426126,7.337349,7.283516,7.243509,6.791332,
BGR,TM.TAX.MRCH.SM.FN.ZS,,,,,,,,,,,,,,,,,,,,,,,,,,,,,6.24,6.26,8.35,7.15,7.25,7.18,7.19,8.99,7.34,7.5,6.48,5.29,4.4,4.47,4.62,4.41,4.22,4.2,4.18,4.06,4.05,4.05,4.22,4.23,4.42,4.4,4.39,4.39,4.38,
BGR,TM.TAX.MRCH.SM.AR.ZS,,,,,,,,,,,,,,,,,,,,,,,,,,,,,3.14,3.49,6.12,4.82,4.03,3.68,4.35,5.72,3.9,3.31,3.68,3.97,2.3,3.08,1.81,1.74,1.79,1.76,1.79,1.7,1.6,1.62,1.89,1.54,1.57,1.55,2.1,2.06,1.92,
BGR,TM.TAX.MRCH.IP.ZS,,,,,,,,,,,,,,,,,,,,,,,,,,,,,4.209674,4.33863,11.47864,6.273315,6.249241,5.056185,5.131768,7.355046,9.712525,8.587495,6.32093,4.390583,1.821503,2.453426,2.075775,2.157062,1.797052,1.772612,1.452121,1.632861,1.432872,1.457772,1.873789,1.386644,1.248809,1.496119,2.269145,2.102112,1.970677,
BGR,TM.TAX.MRCH.BR.ZS,,,,,,,,,,,,,,,,,,,,,,,,,,,,,,,,,,,,5.47,5.73,5.5,5.47,5.56,4.11,4.11,4.17,4.17,4.17,4.17,4.17,4.18,4.18,4.18,4.18,4.18,4.38,4.38,4.38,4.38,4.38,
BGR,TM.TAX.MRCH.BC.ZS,,,,,,,,,,,,,,,,,,,,,,,,,,,,,,,,,,,,100,100,100,100,100,100,100,100,100,100,100,100,100,100,100,100,100,100,100,100,100,100,
BGR,TM.TAX.MANF.WM.FN.ZS,,,,,,,,,,,,,,,,,,,,,,,,,,,,,5.84,5.8,7.6,6.79,7.15,7.01,6.82,6.4,5.03,5.23,4.1,3.5,3.09,3.24,3.43,3.44,3.32,3.27,3.3,3.18,3.16,3.18,3.15,3.22,3.19,3.24,3.24,3.3,3.22,
BGR,TM.TAX.MANF.WM.AR.ZS,,,,,,,,,,,,,,,,,,,,,,,,,,,,,4.32,4.57,5.99,5.39,4.78,4.47,4.96,5.3,3.14,2.87,2.86,3.1,2,2.64,2.07,1.98,1.82,2.15,2.24,2.15,1.63,1.65,2.24,1.54,1.51,1.48,2.12,2.11,1.95,
BGR,TM.TAX.MANF.SR.ZS,,,,,,,,,,,,,,,,,,,,,,,,,,,,,7.791177,15.07648,0.8980715,0.1205882,0.2357272,0.3275069,0.144989,0.7623338,0.3152843,0.1578368,0.2622062,0.7419519,0.1576275,0.2596901,0.188365,0.1791334,0.1891851,0.176629,0.1733945,0.1875017,0.1686227,0.1750877,0.197045,0.1749071,0.178014,0.1795815,0.2657372,0.2685423,0.2649594,
BGR,TM.TAX.MANF.SM.FN.ZS,,,,,,,,,,,,,,,,,,,,,,,,,,,,,6.07,6.06,8.53,7.02,7.12,7.07,7.02,6.57,5.56,5.77,5.05,4.59,4.36,4.42,4.61,4.35,4.09,4.08,4.06,3.85,3.86,3.85,4.04,4.04,4.05,4.05,4.05,4.05,4,
BGR,TM.TAX.MANF.SM.AR.ZS,,,,,,,,,,,,,,,,,,,,,,,,,,,,,2.55,2.84,5.86,4.33,3.3,3.15,3.96,4.23,2.72,2.11,2.84,3.52,2.18,2.92,1.67,1.59,1.64,1.61,1.67,1.56,1.47,1.47,1.78,1.43,1.44,1.43,2.01,1.98,1.82,
BGR,TM.TAX.MANF.IP.ZS,,,,,,,,,,,,,,,,,,,,,,,,,,,,,0.4065226,0.4008741,8.29889,1.111032,1.331585,1.044082,0.8497304,1.446893,0.2822267,0.2100069,0.3297073,0.3513515,0.215942,0.2939601,0.6945961,0.3452651,0.1787276,0.1825088,0.165714,0.1794945,0.13961,0.1364979,0.1925616,0.1306828,0.1154572,0.11408,0.2143994,0.2318268,0.207973,
BGR,TM.TAX.MANF.BR.ZS,,,,,,,,,,,,,,,,,,,,,,,,,,,,,,,,,,,,4.1,4.09,4.08,4.08,4.08,3.99,3.99,4.03,4.03,4.03,4.03,4.03,3.98,3.98,3.98,3.98,3.98,3.98,3.98,3.98,3.98,3.98,
BGR,TM.TAX.MANF.BC.ZS,,,,,,,,,,,,,,,,,,,,,,,,,,,,,,,,,,,,100,100,100,100,100,100,100,100,100,100,100,100,100,100,100,100,100,100,100,100,100,100,
BGR,TM.QTY.MRCH.XD.WD,,,,,,,,,,,,,,,,,,,,,,,,,,,,,,,,,,,,,,,,,100,115.9090909,123.4848485,144.9494949,155.0505051,159.5959596,183.5858586,251.2626263,320.4545455,244.6969697,252.5252525,276.7676768,291.6666667,308.0808081,320.2020202,341.6666667,353.7878788,
BGR,TG.VAL.TOTL.GD.ZS,,,,,,,,,,,,,,,,,,,,,101.1127913,108.2033216,118.8088098,147.4914975,145.3826699,157.0349099,144.8939397,113.910537,150.692005,142.80228,49.09827145,68.99042004,75.0687251,78.30311141,88.58028919,84.31940328,98.57158585,88.15939368,63.21520022,70.08151728,86.66915589,87.70129786,83.65760639,87.37704579,93.45173307,100.269393,111.7458582,108.2960377,108.9344759,76.81865694,91.17358444,105.8724836,110.191272,114.5685917,112.781516,108.795239,103.0092088,
BGR,ST.INT.XPND.MP.ZS,,,,,,,,,,,,,,,,,,,,,,,,,,,,,,,,,,,,4.798597333,5.278641674,8.308758133,10.91942085,11.38461776,9.961158455,9.7485003,11.63127336,12.13802787,11.49167111,9.01582061,8.00073545,6.077764741,6.336073384,7.190749625,3.620356429,3.139304805,3.172178375,3.690286517,3.924549659,4.25976058,5.174045268,
BGR,ST.INT.XPND.CD,,,,,,,,,,,,,,,,,,,,,,,,,,,,,,,,,,,,312000000,314000000,355000000,654000000,747000000,764000000,836000000,1018000000,1467000000,1935000000,1858000000,2099000000,2142000000,2602000000,1955000000,975000000,1063000000,1096000000,1342000000,1459000000,1346000000,1636000000,
BGR,ST.INT.TVLX.CD,,,,,,,,,,,,,,,,,,,,,,,,,,,,,,,,,,,,195000000,199000000,222000000,519000000,526000000,538000000,589000000,717000000,1033000000,1363000000,1309000000,1478000000,1880000000,2311000000,1755000000,826000000,904000000,923000000,1113000000,1202000000,1116000000,1361000000,
BGR,ST.INT.TVLR.CD,,,,,,,,,,,,,,,,,,,,,,,,,,,,,,,,,,,,473000000,388000000,369000000,966000000,932000000,1074000000,994000000,1096000000,1621000000,2202000000,2412000000,2612000000,3713000000,4306000000,3776000000,3343000000,3764000000,3462000000,3829000000,3927000000,3154000000,3653000000,
BGR,ST.INT.TRNX.CD,,,,,,,,,,,,,,,,,,,,,,,,,,,,,,,,,,,,117000000,115000000,133000000,135000000,221000000,226000000,247000000,301000000,434000000,572000000,549000000,621000000,262000000,291000000,200000000,149000000,159000000,173000000,229000000,257000000,230000000,275000000,
BGR,ST.INT.TRNR.CD,,,,,,,,,,,,,,,,,,,,,,,,,,,,,,,,,,,,189000000,153000000,148000000,184000000,252000000,290000000,268000000,296000000,430000000,594000000,651000000,705000000,468000000,546000000,497000000,464000000,533000000,513000000,581000000,591000000,429000000,511000000,
BGR,ST.INT.RCPT.XP.ZS,,,,,,,,,,,,,,,,,,,,,,,,,,,,,,,,,,,,9.769198985,8.647421758,10.72769904,19.22656313,20.43220055,19.4862686,17.41229815,18.45575246,20.46012158,20.05546654,18.95627838,16.26719104,15.89852061,15.93630647,18.36670725,15.04511757,12.62668188,12.16930488,12.25675483,12.26035923,11.18273932,12.25591913,
BGR,ST.INT.RCPT.CD,,,,,,,,,,,,,,,,,,,,,,,,,,,,,,,,,,,,662000000,541000000,517000000,1150000000,1184000000,1364000000,1262000000,1392000000,2051000000,2796000000,3063000000,3317000000,4181000000,4852000000,4273000000,3807000000,4297000000,3975000000,4410000000,4518000000,3583000000,4164000000,
BGR,ST.INT.DPRT,,,,,,,,,,,,,,,,,,,,,,,,,,,,,,,,,,,,3524000,3006000,3059000,2592000,2376000,2337000,2730000,3188000,3403000,3882000,4235000,4180000,4515000,5727000,4993000,3676000,3803000,3758000,3930000,4158000,4632000,5392000,
BGR,ST.INT.ARVL,,,,,,,,,,,,,,,,,,,,,,,,,,,,,,,,,,,,3466000,2795000,2980000,2667000,2472000,2785000,3186000,3433000,4048000,4630000,4837000,5158000,5151000,5780000,5739000,6047000,6328000,6541000,6898000,7311000,7099000,8252000,
BGR,NY.EXP.CAPM.KN,,,,,,,,,,,,,,,,,,,,,1.11397E+11,1.0626E+11,1.0467E+11,1.07471E+11,1.22848E+11,1.28724E+11,1.22873E+11,1.37459E+11,1.24798E+11,1.05409E+11,30072663268,12520312258,12105075092,12392862965,12739314301,16851338023,20772675007,21386919601,18586934596,16370074057,14279505732,14543451683,15834997749,17407192160,22381844566,24216416529,27674556259,34041054029,37055973061,33477352469,37519434000,43868739205,43726558355,47692056173,49749456353,53341242030,59611462827,
BGR,NE.TRD.GNFS.ZS,,,,,,,,,,,,,,,,,,,,,66.39641735,70.1610468,67.49939682,74.08786299,78.37731166,85.99736772,83.50356439,83.40765316,91.46175131,94.57897077,69.84706085,82.68238762,100.0498008,84.04148545,90.72012938,101.8271665,104.3680076,87.39324111,79.15009601,90.95776967,78.32361937,79.35049015,75.46514112,79.2771073,93.28954514,99.87344245,111.2914142,122.6138492,124.8448579,92.94110232,103.2073848,117.7619669,124.7763246,129.7148424,130.9679086,128.0666373,123.6439219,
BGR,NE.RSB.GNFS.ZS,,,,,,,,,,,,,,,,,,,,,5.019192742,1.115824286,1.066418502,0.208622621,1.885011162,-0.407113909,-3.436285361,-1.8370548,-0.330420314,-1.737781461,-3.608676686,4.274134119,-5.826693227,-7.62796922,-0.625,2.01489528,13.58804713,12.82504434,7.024290071,-4.62022856,-5.347447085,-9.350446439,-7.995720479,-10.21390661,-11.17765374,-14.67848206,-17.12925291,-18.6825066,-19.75812271,-8.277078175,-2.849482542,0.376161325,-3.172703588,-0.409783423,-0.943094847,0.147735176,4.313507185,
BGR,NE.RSB.GNFS.CD,,,,,,,,,,,,,,,,,,,,,995769230.8,221714285.7,206266666.7,34555555.56,331666666.7,-69842105.26,-695823529.4,-516230769.2,-74529411.76,-382111111.1,-744545454.5,467741935.5,-603092783.5,-826086956.5,-60608856.09,263214285.7,1373670601,1435844581,1027722109,-623502748,-703087646.6,-1321722433,-1308127588,-2152557858,-2916766555,-4377367385,-5876095684,-8363361092,-10750224349,-4294519087,-1442124002,215985780.3,-1710183311,-228490092.3,-535036630,74161754.7,2296419886,
BGR,NE.IMP.GNFS.ZS,,,,,,,,,,,,,,,,,,,,,30.68861231,34.52261126,33.21648916,36.93962019,38.24615025,43.20224081,43.46992488,42.62235398,45.89608581,48.15837612,36.72786877,39.20412675,52.93824701,45.83472733,45.67256469,49.90613559,45.38998022,37.28409839,36.06290297,47.78899911,41.83553323,44.3504683,41.7304308,44.74550695,52.23359944,57.27596225,64.21033354,70.64817788,72.30149033,50.60909025,53.02843365,58.6929028,63.97451407,65.06231294,65.95550171,63.95945107,59.66520734,
BGR,NE.IMP.GNFS.KD.ZG,,,,,,,,,,,,,,,,,,,,,,7.515258394,-1.475649854,5.376759427,9.554337839,10.99342467,2.671490272,7.667552341,-12.49393805,-13.00483633,-69.50361749,-66.14780019,20.48551407,9.299077068,-13.1231584,25.40501121,-1.300000225,-0.461124128,-2.23906595,16.49000051,-9.65616945,12.56152994,6.291002232,15.15095965,26.24329429,14.3480053,15.91531158,22.61631296,10.17933449,-21.50840454,-0.932141688,9.935296893,5.549244385,4.316796874,5.160610605,5.443062997,4.461026079,
BGR,NE.IMP.GNFS.KD,,,,,,,,,,,,,,,,,,,,,64801962502,69671997428,68643882699,72334699134,79245800663,87957628063,90307407540,97231775281,85083697509,74018701909,22573026465,7641466021,9206859618,10063012590,8742427508,10963442196,10820917422,10771019561,10529849330,12266221538,11081774401,12473814810,13258542778,15267339245,19273992013,22039425410,25547068634,31324873629,34513537295,27090226073,26837706782,29504112630,31141367944,32485677542,34162136862,36021603493,37628536618,
BGR,NE.IMP.GNFS.CD,,,,,,,,,,,,,,,,,,,,,6088384615,6859642857,6424733333,6118555556,6729388889,7411526316,8802352941,11977307692,10352294118,10589277778,7577727273,4290322581,5479381443,4963768116,4429059041,6519449405,4588656549,4174189904,5276354238,6449155466,5500577403,6269113379,6827243139,9430015005,13630160625,17080644178,22027000577,31626174948,39338618008,26258264022,26837706782,33700520441,34484200394,36277928882,37417879528,32107080027,31764492959,
BGR,NE.EXP.GNFS.ZS,,,,,,,,,,,,,,,,,,,,,35.70780505,35.63843555,34.28290766,37.14824281,40.13116141,42.7951269,40.03363952,40.78529918,45.5656655,46.42059466,33.11919208,43.47826087,47.11155378,38.20675811,45.04756469,51.92103087,58.97802735,50.10914273,43.08719304,43.16877055,36.48808614,35.00002186,33.73471032,34.53160034,41.0559457,42.59748019,47.08108063,51.96567128,52.54336762,42.33201207,50.17895111,59.06906412,60.80181048,64.65252951,65.01240687,64.10718625,63.97871452,
BGR,NE.EXP.GNFS.KD.ZG,,,,,,,,,,,,,,,,,,,,,,5.904975169,-2.006335121,6.421787769,9.25301474,12.58067347,0.656089787,10.28858339,-12.74791076,-14.03202115,-71.35485564,-45.51985479,5.702078895,2.396894836,2.768353348,22.76424038,30.00000014,7.092845846,-17.36830935,-17.71999994,-17.16072619,1.214921562,8.857678364,6.462505314,24.50790297,9.086313925,7.663174394,19.62264126,8.147722009,-11.71545931,11.04629564,12.5760879,2.035881936,9.641488869,3.124969777,5.736818799,8.106741159,
BGR,NE.EXP.GNFS.KD,,,,,,,,,,,,,,,,,,,,,61759929268,65406837756,64094557398,68210573846,74522108298,83897491404,84447934276,93136430418,81263481386,69860572492,20011661838,10902382429,11524044876,11800264113,12126937119,14887542236,19353804928,20726540477,17126690808,14091841208,11673578922,11815403750,12861974211,13693179978,17049091241,18598225193,20023439624,23952567348,25904155950,22869365101,25395582781,28589353594,29171399079,31983956275,32983445242,34875645729,37702924056,
BGR,NE.EXP.GNFS.CD,,,,,,,,,,,,,,,,,,,,,7084153846,7081357143,6631000000,6153111111,7061055556,7341684211,8106529412,11461076923,10277764706,10207166667,6833181818,4758064516,4876288660,4137681159,4368450185,6782663690,5962327150,5610034485,6304076346,5825652718,4797489757,4947390946,5519115551,7277457148,10713394070,12703276793,16150904893,23262813856,28588393658,21963744935,25395582781,33916506221,32774017083,36049438789,36882842898,32181241782,34060912844,
BGR,MS.MIL.XPRT.KD,,,,,,,,,,,,,,,,,,,,,,,,4000000,,,106000000,,,5000000,6000000,42000000,16000000,28000000,55000000,1000000,21000000,6000000,39000000,167000000,2000000,10000000,32000000,44000000,19000000,86000000,5000000,9000000,4000000,16000000,4000000,2000000,7000000,21000000,8000000,66000000,4000000,
BGR,MS.MIL.MPRT.KD,474000000,523000000,494000000,538000000,326000000,372000000,218000000,329000000,250000000,532000000,765000000,395000000,465000000,290000000,305000000,394000000,375000000,492000000,885000000,322000000,574000000,961000000,575000000,728000000,910000000,598000000,918000000,435000000,243000000,334000000,759000000,340000000,41000000,1000000,1000000,1000000,122000000,,,7000000,,,,2000000,12000000,132000000,22000000,48000000,116000000,119000000,8000000,29000000,5000000,,,3000000,,
BGR,LP.LPI.TRAC.XQ,,,,,,,,,,,,,,,,,,,,,,,,,,,,,,,,,,,,,,,,,,,,,,,,3.14,,,2.96,,3.16,,2.875,,2.719474,
BGR,LP.LPI.TIME.XQ,,,,,,,,,,,,,,,,,,,,,,,,,,,,,,,,,,,,,,,,,,,,,,,,3.56,,,3.18,,3.56,,4.037054,,3.309184,
BGR,LP.LPI.OVRL.XQ,,,,,,,,,,,,,,,,,,,,,,,,,,,,,,,,,,,,,,,,,,,,,,,,2.87,,,2.83,,3.21,,3.157151,,2.807685,
BGR,LP.LPI.LOGS.XQ,,,,,,,,,,,,,,,,,,,,,,,,,,,,,,,,,,,,,,,,,,,,,,,,2.86,,,2.85,,3.1,,3,,3.057436,
BGR,LP.LPI.ITRN.XQ,,,,,,,,,,,,,,,,,,,,,,,,,,,,,,,,,,,,,,,,,,,,,,,,2.79,,,3.07,,3.25,,3.3125,,2.93,
BGR,LP.LPI.INFR.XQ,,,,,,,,,,,,,,,,,,,,,,,,,,,,,,,,,,,,,,,,,,,,,,,,2.47,,,2.3,,3.2,,2.9375,,2.351053,
BGR,LP.LPI.CUST.XQ,,,,,,,,,,,,,,,,,,,,,,,,,,,,,,,,,,,,,,,,,,,,,,,,2.47,,,2.5,,2.97,,2.75,,2.4,
BGR,LP.IMP.DURS.MD,,,,,,,,,,,,,,,,,,,,,,,,,,,,,,,,,,,,,,,,,,,,,,,,1,,,3.87,,2,,1,,2,
BGR,LP.EXP.DURS.MD,,,,,,,,,,,,,,,,,,,,,,,,,,,,,,,,,,,,,,,,,,,,,,,,1,,,2,,2,,1,,1,
BGR,IC.IMP.TMDC,,,,,,,,,,,,,,,,,,,,,,,,,,,,,,,,,,,,,,,,,,,,,,,,,,,,,,,1,1,1,
BGR,IC.IMP.TMBC,,,,,,,,,,,,,,,,,,,,,,,,,,,,,,,,,,,,,,,,,,,,,,,,,,,,,,,1,1,1,
BGR,IC.IMP.DURS,,,,,,,,,,,,,,,,,,,,,,,,,,,,,,,,,,,,,,,,,,,,,,22,22,18,18,18,18,17,17,17,17,,,
BGR,IC.IMP.DOCS,,,,,,,,,,,,,,,,,,,,,,,,,,,,,,,,,,,,,,,,,,,,,,8,8,5,5,5,5,5,5,5,5,,,
BGR,IC.IMP.CSDC.CD,,,,,,,,,,,,,,,,,,,,,,,,,,,,,,,,,,,,,,,,,,,,,,,,,,,,,,,0,0,0,0
BGR,IC.IMP.CSBC.CD,,,,,,,,,,,,,,,,,,,,,,,,,,,,,,,,,,,,,,,,,,,,,,,,,,,,,,,0,0,0,0
BGR,IC.IMP.COST.CD,,,,,,,,,,,,,,,,,,,,,,,,,,,,,,,,,,,,,,,,,,,,,,1121,1121,1297,1696,1586,1586,1586,1546,1365,1365,,,
BGR,IC.EXP.TMDC,,,,,,,,,,,,,,,,,,,,,,,,,,,,,,,,,,,,,,,,,,,,,,,,,,,,,,,2,2,2,
BGR,IC.EXP.TMBC,,,,,,,,,,,,,,,,,,,,,,,,,,,,,,,,,,,,,,,,,,,,,,,,,,,,,,,4,4,4,
BGR,IC.EXP.DURS,,,,,,,,,,,,,,,,,,,,,,,,,,,,,,,,,,,,,,,,,,,,,,24,24,21,21,21,21,19,19,19,18,,,
BGR,IC.EXP.DOCS,,,,,,,,,,,,,,,,,,,,,,,,,,,,,,,,,,,,,,,,,,,,,,6,6,4,4,4,4,4,4,4,4,,,
BGR,IC.EXP.CSDC.CD,,,,,,,,,,,,,,,,,,,,,,,,,,,,,,,,,,,,,,,,,,,,,,,,,,,,,,,52,52,52,52
BGR,IC.EXP.CSBC.CD,,,,,,,,,,,,,,,,,,,,,,,,,,,,,,,,,,,,,,,,,,,,,,,,,,,,,,,52,52,55,55
BGR,IC.EXP.COST.CD,,,,,,,,,,,,,,,,,,,,,,,,,,,,,,,,,,,,,,,,,,,,,,1208,1208,1304,1601,1526,1526,1526,1526,1375,1375,,,
BGR,IC.CUS.DURS.EX,,,,,,,,,,,,,,,,,,,,,,,,,,,,,,,,,,,,,,,,,,,6.9,,,2.1,,2.6,,4.2,,,,2.3,,,,
BGR,GC.TAX.IMPT.ZS,,,,,,,,,,,,,,,,,,,,,,,,,,,,,,,3.595858754,3.418352196,10.35590124,17.03390949,11.14196646,13.23955369,12.31904153,12.48720559,10.31720471,6.274213864,4.7738101,3.824141926,3.807028132,3.332356885,3.509528311,4.034258368,4.165508515,0.017201484,0.015635401,0.019414401,0.023347379,0.019579751,0.105493966,0.069312516,0.091753369,0.085571359,,
BGR,GC.TAX.EXPT.ZS,,,,,,,,,,,,,,,,,,,,,,,,,,,,,,,,,,,,0.460372774,0.428654,0.434370344,0.058791495,0.001608148,0.002065871,0.000282418,0.00038381,,,,,,,,,,,,,,,
BGR,EG.IMP.CONS.ZS,,,,,,,,,,,,69.9777918,71.15855779,73.30283936,75.89262764,73.59235087,73.88949019,74.76454066,75.24369025,74.07037147,72.74581903,69.88165833,68.29851507,67.97995891,67.24258612,68.90046203,68.05547082,67.18308341,66.48414249,66.66257079,65.93959377,61.22515794,56.92079017,57.72537566,55.71647054,55.42637725,53.47205011,50.9627596,49.29183812,50.10342552,46.84052144,46.58430532,43.87409365,47.39951923,45.46866218,46.48048214,46.05108552,50.42872314,48.2920066,43.7872349,40.74864322,35.66361962,35.8672955,37.14267985,36.55077772,,,
BGR,BX.GSR.TRVL.ZS,,,,,,,,,,,,,,,,,,,,,28.73658134,26.40186916,33.47141674,39.18791313,31.42183818,39.06399236,39.03966597,42.6597582,40.80944351,40.47424366,38.23178017,10.92773193,20.04110997,26.24434389,28.76919405,33.01662708,28.43338214,25.266977,54.04881114,52.09675372,49.38516117,46.36809328,50.06398524,54.83699851,54.77223706,55.22340406,49.87349627,54.88230882,54.21525244,54.83998703,50.94028529,50.42207405,46.77387535,49.03236134,43.83055528,40.77314036,43.37822338,
BGR,BX.GSR.TRAN.ZS,,,,,,,,,,,,,,,,,,,,,36.26754748,40.58411215,37.65534383,35.43909348,27.36056559,28.71060172,29.59290188,28.44559585,31.64418212,27.66966476,27.52688172,49.86246562,47.46332804,36.88209682,29.89100167,34.5116669,32.1522694,30.72289157,25.28737268,29.17310124,29.04895794,29.97027785,28.21654582,26.32686998,25.48127972,27.46665612,30.47264542,23.59937279,22.70758505,20.75239635,19.737991,20.79945554,19.87873825,21.14141919,23.67118321,22.1508243,22.39404611,
BGR,BX.GSR.TOTL.CD,,,,,,,,,,,,,,,,,,,,,9443000000,9518000000,9261000000,10049000000,11117000000,11520000000,9958000000,11570000000,10551000000,9618000000,7070000000,4192500000,5151800000,4990400000,5276600000,6926100000,6437200000,5030100000,6287575957,6060126535,7320635450,7953381427,8466750262,11322108578,15480668738,17673875416,21972412182,27487439319,31897081760,24384475267,26143690000,34901600000,33592910000,37139440000,38087610000,33118700000,35207710000,
BGR,BX.GSR.NFSV.CD,,,,,,,,,,,,,,,,,,,,,1211000000,1284000000,1207000000,1059000000,1273000000,1047000000,958000000,1158000000,1186000000,1223000000,837000000,399900000,1070300000,1171300000,1256900000,1431400000,1366000000,1460800000,1787809215,1788407576,2175171700,2142725252,2189892523,2955221161,4019949221,4367284984,5236689664,6764550199,7942552536,6884922077,6562370000,7464330000,7400520000,7808700000,8958910000,7734430000,8422060000,
BGR,BX.GSR.MRCH.CD,,,,,,,,,,,,,,,,,,,,,8091000000,8052000000,7894000000,8829000000,9671000000,10313000000,8862000000,10297000000,9283000000,8268000000,6113000000,3737000000,3956400000,3726500000,3935100000,5345000000,4890200000,3358500000,4193499000,4006367182,4824629175,5105025672,5352471319,7069157199,9921386893,11790949973,15154046460,19533494152,22503649095,16379999294,18741520000,26566780000,25263630000,28171460000,27891560000,24306020000,25553360000,
BGR,BX.GSR.INSF.ZS,,,,,,,,,,,,,,,,,,,,,4.029727498,4.509345794,4.183927092,3.937677054,3.040062844,3.190066858,3.288100209,3.160621762,3.516020236,3.074407195,3.058542413,,,,,,,6.763417306,2.424654876,1.459593957,1.389695171,2.118819158,1.269463868,1.21990976,1.643799631,1.106082058,1.375987995,1.263519244,1.333531629,2.513113249,2.080041205,2.89228906,2.671839276,3.006262246,4.062324546,3.803253763,2.93241796,
BGR,BX.GSR.GNFS.CD,,,,,,,,,,,,,,,,,,,,,9302000000,9336000000,9101000000,9888000000,10944000000,11360000000,9820000000,11455000000,10469000000,9491000000,6950000000,4136900000,5026700000,4897800000,5192000000,6776400000,6256200000,4819300000,5981308215,5794774758,6999800875,7247750924,7542363841,10024378359,13941336114,16158234957,20390736124,26298044351,30446201631,23264921371,25303890000,34031110000,32664150000,35980160000,36850470000,32040450000,33975420000,
BGR,BX.GSR.CMCP.ZS,,,,,,,,,,,,,,,,,,,,,30.96614368,28.5046729,24.68931234,21.43531634,38.17753339,29.03533906,28.07933194,25.73402418,24.03035413,28.78168438,31.1827957,39.20980245,32.49556199,36.87355929,41.33980428,32.47170602,39.41434846,37.24671413,18.23916131,17.27055108,20.17618572,21.5428097,20.45000507,17.61622174,18.10268359,16.20385776,18.27787031,20.25479915,21.74363088,21.89450337,27.24137773,25.88604737,30.67581737,26.82008529,28.43582534,33.27187653,31.29495634,
BGR,BX.GSR.CCIS.ZS,,,,,,,,,,,,,,,,,,,,,,,,,,,,,,,,,,,,,,19.43455641,12.87687235,13.68730274,14.55181593,14.88507994,14.17914028,12.19519231,12.69344448,12.4814938,13.73838258,14.70732872,17.45874854,14.78464352,16.05624188,18.69075992,20.99568679,19.18974989,21.14509466,25.67713458,24.81435658,
BGR,BX.GSR.CCIS.CD,,,,,,,,,,,,,,,,,,,,,,,,,,,,,,,,,,,,,,283900000,230213910.6,244784759.2,316526981.9,318946366.7,310507932.8,360394903.8,510270022.5,545102404.7,719436460.6,994884634.1,1386670275,1017911185,1053670000,1395140000,1553790000,1498470000,1894370000,1985980000,2089880000,
BGR,BN.GSR.MRCH.CD,,,,,,,,,,,,,,,,,,,,,646000000,-308000000,-290000000,-406000000,-178000000,-505000000,-1183000000,-1011000000,-606000000,-692000000,-1314000000,-32000000,-212300000,-885400000,-16800000,121000000,187600000,299400000,772126000,-1081016415,-1175522495,-1588376270,-1660113498,-2588130590,-3697758588,-5413445525,-6975469040,-10507456869,-12605078320,-5773280873,-4779090000,-3726580000,-5143980000,-3898490000,-3686290000,-2900170000,-1086110000,
BGR,BN.GSR.GNFS.CD,,,,,,,,,,,,,,,,,,,,,1308000000,293000000,287000000,55000000,514000000,-112000000,-856000000,-514000000,-76000000,-254000000,-1077000000,-117900000,-307200000,-943400000,-6000000,274500000,307700000,546700000,-8020423.356,-766710358.9,-669989777.2,-1327927122,-1209902300,-2061604765,-2896945991,-4449983422,-5844352050,-8945175667,-10620241928,-3922786474,-1627160000,170110000,-1886240000,-385580000,-325770000,442430000,2356060000,
BGR,BM.GSR.TRVL.ZS,,,,,,,,,,,,,,,,,,,,,8.561020036,6.149341142,6.19047619,6.688963211,7.573149742,7.339449541,7.923930269,10.4387292,11.2804878,14.39490446,31.5,26.32770688,26.87950566,20.89807207,19.5570179,15.26723531,15.94028413,18.26122785,20.21957068,35.70885882,32.22099211,31.27713577,41.21792536,42.53918196,42.34902777,38.45326131,35.98779199,36.13234409,38.78774186,34.86209743,24.22663484,25.35254299,22.28055692,25.91583853,21.47639138,25.41577107,27.32886203,
BGR,BM.GSR.TRAN.ZS,,,,,,,,,,,,,,,,,,,,,51.31147541,59.56076135,58.28571429,55.53511706,54.52667814,52.98165138,50.91917591,51.33131619,53.23170732,40.24203822,40.5,43.88637299,43.76930999,41.0802896,37.36457748,41.54472181,39.01597239,41.66460651,20.62444107,44.01160111,43.89564016,43.28078922,30.37683084,30.82215258,33.76624085,32.28022533,32.13412233,23.71226453,24.6673292,22.37179366,27.29869048,31.13337912,33.20636484,32.53371324,36.61219853,28.14833874,33.30227515,
BGR,BM.GSR.TOTL.CD,,,,,,,,,,,,,,,,,,,,,8547000000,9486000000,9186000000,10122000000,10663000000,11729000000,10976000000,12398000000,11056000000,10464000000,8905000000,4338500000,5554600000,6126100000,5475100000,7083800000,6525700000,4840000000,6579499878,7012008935,8314040321,9256385697,9333156796,13039875488,18074204720,22034227129,28679869784,39908630585,45095815528,29965751820,29108010000,36960560000,36831180000,39619400000,40167370000,34943130000,34096260000,
BGR,BM.GSR.NFSV.CD,,,,,,,,,,,,,,,,,,,,,549000000,683000000,630000000,598000000,581000000,654000000,631000000,661000000,656000000,785000000,600000000,485800000,1165200000,1229300000,1246100000,1277900000,1245900000,1213500000,2567955639,1474101520,1669638981,1882276103,1739681325,2428695335,3219136624,3403822881,4105572674,5202268997,5957716144,5034427678,3410420000,3567650000,4142760000,4295790000,5598380000,4391840000,4979900000,
BGR,BM.GSR.MRCH.CD,,,,,,,,,,,,,,,,,,,,,7445000000,8360000000,8184000000,9235000000,9849000000,10818000000,10045000000,11308000000,9889000000,8960000000,7427000000,3769000000,4168700000,4611900000,3951900000,5224000000,4702600000,3059100000,3421373000,5087383597,6000151670,6693401942,7012584817,9657287789,13619145481,17204395498,22129515500,30040951021,35108727415,22153280167,23520630000,30293350000,30407630000,32069950000,31577860000,27206180000,26639460000,
BGR,BM.GSR.INSF.ZS,,,,,,,,,,,,,,,,,,,,,5.701275046,6.617862372,6.476190476,6.170568562,6.058519793,5.886850153,5.657686212,5.703479576,5.914634146,4.47133758,4.5,,,,,,,8.652657602,2.461599675,4.448269836,5.350166541,3.248302193,4.575985506,3.942430372,3.689793208,3.720778887,4.476577594,5.767988378,4.347010299,8.050155337,4.784454701,4.198842375,3.946644266,4.832871253,5.134878304,6.420998943,5.533042832,
BGR,BM.GSR.GNFS.CD,,,,,,,,,,,,,,,,,,,,,7994000000,9043000000,8814000000,9833000000,10430000000,11472000000,10676000000,11969000000,10545000000,9745000000,8027000000,4254800000,5333900000,5841200000,5198000000,6501900000,5948500000,4272600000,5989328639,6561485117,7669790652,8575678045,8752266142,12085983124,16838282105,20608218379,26235088174,35243220019,41066443559,27187707844,26931050000,33861000000,34550390000,36365740000,37176240000,31598020000,31619360000,
BGR,BM.GSR.CMCP.ZS,,,,,,,,,,,,,,,,,,,,,34.42622951,27.67203514,29.04761905,31.60535117,31.84165232,33.79204893,35.49920761,32.52647504,29.57317073,40.89171975,23.5,29.78592013,29.35118435,38.02163833,43.07840462,43.18804288,45.04374348,31.42150803,56.69438858,15.83127023,18.53320118,22.19377282,23.8292583,22.69623509,20.19493817,25.54573447,27.40150809,34.38740301,32.19791864,34.71595358,43.69139285,39.31495522,40.56715813,36.71734419,36.77617454,40.01489125,33.83561919,
BGR,BG.GSR.NFSV.GD.ZS,,,,,,,,,,,,,,,,,,,,,8.871311698,9.899345747,9.497466653,10.00382363,10.53711767,9.915233178,7.847187121,6.47307925,8.166362847,9.13206937,6.964878191,8.093352985,21.59795817,22.16679826,25.81099696,20.73958777,25.8363397,23.88699762,29.77084521,24.17557541,29.24233098,28.47463177,24.01889111,25.54673273,27.74167677,26.05860037,27.23338471,26.73209684,25.54767281,22.97286092,19.70516472,19.21332138,21.41490075,21.70868461,25.65974817,24.15634097,25.17372851,
