BLZ,TX.VAL.TRVL.ZS.WT,,,,,,,,,,,,,,,,,,,,,,,,,43.18181818,49.30875576,60.11131725,55,43.67588933,46.99093157,46.1305925,50.78299776,55.69972196,60.08658009,65.53779464,66.26890642,74.45489098,76.49569208,81.3810111,72.64219585,76.86694349,74.91797334,71.81850262,75.05699544,74.28121302,73.87081833,75.7771901,77.81240589,78.31437355,80.71646045,81.29355086,79.59053908,80.16184914,83.27119988,81.61795983,79.36644785,77.12439417,
BLZ,TX.VAL.TRAN.ZS.WT,,,,,,,,,,,,,,,,,,,,,,,,,29.54545455,26.7281106,21.15027829,25.42857143,20.05928854,22.17642209,17.6541717,12.75167785,13.06765524,10.82251082,9.488035487,5.29208918,4.952990598,5.193654884,5.630908344,6.415865474,7.862234935,8.422565555,10.81191592,11.39693885,12.24941261,10.43812999,8.353027488,8.15829419,7.068879912,5.318539049,6.108168876,7.096047813,6.022679297,5.475436687,5.298243948,5.344779845,5.521445451,
BLZ,TX.VAL.TECH.MF.ZS,,,,,,,,,,,,,,,,,,,,,,,,,,,,,,,,,,,0.001229467,,,,0.002459754,2.643049787,1.90437E-05,0.016326242,0.007780191,0.069737677,0.000271206,0.00992531,10.20706601,0.075809047,0.105390596,0.376772381,,4.838283915,,,,,,
BLZ,TX.VAL.TECH.CD,,,,,,,,,,,,,,,,,,,,,,,,,,,,,,,,,,,250,,,,509,918827,4,166,90,12169,62,2400,685987,9617,4424,13109,,268516,,,,,,
BLZ,TX.VAL.SERV.CD.WT,,,,,,,,,,,,,,,,,,,,,,,,,17600000,21700000,26950000,35000000,50600000,60650000,82700000,89400000,107900000,115500000,108884500,117156000,124975000,124190000,121650000,138705801.4,143985394,148303558.4,169134709.9,199443283.6,226257921.8,289165967.9,343211733.6,370937809.7,355593394.2,317468086.9,325323439.2,311059237.8,371373899.5,421489231.1,465066845.4,468157180.1,506701327.4,
BLZ,TX.VAL.OTHR.ZS.WT,,,,,,,,,,,,,,,,,,,,,,,,,27.27272727,23.96313364,18.73840445,19.57142857,36.26482213,30.83264633,36.21523579,36.46532438,31.2326228,29.09090909,23.52171338,27.32979958,19.29585917,16.70021741,12.0838471,20.94193868,15.27082158,16.29570523,17.32691881,13.25039395,13.18680965,15.42178914,15.62565965,13.81303457,13.95912615,12.27964945,10.42503012,11.52963023,12.76631377,10.51886423,12.42273101,14.40300501,16.66604764,
BLZ,TX.VAL.MRCH.XD.WD,,,,,,,,,,,,,,,,,,,,,50.6449221,54.47142936,41.65858035,35.5778209,53.4571303,52.81861623,50.69527088,47.06741244,53.20996357,57.010381,60.85840092,55.71321335,64.31370036,62.47368132,69.11056592,82.57789536,85.6130118,90.13159407,87.91673796,101.2107267,100,86.13859921,140.3292287,154.6544416,155.7713154,162.985316,214.1763973,212.6501587,239.6147857,194.5844554,244.2442444,308.3382067,320.366308,310.9420454,300.6704474,274.672404,234.943805,
BLZ,TX.VAL.MRCH.WR.ZS,,,,11.68841696,13.04315141,15.56680823,19.10859923,18.98601399,20.63901568,25.12169061,26.90711778,22.51209762,1.317723931,1.182800115,1.177922839,16.79795107,26.82754228,21.54604955,43.69351632,29.39734623,,2.634836774,32.95664658,17.91507696,19.54143515,25.47378238,12.71998963,13.56350061,18.18966172,22.21711595,15.91271628,7.488097193,5.096685608,11.8445108,10.48658981,4.699513222,5.606060606,7.78408817,5.351065627,4.928881182,4.087476487,5.410891247,5.960044768,8.25814996,8.304592148,10.38443922,21.86595942,34.97674575,22.92314955,8.564808888,12.34982374,15.50565603,13.43880867,12.69359871,15.99943754,11.82936749,9.312110168,
BLZ,TX.VAL.MRCH.WL.CD,,,,12337000,13302000,12244000,13978000,14300000,15117000,16846000,18798000,19012000,18365000,24349000,47796000,67157000,42393000,53323000,104123000,91794000,,82254545,91942000,77058000,92506000,90073000,92618000,99377000,111846500,124030500,131021000,91365000,112131166,131276000,142820500,161680575,167970000,176340500,165724000,166376500,183059524,168943000,136371677,202667814,210710107,207314748,274293242,265483998,294802474,249464679,281608999,392381721,399213452,412374254,356651569,268154946,200962732,
BLZ,TX.VAL.MRCH.RS.ZS,,,,1.045635081,1.51105097,1.347598824,4.38546287,2.258741259,1.792683734,2.493173454,1.521438451,1.851462234,4.840729649,8.024970225,6.814377772,1.978944861,2.769325124,3.746975977,3.383498363,0.688498159,,0.442086209,0.717843858,0.036336266,0.007567077,0.029975686,0.993327431,0.151946627,0.008046743,0.260419816,1.555094222,0.657801127,0.515173453,0.223574759,0.095224425,0.545690167,0.340537001,0.434386882,12.38082595,0,0.035234441,0,0.113601302,0.454426375,0.293128796,0.281097223,0.377700884,0.115012582,0,0,0,0,0,0.005456209,0,0.001841473,0.014730094,
BLZ,TX.VAL.MRCH.R6.ZS,,,,,,0.008167266,0.050078695,0.034965035,0.006615069,0.047489018,29.5616555,0.08941721,,,,,,,,,,,,0.002595448,,0.002220421,0.005398519,0.002012538,0.022352063,0.008062533,0.019080911,,0.015503272,0.001142631,,0.006185035,0.006846461,,,,,,,,,0.003415097,,0.057522111,0.006573893,,0.000281241,0.018737876,7.51478E-05,0.01855111,0.045207147,,0.003560859,
BLZ,TX.VAL.MRCH.R5.ZS,,,,,,0.008167266,0.007154099,0.013986014,0.013230138,0.011872255,0.005319715,0.021039344,,,,,0.00943552,0.013127543,0.000960403,,,0.011052277,0.003262927,0.035038542,0.003243033,0.011102106,0.012956445,0.023144188,0.004470413,0.012496926,,,0.000798172,,0.026956914,,0.027385843,0.017579626,,,0.096414541,0.00116489,,0.023091975,0.004863554,0.019460265,,1.35601E-05,,0.007441534,,0.002920625,1.334053242,5.42294767,0.373759746,0.031545941,0.392588711,
BLZ,TX.VAL.MRCH.R4.ZS,,,,,,,,,,,,,,,,,,,,,,,,,,,,,,,1.14943406,,2.685248096,0.000380877,,,,,,,,0.000298325,0.038084154,0.006892066,0.057622295,0.06674489,0.009839105,0.020774133,,,,,0.013316185,0.011203415,0.002335052,0.008825122,0.178681389,
BLZ,TX.VAL.MRCH.R3.ZS,,,,11.68841696,13.04315141,15.56680823,19.10859923,18.98601399,20.63901568,25.12169061,26.90711778,22.51209762,1.317723931,1.182800115,1.177922839,16.79795107,26.82754228,21.54604955,43.69351632,29.39734623,,2.634836774,32.95664658,17.91507696,19.54143515,25.47378238,12.71998963,13.56350061,18.18966172,22.21711595,15.91271628,7.488097193,5.096685608,11.8445108,10.48658981,4.699513222,5.606060606,7.78408817,5.351065627,4.928881182,4.087476487,5.410891247,5.960044768,8.25814996,8.304592148,10.38443922,21.86595942,34.97674575,22.92314955,8.564808888,12.34982374,15.50565603,13.43880867,12.69359871,15.99943754,11.82936749,9.312110168,
BLZ,TX.VAL.MRCH.R2.ZS,,,,,,,,,,,0.005319715,,,,,,,,,,,,,,,,,,0.004470413,,,,,,,,0.01488361,,,,,0.067172952,,0.35963678,6.26453E-05,,0.006693566,0.102085249,,0.023724401,0.010457052,0.087597353,0.046263972,0.117979237,0.073712279,,0.03396799,
BLZ,TX.VAL.MRCH.R1.ZS,,,,,,0.016334531,0.028616397,0.020979021,0.019845207,0.047489018,0.053197149,,,,,,,,,,,,0.002175284,,0.02270123,0.002220421,0.002159407,0.001006269,0.07465589,0.00725628,0.001526473,0.004378044,0.072362576,0.056369786,0.002800718,0.044198259,,,,0.009917266,,0.023675441,0.167700512,0.035982033,0.026324793,0.011139101,0.112692532,0.026437375,0.009445986,0.144826114,0.410366503,0.895313368,1.763120197,4.068040824,1.968765768,0.503711015,0.710473024,
BLZ,TX.VAL.MRCH.OR.ZS,,,,,,0.032669062,0.085849192,0.06993007,0.039690415,0.106850291,29.62549207,0.110456554,,,,,0.00943552,0.013127543,0.000960403,,,0.011052277,0.005438211,0.03763399,0.025944263,0.015542948,0.020514371,0.026162995,0.105948778,0.027815739,1.170041444,0.004378044,2.773912116,0.057893294,0.029757633,0.050383294,0.049115914,0.017579626,,0.009917266,0.096414541,0.092311608,0.205784666,0.425602854,0.088873288,0.100759354,0.129225203,0.206832428,0.016019879,0.175992049,0.421104796,1.004569222,3.156828743,9.638722256,2.463779993,0.544082077,1.319271973,
BLZ,TX.VAL.MRCH.HI.ZS,,,,87.26594796,85.44579762,83.05292388,76.42008871,78.68531469,77.52861017,72.27828565,41.9459517,75.52598359,93.84154642,90.79222966,92.00769939,81.22310407,70.39369707,74.69384693,52.92202491,69.91415561,,96.91202474,66.32007135,82.01095279,80.42505351,74.48069899,86.26616856,86.25838977,81.69634276,77.49464849,81.36214805,91.84972364,91.61422882,87.87402115,89.38842813,94.70441332,94.00428648,91.76394532,82.26810842,95.06120155,95.78087453,94.49679714,93.72056926,90.86182081,91.31340577,89.2337042,77.62711449,64.70140924,77.06083057,91.25919906,87.22907147,83.48977474,83.40436259,77.66222282,81.53678247,87.62470896,89.35388776,
BLZ,TX.VAL.MRCH.CD.WT,7871510,8681410,8666710,13000400,13435100,12224100,13467300,14132700,15116400,16848000,18800400,19278100,25529500,32269600,44924200,66589700,42252800,62082000,79782500,86731000,111000000,119000000,91000000,78000000,117000000,115000000,111000000,103000000,116000000,125000000,133000000,122000000,141000000,136000000,151000000,162000000,168000000,176000000,172000000,186000000,218000000,169000000,169000000,205000000,213000000,319111395,419339180.9,416350935.4,469145383.1,380979824,478209469.7,603700000,627250000,608798000,588687000,537785000,460000000,
BLZ,TX.VAL.MRCH.AL.ZS,,,,,,,,,,,,,,,,,,,,,,,,,0.255118587,,,,,,1.14943406,,2.685248096,0.000380877,,,,,,,,0.000298325,0.107740847,0.149126787,0.136538301,0.338065674,0.101908453,0.276287839,0.029515356,0.28120053,0.318040973,0.22900761,0.011296213,0.159804351,0.03684941,0.175865859,0.665913021,
BLZ,TX.VAL.MMTL.ZS.UN,,,,,,,,,,,,,,,,0.019283128,0.007307321,0.012262412,0.001442711,0.010599525,0.006665011,,0.023171499,,,,,,,0.015007811,,,0.013698047,0.007506575,0.157745566,0.162186306,0.195023093,0.131671377,0.126145702,2.393767041,0.01267306,0.06244249,0.002763175,0.000966604,0.015801491,0.021352621,0.000300496,0.00201299,0.004894295,0.000451815,0.000159907,0.000244937,0.000721136,0.010610007,0.197689503,0.122952146,0.18681422,
BLZ,TX.VAL.MANF.ZS.UN,,,,,,,,,,,,,,,,18.1084937,29.34935735,32.61342865,29.8870366,17.90341386,17.62774099,,12.82007553,4.353736871,,5.847326272,15.13185749,16.35663905,19.032566,10.02360167,8.985218761,,18.21020283,20.55548027,17.03091034,11.90678681,12.9898096,12.66170019,14.13222306,40.67671191,11.3214154,0.559004772,0.703277556,9.146922648,11.16923639,11.97984367,2.505640706,4.997344272,1.422676405,1.393611497,1.378543629,1.624080578,2.061093748,0.943663957,1.525608251,2.389427829,3.357019787,
BLZ,TX.VAL.INSF.ZS.WT,,,,,,,,,,,,,,,,,,,,,,,,,0,0,0,0,0,0,0,0,0,0,1.452456502,1.109204821,1.296259252,1.610435623,0.904233457,0,0,0.363755874,0.042662657,0.295671758,0.282564719,0.269262534,0.24412276,0.216265348,0.65762038,1.685351046,2.173250146,1.783782877,1.049157784,0.734499205,0.661065215,0.885767294,0.688112737,
BLZ,TX.VAL.ICTG.ZS.UN,,,,,,,,,,,,,,,,,,,,,,,,,,,,,,,,,,,,,,,,,0.067946424,,,0.251842706,0.026434357,0.029197164,0.042591657,0.018267767,0.001445818,0.002002725,,0.478286415,,0.250727392,0.055889769,0.048883574,,
BLZ,TX.VAL.FUEL.ZS.UN,,,,,,,,,,,,,,,,1.554946775,2.561191338,2.552133378,2.116395776,0,0,,0,,,,,,,,,,0,0,0,0,0.000346466,0,0,45.61641204,0,,,0,0,9.66092E-05,16.54786301,28.20803539,40.26231353,27.97245389,36.15245717,42.85129104,27.46286631,20.96708625,16.65826719,6.802222449,5.650173661,
BLZ,TX.VAL.FOOD.ZS.UN,,,,,,,,,,,,,,,,77.41760617,63.20238181,61.87825573,65.14155014,76.23015647,79.42026042,,79.80624275,99.45134841,136.1084404,100.8460346,88.70084593,85.49200162,81.65334945,92.51355537,93.30045054,,78.41153457,76.74089492,79.45426567,86.46650686,79.39284731,85.49182007,83.74952364,10.90209557,87.25915931,34.58684844,21.523334,89.64092733,87.9602061,87.2984334,73.79676253,65.63918976,57.28944904,69.88181422,60.86101469,53.49673728,68.63365295,76.92203717,63.91315316,70.36624551,71.13323288,
BLZ,TX.VAL.AGRI.ZS.UN,,,,,,,,,,,,,,,,2.648568163,4.439643859,2.495657278,2.548574867,5.332376658,2.806575336,,7.28626542,3.495222726,3.752352838,1.933608887,1.412523658,3.473771081,4.830185263,5.007026903,3.917533897,,3.364157273,2.695458501,3.354451841,1.464517221,1.009631136,1.668300728,1.989174358,0.038768428,1.400411924,0.812870639,0.918686037,1.210286527,0.851913986,0.700274199,0.291245989,0.572480533,0.724210595,0.724275319,1.446300088,1.932493003,1.821252926,1.134009053,1.316078296,2.019518175,2.183983547,
BLZ,TX.QTY.MRCH.XD.WD,,,,,,,,,,,,,,,,,,,,,,,,,,,,,,,,,,,,,,,,,100,84.62002275,149.7020114,169.5326232,155.1715015,147.9909827,166.7634991,159.4949615,159.1027092,139.9346795,154.2595109,162.9302431,172.3889745,178.5254024,171.9508515,175.7545194,132.7804377,
BLZ,TT.PRI.MRCH.XD.WD,,,,,,,,,,,,,,,,,,,,,,,,,,,,,,,,,,,,,,,,,100,104.4952432,97.02739316,87.12972699,86.02862084,83.36895395,90.35664324,86.40308843,84.46395532,89.2566151,94.93688979,97.24323006,95.90861412,92.04276476,93.03431655,93.40222887,110.1511263,
BLZ,TM.VAL.TRVL.ZS.WT,,,,,,,,,,,,,,,,,,,,,,,,,20.21276596,17.76937618,15.38461538,14.84257871,15.84038694,15.06986028,12.37209302,12.82051282,20.14084507,24.87864078,21.68810757,23.5490308,29.81925994,20.42334096,22.54797441,36.52017511,35.00996893,37.88090732,36.20739972,35.9952635,30.66761305,28.28942919,28.65539349,26.88621519,25.34986042,26.51280117,23.76008683,20.8030598,20.81514792,20.53663128,22.81629933,22.86518157,26.17980468,
BLZ,TM.VAL.TRAN.ZS.WT,,,,,,,,,,,,,,,,,,,,,,,,,56.17021277,54.87712665,55.63545151,57.57121439,58.93591294,58.54291417,53.25581395,57.33333333,52.22535211,45.15776699,43.06245998,45.98104003,43.20656822,49.31350114,47.44136461,30.04223468,31.98884694,32.63871174,31.25021281,31.28417825,32.29902957,34.38260859,38.30191598,35.84669322,43.22582733,35.90010585,37.75836781,43.27103843,40.74217713,38.94445975,38.44669445,33.86954194,33.51154593,
BLZ,TM.VAL.SERV.CD.WT,,,,,,,,,,,,,,,,,,,,,,,,,28200000,26450000,29900000,33350000,41350000,50100000,53750000,58500000,71000000,82400000,85895000,88449500,87695000,87400000,93800000,99065790.04,115664747.3,110653568.5,121418458.7,127327310.3,138926373.6,147192098.1,143303702.2,158999710.3,160873121.9,153543460,153585051.9,162348210.7,177365994.5,195389657.2,212617961.7,206876657.2,201778712.3,
BLZ,TM.VAL.OTHR.ZS.WT,,,,,,,,,,,,,,,,,,,,,,,,,18.43971631,21.92816635,24.41471572,22.7886057,20.31438936,21.65668663,30.04651163,25.12820513,23.38028169,26.21359223,25.7448047,21.05042991,17.8801528,21.22425629,20.84221748,24.37941144,23.07876122,17.53644999,15.57239678,11.97175984,13.84508513,13.63200543,14.80491683,11.14199239,15.64712755,20.62177483,21.25921673,19.95653146,19.57958862,24.99526308,22.89399003,21.91901316,23.20569416,
BLZ,TM.VAL.MRCH.XD.WD,,,,,,,,,,,,,,,,,,,,,28.56360841,30.89248998,24.41415563,21.3223317,24.82137612,24.43895126,23.26306634,27.26469904,34.51837356,41.14071327,40.30243035,48.87599516,52.26727397,53.58907161,49.57790214,49.06100869,48.73103611,54.59043347,56.297517,70.55481169,100,98.61030048,100.1361852,105.221959,99.12242555,113.0947613,125.9509123,130.531809,159.6685778,127.5340177,134.5932339,158.5451452,164.246995,176.9690175,191.5168798,195.8513091,184.8495711,
BLZ,TM.VAL.MRCH.WR.ZS,,,,5.78789946,7.073590943,9.128897461,8.604531031,10.62309267,11.52584549,13.48667545,13.17090713,13.61497023,8.807422041,11.5910957,11.21881726,13.63759602,13.43686976,12.31164405,12.78392708,15.20733083,,14.4429076,19.26015625,20.56513073,13.92528758,14.22248589,15.68998885,14.63185034,16.10652648,15.14399298,15.88056923,13.68785905,16.62624562,19.23614502,18.04887365,19.95404069,27.9462563,21.0373103,18.73513354,31.48619176,24.23027985,35.54767425,25.24036704,15.8031123,20.3772029,41.63045877,32.02178222,43.78620056,32.71192439,42.40832982,30.55744206,26.33724465,28.60491995,28.44339714,29.64327862,29.31845897,28.21966382,
BLZ,TM.VAL.MRCH.WL.CD,,,,19057000,20315000,24888000,27102000,25887000,26523000,29607000,33369000,35270000,39989000,43844000,64579000,88520000,72889000,78641000,107510000,130299000,,161948000,128000000,110877000,129965000,128107000,121944000,142347000,174435500,215323000,210565500,239606500,279550730,282606000,259199000,258513480,255769500,285980000,324556000,366810000,442580497,520398774,528048367,553759907,516015115,440932597,662907728,686993898,839774260,667586569,702655463,838743380,846382428,909678101,965973952,996349243,952712572,
BLZ,TM.VAL.MRCH.RS.ZS,,,,4.113973868,4.095495939,3.792992607,3.379824367,3.901572218,2.333823474,2.398081535,2.400431538,3.595123334,18.5450999,17.80403248,20.87830409,7.631043832,12.03199385,13.67861548,11.26034787,11.81743528,,12.56267444,13.68046875,15.11043769,14.4815912,4.802235631,0.613396313,0.313318862,1.348062751,0.732620296,1.571719964,0.544642988,2.068208514,2.126635669,5.796704463,4.906788613,0.91156295,9.391915519,14.68822021,0.005316104,4.875611363,0.92787267,28.07754673,28.54754669,34.42461099,0.380389432,11.50700826,1.488045677,12.56861743,1.661556346,0.943045112,0.772499331,0.62985405,0.428136172,0.460358066,0.081710204,0.001842319,
BLZ,TM.VAL.MRCH.R6.ZS,,,,,,0.156702025,0.147590584,0.270405995,0.403423444,0.310737326,0.293685756,,,,,,,,,,,0.119174056,0.034375,0.011724704,0.029238641,,0.00574034,0.000702509,0.002293111,0.042726509,0.039180208,0.010851125,0.027354606,0.027600263,0.018904394,0.032431578,0.065293164,,,0.026035277,,0.01119872,0.034784882,10.10349491,3.065132501,0.038766016,0.020219858,0.025400371,0.23328686,0.12136808,0.058884193,0.044443987,0.064558287,0.067750119,0.175775133,0.134065039,0.150856517,
BLZ,TM.VAL.MRCH.R5.ZS,,,,0.619195046,,0.425908068,0.398494576,0.281994824,0.199826566,0.408687135,0.383589559,0.158775163,0.225061892,0.164218593,0.072779077,0.136692273,0.037042626,0.049592452,0.017672775,,,0.052485983,0.04765625,0.066740622,0.035394145,0.318483767,0.332119661,0.285921024,0.138733228,0.056891275,0.079547694,0.112267405,0.139062059,0.149147576,0.14525519,0.111468075,0.122766788,0.045632562,0.049144061,0.036667485,0.070721146,0.072644099,0.089182361,0.124346127,0.10348631,0.22111248,0.246991992,0.246640182,0.276178624,0.320945342,0.620101918,1.769074112,2.464935272,2.499224943,2.344189608,1.946449113,1.400321082,
BLZ,TM.VAL.MRCH.R4.ZS,,,,,,,0.003689765,,0.007540625,0.00337758,,,,,,,,,,,,,,,,,0.002460146,0.001405017,0.006592695,0.009984999,0.005461483,0.013772581,0.002494359,,0.004629647,,0.002150374,,,,,0.018871682,0.005735838,0.001919966,0.002273964,0.001798914,0.000345749,0.022843871,0.043958956,0.017476685,0.019037495,0.009592684,0.009369996,0.001286609,0.007569459,0.005640793,0.002976239,
BLZ,TM.VAL.MRCH.R3.ZS,,,,5.78789946,7.073590943,9.128897461,8.604531031,10.62309267,11.52584549,13.48667545,13.17090713,13.61497023,8.807422041,11.5910957,11.21881726,13.63759602,13.43686976,12.31164405,12.78392708,15.20733083,,14.4429076,19.26015625,20.56513073,13.92528758,14.22248589,15.68998885,14.63185034,16.10652648,15.14399298,15.88056923,13.68785905,16.62624562,19.23614502,18.04887365,19.95404069,27.9462563,21.0373103,18.73513354,31.48619176,24.23027985,35.54767425,25.24036704,15.8031123,20.3772029,41.63045877,32.02178222,43.78620056,32.71192439,42.40832982,30.55744206,26.33724465,28.60491995,28.44339714,29.64327862,29.31845897,28.21966382,
BLZ,TM.VAL.MRCH.R2.ZS,,,,,,0.012054002,0.011069294,,0.026392188,,0.002996793,,,,,,,,,,,0.019141947,,,0.00384719,0.002341792,0.01148068,0.001405017,0.009745723,0.004179767,0.00736113,0.013146555,0.022246409,0.044408116,0.010223805,0.027656198,0.009578937,,0.134337372,0.156484283,0.158952779,0.034541588,0.234959916,0.107458664,0.071416125,0.037298445,0.085962642,0.055751587,0.025190222,0.082000451,0.069372264,0.273549581,0.264346225,0.41038143,0.226557248,1.002902754,0.248637424,
BLZ,TM.VAL.MRCH.R1.ZS,,,,,,0.301350048,0.221385876,0.239502453,0.263921879,0.280339109,0.20977554,0.226821661,0.300082523,0.262293586,0.1548491,0.023723452,0.001371949,,,0.085956147,,0.08583002,0.08671875,0.195712366,4.498903551,0.042152263,0.026241553,0.039340485,0.054174752,0.300478816,0.895445835,0.657536419,0.906121404,1.86708704,2.367293084,1.050831082,0.888690794,0.660885377,0.588804397,1.095935225,1.097541133,1.3389138,1.09089363,1.349916436,1.807941227,2.753260721,4.616183023,7.187315512,9.088958264,9.781475697,10.31875774,15.29259068,13.96911563,13.20298432,12.5473107,11.554151,13.2234005,
BLZ,TM.VAL.MRCH.OR.ZS,,,,0.619195046,,0.896014143,0.782230094,0.791903272,0.901104702,1.003141149,0.890047649,0.385596824,0.525144415,0.42651218,0.227628176,0.160415725,0.038414576,0.049592452,0.017672775,0.085956147,,0.276632005,0.16875,0.274177692,4.567383526,0.362977823,0.37804238,0.328774052,0.211539509,0.414261365,1.02699635,0.807574085,1.097278837,2.088242996,2.54630612,1.222386933,1.088480057,0.706517938,0.77228583,1.31512227,1.327215058,1.476169888,1.455556627,11.6871361,5.050250127,3.052236576,4.969703265,7.537951523,9.667572926,10.32326625,11.08615361,17.38925105,16.77232541,16.18162742,15.30140214,14.6432087,15.02619176,
BLZ,TM.VAL.MRCH.HI.ZS,,,,89.47893163,88.83091312,86.18209579,87.23341451,84.68343184,85.23922633,83.11210187,83.53861368,82.40430961,72.12233364,70.17835964,67.67525047,78.57094442,74.49272181,73.96014801,75.93805227,72.88927774,,72.71778596,66.890625,64.05025388,67.0257377,80.61230065,83.31857246,84.72605675,82.33387126,83.70912536,81.52071446,84.95992388,80.20826703,76.54897631,73.60811577,73.91678376,70.0537007,68.86425624,65.80436042,67.19336986,69.56689373,62.04828319,45.2265296,43.96220491,40.14793598,54.93691522,51.50150625,47.18780224,45.05188525,45.60684758,57.41335921,55.50100497,53.99290059,54.94683927,54.59496117,55.95662213,56.7523021,
BLZ,TM.VAL.MRCH.CD.WT,13146000,15897000,21840000,19285000,21903000,24493000,27132000,25510700,26519900,29609900,33366500,35645600,43243400,44297000,63814500,88065900,72566800,90075500,106496000,131840000,150000000,162000000,128000000,112000000,130000000,128000000,122000000,143000000,181000000,216000000,211000000,256000000,274000000,280000000,259000000,257000000,255000000,286000000,295000000,370000000,524000000,517000000,525000000,551664000,519685000,592940000,660343000,684360000,837120000,668643000,705653482.2,831230000,861124000,927824000,1004096000,1026821000,970000000,
BLZ,TM.VAL.MRCH.AL.ZS,,,,,,,0.003689765,,0.007540625,0.00337758,,,,,,,,,,,,,,,,,0.004920291,0.001405017,0.006592695,0.010217209,0.130838148,0.000626026,0.002494359,,0.006558667,,0.001172931,,,0.000272621,,0.027045413,0.001933914,0.001850622,0.005288023,0.005297635,0.000626181,0.003731038,0.067828466,0.006517507,0.042814582,0.123077216,0.119497991,0.232304372,0.164464994,0.344890913,0.604860812,
BLZ,TM.VAL.MMTL.ZS.UN,,,,,,,,,,,,,,,,0.243304563,0.195044407,0.549976533,0.248237525,0.5564574,0.616407143,,0.41558087,0.35628162,0.34614173,0.439406047,0.413519085,0.370847594,0.504978581,0.454704274,0.403973266,,0.699481373,0.606002088,0.831075331,0.67748202,0.635334541,0.438117001,0.581643995,3.956881381,0.549453628,0.513390038,0.508261424,0.324516582,0.487616341,0.481378987,0.418666796,0.492055813,0.408950024,0.492553643,0.435759043,0.339828733,0.52472047,0.424154465,0.564125018,0.616292578,0.620676299,
BLZ,TM.VAL.MANF.ZS.UN,,,,,,,,,,,,,,,,62.66406742,60.88585912,61.0714056,60.80084797,58.350123,55.2927666,,45.84092348,51.79251917,57.86367932,55.02292466,57.4339357,60.35428168,63.75511438,62.03125821,62.20444736,,64.78922354,69.33790333,67.71134415,68.38748925,66.59921447,66.07574408,67.9267044,25.71203782,67.40187577,49.24280664,47.50038562,46.77014722,45.53758594,59.8451469,43.41716863,44.79439344,47.61962393,55.95921467,61.02851187,41.26097177,43.33128805,46.23781015,59.5077734,65.81401786,66.40597446,
BLZ,TM.VAL.INSF.ZS.WT,,,,,,,,,,,,,,,,,,,,,,,,,5.177304965,5.425330813,4.565217391,4.797601199,4.909310762,4.730538922,4.325581395,4.717948718,4.253521127,3.75,9.504627743,9.419499262,9.094019043,9.038901602,9.168443497,9.058178766,9.922422908,11.94393095,16.96999068,20.74879841,23.18827225,23.69595679,18.2377737,26.12509921,15.7771847,16.96531815,17.22232863,15.96937031,18.86308634,15.52364589,15.84301619,21.34626333,17.10295523,
BLZ,TM.VAL.ICTG.ZS.UN,,,,,,,,,,,,,,,,,,,,,,,,,,,,,,,,,,,,,,,,,4.043258673,3.197643873,3.109938915,2.946189004,3.856230404,5.863682334,2.416987434,2.319949916,4.271730458,3.354649626,3.647355572,2.421316537,3.563705071,2.833416796,2.941326492,3.345086358,,
BLZ,TM.VAL.FUEL.ZS.UN,,,,,,,,,,,,,,,,8.277604868,11.61080231,12.96686659,11.18016049,12.71140584,18.37783989,,31.78622798,23.52686896,16.66282492,17.06073975,13.89372422,13.16470867,10.47368247,12.44841195,12.87955029,,11.90436233,11.12006443,11.30132787,11.49621946,11.38082112,12.91685525,11.25948384,45.69787287,16.96885886,13.95048033,10.97548274,12.05382843,15.05681331,22.35380988,16.15121376,16.06497196,16.1908113,15.7843815,16.42461487,17.31045898,16.24469862,15.45589394,15.49879967,11.19832334,9.964252565,
BLZ,TM.VAL.FOOD.ZS.UN,,,,,,,,,,,,,,,,28.01757262,26.55149366,24.56822749,26.89049142,27.51509151,24.75851415,,20.34848366,23.43812707,24.3129029,26.86230429,27.22114516,25.2745165,23.68052595,24.28070485,23.54234829,,21.01490059,17.76274566,18.43010709,19.13327558,20.31140676,19.73768666,19.22645283,20.26273119,13.99616829,13.73216843,11.42798713,11.88939316,11.90803779,16.13484675,12.18493852,13.00396358,12.72152298,14.85566338,16.53613892,12.50491741,14.00204001,13.64444384,22.65167753,20.76197239,21.02269921,
BLZ,TM.VAL.AGRI.ZS.UN,,,,,,,,,,,,,,,,0.477526341,0.397275231,0.474226836,0.442565534,0.48430982,0.310059203,,0.97280292,0.218320389,0.25278719,0.242726964,0.184432136,0.222837228,0.230671002,0.259576353,0.352361103,,1.024084957,0.539914795,0.348157307,0.253786231,0.274552455,0.270772317,0.396097672,4.293703692,0.596947783,0.800364456,0.495255687,0.428251867,0.438248016,0.799334646,0.668288119,0.755958761,0.59715505,0.765106222,0.867688534,0.904872897,0.724947946,0.926201075,1.343475517,1.287181319,1.672552406,
BLZ,TM.TAX.TCOM.WM.FN.ZS,,,,,,,,,,,,,,,,,,,,,,,,,,,,,,,,,,,,,10.53,,,9.83,,9.89,14.14,13.25,,,6.72,6.73,6.37,9.33,9.33,6.49,7,9.2,8.54,9.43,10.5,
BLZ,TM.TAX.TCOM.WM.AR.ZS,,,,,,,,,,,,,,,,,,,,,,,,,,,,,,,,,,,,,10.53,,,9.83,,9.89,14.14,13.25,,,6.46,6.51,6.16,8.9,9.03,6.02,5.99,7.42,8.53,7.36,8.22,
BLZ,TM.TAX.TCOM.SR.ZS,,,,,,,,,,,,,,,,,,,,,,,,,,,,,,,,,,,,,33.52601,,,28.96656,,5.572381,2.242444,2.116763,,,7.227375,9.238777,8.734053,7.75912,7.591324,8.517836,8.520747,9.375,10.33301,9.659244,8.118557,
BLZ,TM.TAX.TCOM.SM.FN.ZS,,,,,,,,,,,,,,,,,,,,,,,,,,,,,,,,,,,,,24.16,,,23.91,,14.75,14.76,14.76,,,14.75,14.74,14.74,15.67,15.67,14.94,14.94,17.65,17.65,17.65,17.65,
BLZ,TM.TAX.TCOM.SM.AR.ZS,,,,,,,,,,,,,,,,,,,,,,,,,,,,,,,,,,,,,22.74,,,23.76,,19.73,19.82,19.14,,,16.05,15.46,15.75,18.65,18.94,16.14,16.24,16.9,17.23,16.79,17.01,
BLZ,TM.TAX.TCOM.IP.ZS,,,,,,,,,,,,,,,,,,,,,,,,,,,,,,,,,,,,,45.82989,,,48.12673,,48.78861,56.0286,54.76272,,,44.70739,49.02407,49.82008,47.0469,47.28881,47.14022,40.19639,46.47091,45.54358,46.20338,47.47423,
BLZ,TM.TAX.TCOM.BR.ZS,,,,,,,,,,,,,,,,,,,,,,,,,,,,,,,,,,,,,81.17,,,81.74,,81.43,81.43,81.43,,,81.17,81.17,81.17,81.14,81.14,81.14,81.14,83.47,83.47,83.47,83.47,
BLZ,TM.TAX.TCOM.BC.ZS,,,,,,,,,,,,,,,,,,,,,,,,,,,,,,,,,,,,,91,,,91.11,,91.19,91.19,91.19,,,90.85,90.85,90.85,89.65,89.65,89.65,89.65,86.64,86.64,86.64,86.64,
BLZ,TM.TAX.MRCH.WM.FN.ZS,,,,,,,,,,,,,,,,,,,,,,,,,,,,,,,,,,,,,15.63,,,11.19,,10.72,11.65,11.35,,,10.02,9.67,9.25,12.06,12.05,8.9,8.88,11.01,10.24,11.15,11.49,
BLZ,TM.TAX.MRCH.WM.AR.ZS,,,,,,,,,,,,,,,,,,,,,,,,,,,,,,,,,,,,,15.63,,,11.19,,10.72,11.65,11.35,,,9.57,9.27,8.96,11.68,11.73,8.47,8.16,10.05,9.97,10.04,10.52,
BLZ,TM.TAX.MRCH.SR.ZS,,,,,,,,,,,,,,,,,,,,,,,,,,,,,,,,,,,,,39.62922,,,41.75574,,1.026979,0.3596383,0.3354811,,,1.227632,1.514753,1.439349,1.378339,1.373227,1.4037,1.345533,1.597853,1.999681,1.642651,1.426184,
BLZ,TM.TAX.MRCH.SM.FN.ZS,,,,,,,,,,,,,,,,,,,,,,,,,,,,,,,,,,,,,22.22,,,19.72,,10.53,10.53,10.53,,,10.39,10.38,10.38,10.59,10.58,10.37,10.37,11.28,11.28,11.28,11.28,
BLZ,TM.TAX.MRCH.SM.AR.ZS,,,,,,,,,,,,,,,,,,,,,,,,,,,,,,,,,,,,,20.72,,,19.37,,12.75,12.99,12.85,,,11.78,11.6,11.73,12.54,12.57,11.64,11.23,11.49,11.13,11.4,10.97,
BLZ,TM.TAX.MRCH.IP.ZS,,,,,,,,,,,,,,,,,,,,,,,,,,,,,,,,,,,,,42.62115,,,36.30095,,38.91418,40.96794,39.8051,,,35.87183,43.34929,43.82792,39.46376,39.45773,43.78255,33.82914,42.33278,42.16858,41.82791,40.19353,
BLZ,TM.TAX.MRCH.BR.ZS,,,,,,,,,,,,,,,,,,,,,,,,,,,,,,,,,,,,,58.17,,,58.24,,58.23,58.23,58.23,,,58.21,58.21,58.21,58.16,58.16,58.16,58.16,59.3,59.3,59.3,59.3,
BLZ,TM.TAX.MRCH.BC.ZS,,,,,,,,,,,,,,,,,,,,,,,,,,,,,,,,,,,,,97.96,,,98,,98.02,98.02,98.02,,,97.89,97.89,97.89,97.6,97.6,97.6,97.6,96.58,96.58,96.58,96.58,
BLZ,TM.TAX.MANF.WM.FN.ZS,,,,,,,,,,,,,,,,,,,,,,,,,,,,,,,,,,,,,18.84,,,16.57,,11.18,10.95,10.79,,,12.03,11.48,10.88,13.4,13.4,10.61,10.13,11.99,10.94,12.04,11.88,
BLZ,TM.TAX.MANF.WM.AR.ZS,,,,,,,,,,,,,,,,,,,,,,,,,,,,,,,,,,,,,18.84,,,16.57,,11.18,10.95,10.79,,,11.46,10.97,10.56,13.06,13.06,10.21,9.65,11.51,10.56,11.48,11.47,
BLZ,TM.TAX.MANF.SR.ZS,,,,,,,,,,,,,,,,,,,,,,,,,,,,,,,,,,,,,41.39194,,,46.68827,,0.0068111,0.0061095,0.0063143,,,0.0621697,0.0251225,0.0128041,0.0365653,0.0486825,0.0355324,0.0347745,0.1904576,0.3809524,0.1899567,0.2383244,
BLZ,TM.TAX.MANF.SM.FN.ZS,,,,,,,,,,,,,,,,,,,,,,,,,,,,,,,,,,,,,21.22,,,17.77,,9.23,9.23,9.23,,,9.02,9.02,9.02,8.96,8.96,8.9,8.9,8.97,8.97,8.97,8.97,
BLZ,TM.TAX.MANF.SM.AR.ZS,,,,,,,,,,,,,,,,,,,,,,,,,,,,,,,,,,,,,20.15,,,17.56,,11.65,11.93,11.86,,,11.17,11.04,11.16,11.63,11.63,11.02,10.57,10.8,10.34,10.7,10.2,
BLZ,TM.TAX.MANF.IP.ZS,,,,,,,,,,,,,,,,,,,,,,,,,,,,,,,,,,,,,41.66371,,,31.69732,,36.59583,38.08651,37.00827,,,34.12496,42.19947,42.63124,37.8268,37.74722,43.07118,32.59534,41.51487,41.47619,40.96245,38.83313,
BLZ,TM.TAX.MANF.BR.ZS,,,,,,,,,,,,,,,,,,,,,,,,,,,,,,,,,,,,,52.05,,,52.04,,52.11,52.11,52.11,,,52.03,52.03,52.03,51.93,51.93,51.93,51.93,51.95,51.95,51.95,51.95,
BLZ,TM.TAX.MANF.BC.ZS,,,,,,,,,,,,,,,,,,,,,,,,,,,,,,,,,,,,,100,,,100,,100,100,100,,,99.95,99.95,99.95,99.97,99.97,99.97,99.97,100,100,100,100,
BLZ,TM.QTY.MRCH.XD.WD,,,,,,,,,,,,,,,,,,,,,,,,,,,,,,,,,,,,,,,,,100,101.2264803,103.6489491,100.4994352,84.94530043,85.6117975,88.61164445,84.59152998,89.54778211,81.86224842,80.70228651,81.4679311,84.76522085,93.52063884,101.8975674,117.051017,115.0740737,
BLZ,TG.VAL.TOTL.GD.ZS,74.87031004,82.02545028,95.76163439,95.6621309,97.63571245,91.63255323,91.42834488,83.67238719,92.71016133,98.20847215,97.99631384,92.76505458,104.1027815,97.73183868,105.3502419,130.9904708,118.485751,129.3306417,136.6680117,143.986166,134.0179718,145.6713323,122.1757322,100.5291005,117.1171171,116.1845565,102.2602589,88.95317302,94.31565576,93.90059204,83.28289553,84.99715833,80.07886707,74.30452262,70.58454505,67.56534488,65.95115125,70.60826344,67.78013315,75.8803675,89.17492702,78.68230311,74.41945453,76.40184029,69.26200471,81.85540627,88.68262128,85.28851869,95.44361968,78.50833106,84.73635064,96.51699256,94.5828842,95.22317838,93.3363559,89.78851002,82.13198553,
BLZ,ST.INT.XPND.MP.ZS,,,,,,,,,,,,,,,,,,,,,,,,,,,,,,,,,,,,10.13820213,11.84335603,8.009504612,8.463545841,8.295792108,7.454288671,7.650487275,7.738040022,7.67534854,7.677918032,6.40108221,5.733087346,5.729417301,4.593791382,5.496900957,4.817107399,3.897779865,3.804687044,3.875617967,4.434308112,4.227892207,4.859469545,
BLZ,ST.INT.XPND.CD,,,,,,,,,,,,,,,,,,,,,,,,,,,,,,,,,,,,33000000,38000000,30000000,33000000,39000000,44000000,45000000,48000000,50000000,47000000,45000000,43000000,46000000,44000000,43000000,39000000,37000000,39000000,42000000,51000000,50000000,55000000,
BLZ,ST.INT.TVLX.CD,,,,,,,,,,,,,,,,,,,,,,,,,,,,,,,,,,,,21000000,26000000,18000000,21000000,36000000,40000000,42000000,44000000,46000000,43000000,42000000,41000000,43000000,41000000,41000000,36000000,34000000,37000000,40000000,49000000,47000000,53000000,
BLZ,ST.INT.TVLR.CD,,,,,,,,,,,,,,,,,,,,,,,,,,,,,,,,,,,,78000000,93000000,95000000,99000000,101000000,111000000,111000000,121000000,150000000,168000000,214000000,260000000,289000000,278000000,256000000,264000000,248000000,298000000,351000000,380000000,372000000,391000000,
BLZ,ST.INT.TRNX.CD,,,,,,,,,,,,,,,,,,,,,,,,,,,,,,,,,,,,12000000,12000000,12000000,12000000,3000000,4000000,3000000,4000000,4000000,4000000,3000000,2000000,3000000,3000000,2000000,3000000,3000000,2000000,2000000,2000000,3000000,2000000,
BLZ,ST.INT.TRNR.CD,,,,,,,,,,,,,,,,,,,,,,,,,,,,,,,,,,,,,2000000,2000000,2000000,,,,,,,,,,,,,,,,,,,
BLZ,ST.INT.RCPT.XP.ZS,,,,,,,,,,,,,,,,,,,,,,,,,,,,,,,,,,,,26.23100774,30.72991638,29.28390291,30.92373167,25.28385587,26.19761023,26.09593685,25.25300496,29.08403936,31.81474541,34.79671238,33.50670415,35.40143574,32.08065685,35.15035591,31.82348829,26.27767159,28.80856869,33.23463461,35.08767778,35.98917334,40.3705857,
BLZ,ST.INT.RCPT.CD,,,,,,,,,,,,,,,,,,,,,,,,,,,,,,,,,,,,78000000,95000000,97000000,101000000,101000000,111000000,111000000,121000000,150000000,168000000,214000000,260000000,289000000,278000000,256000000,264000000,248000000,298000000,351000000,380000000,372000000,391000000,
BLZ,ST.INT.DPRT,,,,,,,,,,,,,,,,,,,,,,,,,,,,,,,,,,,,,,,,,,,,,,,,,,,,,,,,,,
BLZ,ST.INT.ARVL,,,,,,,,,,,,,,,,,,,,,,,,,,,,,,,,,,,,131000,133000,146000,176000,181000,196000,196000,200000,221000,231000,237000,247000,251000,245000,232000,242000,250000,277000,294000,321000,341000,386000,
BLZ,NY.EXP.CAPM.KN,,,,,,,,,,,,,,,,,,,,,320269195.7,312785595.5,280252517,280619824.8,364079776.3,285677573.6,342107287.7,414333384.2,464289665.4,505778589.8,582753145.5,563662045.8,572388332.6,578951636.1,628711250.5,612395428.7,658229511.3,702862469.9,756783396.7,834520847.1,881500000,895318615.7,991983484.7,1027990993,1019116077,1096705287,1253113586,1265671472,1285440522,1036700581,1261671722,1325767142,1443784741,1463533068,1546675812,1580560657,,
BLZ,NE.TRD.GNFS.ZS,,,,,,,,,,,,,,,,,,,,,123.9537869,128.745464,118.5495119,114.0740741,132.5983879,109.7776715,113.6493307,123.0518894,129.8666243,128.8723668,122.2854376,119.1196948,102.6387337,96.87520904,102.2701109,97.07201788,100.2693005,108.4864561,109.5091681,122.4112529,126.6416164,119.9675728,118.6904514,119.121745,109.0741086,117.3533016,122.7831073,122.3070187,132.0242179,107.8472143,115.6843276,123.2227849,125.3947756,128.0072449,126.4361906,126.2351081,,
BLZ,NE.RSB.GNFS.ZS,,,,,,,,,,,,,,,,,,,,,-13.19640565,-21.95438051,-22.59414226,-15.92592593,-7.705073495,-12.81377002,-2.611367127,-2.13342976,-5.827246745,-9.390059204,2.15470282,-10.57967275,-3.199768215,-3.493607534,-2.606299894,-1.149997646,-0.262455959,-2.927866399,-4.346230499,-12.29725288,-20.70132234,-18.23112548,-13.57029102,-12.751157,-7.952829596,-8.034602244,-0.517931648,-0.123770566,-7.2817126,-4.599200909,0.740533992,-3.010246165,-0.469325877,-5.503208655,-5.493777476,-9.157761641,,
BLZ,NE.RSB.GNFS.CD,,,,,,,,,,,,,,,,,,,,,-25700000,-42350000,-40500000,-30100000,-16250000,-26800000,-5950000,-5900000,-18350000,-34100000,8900000,-47050000,-16582450,-19559250,-15139050,-7131600,-1683350,-19157450,-29945200,-90105950,-172250000,-158950000,-126550000,-126284150,-84128650,-89523350,-6305650,-1597350,-99659350,-61489350,10346100,-44753700,-7385400,-88805600,-93751200,-159578200,,
BLZ,NE.IMP.GNFS.ZS,,,,,,,,,,,,,,,,,,,,,68.57509628,75.34992224,70.57182706,65,70.15173068,61.29572077,58.13034891,62.59265956,67.84693554,69.131213,60.06536739,64.84968376,52.91925098,50.18440829,52.43820538,49.11100777,50.26587825,55.70716124,56.92769928,67.35425289,73.67146935,69.09934914,66.1303712,65.93645098,58.51346912,62.69395194,61.65051949,61.21539465,69.65296524,56.22320759,57.47189679,63.11651555,62.93205073,66.7552268,65.96498402,67.69643485,,
BLZ,NE.IMP.GNFS.KD.ZG,,,,,,,,,,,,,,,,,,,,,,11.29756013,-6.606416381,-9.834998213,10.03887929,-11.69191469,-0.826065301,19.75315363,18.4074283,15.23153356,-3.879226977,19.72600139,-9.549470474,2.141424879,6.319221214,-5.216900395,5.518456757,12.11582138,10.44465823,24.60261463,20.08832859,-0.799347471,2.622923861,2.11132922,-7.456988359,6.655727352,0.462336669,0.356515943,13.18976433,-21.34793624,10.32372399,11.76461521,4.487157155,9.651356023,5.77833058,8.335294681,,
BLZ,NE.IMP.GNFS.KD,,,,,,,,,,,,,,,,,,,,,255646558.7,284528382.4,265731252.7,239596588.8,263649401.1,232823738,230900461.9,276510584.9,327409072.5,377278495.3,362643006.2,434177970.6,392716273.5,401125997.5,426474036.6,404225310.9,426532309.9,478210202.7,528157624,658098208.8,790299139.5,783981903.3,804545151.7,821531748.6,760270221.7,810871734.8,814620692.2,817524944.8,925354558.4,727810457.2,802947600,897411295.5,937679550.7,1028178342,1087589886,1178243708,,
BLZ,NE.IMP.GNFS.CD,,,,,,,,,,,,,,,,,,,,,133550000,145350000,126500000,122850000,147950000,128200000,132450000,173100000,213650000,251050000,248100000,288400000,274248250,280961550,304594500,304557200,322397200,364499950,392227550,493526400,613000000,602450000,616700000,653017500,618982100,698550150,750575100,790029600,953288000,751680250,802947600,938361000,990310550,1077233000,1125691100,1179641450,,
BLZ,NE.EXP.GNFS.ZS,,,,,,,,,,,,,,,,,,,,,55.37869063,53.39554173,47.9776848,49.07407407,62.44665718,48.48195075,55.51898179,60.4592298,62.01968879,59.74115379,62.22007021,54.27001101,49.71948276,46.69080075,49.83190549,47.96101012,50.00342229,52.77929485,52.58146878,55.05700001,52.97014701,50.86822366,52.56008017,53.18529398,50.56063953,54.6593497,61.13258784,61.09162408,62.37125264,51.62400668,58.21243078,60.10626938,62.46272485,61.25201814,60.47120654,58.53867321,,
BLZ,NE.EXP.GNFS.KD.ZG,,,,,,,,,,,,,,,,,,,,,,-2.336659285,-10.40108624,0.131060383,29.74127271,-21.53432339,19.75293128,21.11208969,12.05703235,8.93601752,15.21903062,-3.276018047,-2.722269246,3.026730671,6.838441546,-5.122782042,5.340459091,13.1635256,5.109629773,12.97811816,8.745708616,4.923425978,9.622661909,13.17015485,5.710106445,10.51541372,12.61206743,-5.433127581,4.010810714,-9.766029568,14.01286479,0.482219589,8.656734641,-0.254661962,2.64644095,4.690948183,,
BLZ,NE.EXP.GNFS.KD,,,,,,,,,,,,,,,,,,,,,170517839.4,166533418.4,149212134,149407692,193843441.1,152100567.6,182144888.2,220599480.4,247197231.1,269286818.9,310269662.4,300105172.2,291935501.4,300771602.8,321339693,304878160.9,321160054.4,363436040.4,382006276.5,431583502.5,469328538,492435581.2,539820992.3,610916252.9,645800221.2,713708786.2,803722219.7,760054966.1,790539332.1,713335027.2,813293700,817215561.5,887959744.1,885698448.4,909137934.9,951785124.3,,
BLZ,NE.EXP.GNFS.CD,,,,,,,,,,,,,,,,,,,,,107850000,103000000,86000000,92750000,131700000,101400000,126500000,167200000,195300000,216950000,257000000,241350000,257665800,261402300,289455450,297425600,320713850,345342500,362282350,403420450,440750000,443500000,490150000,526733350,534853450,609026800,744269450,788432250,853628650,690190900,813293700,893607300,982925150,988427400,1031939900,1020063250,,
BLZ,MS.MIL.XPRT.KD,,,,,,,,,,,,,,,,,,,,,,,,,,,,,,,,,,,,,,,,,,,,,,,,,,,,,,,,,,
BLZ,MS.MIL.MPRT.KD,,,,,,,,,,,,,,,,,,,,,,,,,0,,,,,,,,,,,,0,,,,1000000,,,,,,,,,,,,,,,,,
BLZ,LP.LPI.TRAC.XQ,,,,,,,,,,,,,,,,,,,,,,,,,,,,,,,,,,,,,,,,,,,,,,,,,,,,,,,,,,
BLZ,LP.LPI.TIME.XQ,,,,,,,,,,,,,,,,,,,,,,,,,,,,,,,,,,,,,,,,,,,,,,,,,,,,,,,,,,
BLZ,LP.LPI.OVRL.XQ,,,,,,,,,,,,,,,,,,,,,,,,,,,,,,,,,,,,,,,,,,,,,,,,,,,,,,,,,,
BLZ,LP.LPI.LOGS.XQ,,,,,,,,,,,,,,,,,,,,,,,,,,,,,,,,,,,,,,,,,,,,,,,,,,,,,,,,,,
BLZ,LP.LPI.ITRN.XQ,,,,,,,,,,,,,,,,,,,,,,,,,,,,,,,,,,,,,,,,,,,,,,,,,,,,,,,,,,
BLZ,LP.LPI.INFR.XQ,,,,,,,,,,,,,,,,,,,,,,,,,,,,,,,,,,,,,,,,,,,,,,,,,,,,,,,,,,
BLZ,LP.LPI.CUST.XQ,,,,,,,,,,,,,,,,,,,,,,,,,,,,,,,,,,,,,,,,,,,,,,,,,,,,,,,,,,
BLZ,LP.IMP.DURS.MD,,,,,,,,,,,,,,,,,,,,,,,,,,,,,,,,,,,,,,,,,,,,,,,,,,,,,,,,,,
BLZ,LP.EXP.DURS.MD,,,,,,,,,,,,,,,,,,,,,,,,,,,,,,,,,,,,,,,,,,,,,,,,,,,,,,,,,,
BLZ,IC.IMP.TMDC,,,,,,,,,,,,,,,,,,,,,,,,,,,,,,,,,,,,,,,,,,,,,,,,,,,,,,,36,36,36,
BLZ,IC.IMP.TMBC,,,,,,,,,,,,,,,,,,,,,,,,,,,,,,,,,,,,,,,,,,,,,,,,,,,,,,,48,48,48,
BLZ,IC.IMP.DURS,,,,,,,,,,,,,,,,,,,,,,,,,,,,,,,,,,,,,,,,,,,,,,21,21,21,21,21,21,21,20,19,19,,,
BLZ,IC.IMP.DOCS,,,,,,,,,,,,,,,,,,,,,,,,,,,,,,,,,,,,,,,,,,,,,,7,7,7,7,7,7,7,7,7,7,,,
BLZ,IC.IMP.CSDC.CD,,,,,,,,,,,,,,,,,,,,,,,,,,,,,,,,,,,,,,,,,,,,,,,,,,,,,,,75,75,75,75
BLZ,IC.IMP.CSBC.CD,,,,,,,,,,,,,,,,,,,,,,,,,,,,,,,,,,,,,,,,,,,,,,,,,,,,,,,688,688,688,688
BLZ,IC.IMP.COST.CD,,,,,,,,,,,,,,,,,,,,,,,,,,,,,,,,,,,,,,,,,,,,,,1615,1615,1615,1630,1630,1630,1630,1580,1580,1580,,,
BLZ,IC.EXP.TMDC,,,,,,,,,,,,,,,,,,,,,,,,,,,,,,,,,,,,,,,,,,,,,,,,,,,,,,,38,38,38,
BLZ,IC.EXP.TMBC,,,,,,,,,,,,,,,,,,,,,,,,,,,,,,,,,,,,,,,,,,,,,,,,,,,,,,,96,96,96,
BLZ,IC.EXP.DURS,,,,,,,,,,,,,,,,,,,,,,,,,,,,,,,,,,,,,,,,,,,,,,20,20,20,20,20,20,20,18,17,17,,,
BLZ,IC.EXP.DOCS,,,,,,,,,,,,,,,,,,,,,,,,,,,,,,,,,,,,,,,,,,,,,,5,5,5,5,5,5,5,5,5,5,,,
BLZ,IC.EXP.CSDC.CD,,,,,,,,,,,,,,,,,,,,,,,,,,,,,,,,,,,,,,,,,,,,,,,,,,,,,,,28,28,28,28
BLZ,IC.EXP.CSBC.CD,,,,,,,,,,,,,,,,,,,,,,,,,,,,,,,,,,,,,,,,,,,,,,,,,,,,,,,710,710,710,710
BLZ,IC.EXP.COST.CD,,,,,,,,,,,,,,,,,,,,,,,,,,,,,,,,,,,,,,,,,,,,,,1345,1345,1345,1355,1355,1355,1355,1355,1355,1355,,,
BLZ,IC.CUS.DURS.EX,,,,,,,,,,,,,,,,,,,,,,,,,,,,,,,,,,,,,,,,,,,,,,,,,,,6.2,,,,,,,
BLZ,GC.TAX.IMPT.ZS,,,,,,,,,,,,,,,,,,,,,,,,,,,,,,,55.88737587,57.35456973,53.03685851,52.79518734,53.0887622,55.63547717,31.64005458,,,,,,,,,,,,,,,,,,,,,
BLZ,GC.TAX.EXPT.ZS,,,,,,,,,,,,,,,,,,,,,,,,,,,,,,,1.470854351,1.54333051,1.1305341,1.122192232,1.019142416,1.181053274,0.004787782,,,,,,,,,,,,,,,,,,,,,
BLZ,EG.IMP.CONS.ZS,,,,,,,,,,,,,,,,,,,,,,,,,,,,,,,,,,,,,,,,,,,,,,,,,,,,,,,,,,
BLZ,BX.GSR.TRVL.ZS,,,,,,,,,,,,,,,,,,,,,,,,,21.46892655,28.0839895,37.85046729,34.40571939,29.68435191,33.19743739,33.07325531,37.000815,42.14586255,46.11295681,58.90405871,58.45970815,67.48866727,68.92048752,70.48771805,63.95347478,68.41260731,64.81825132,65.92936489,69.44998877,70.5748603,69.59048071,70.85847123,72.14329102,72.03473259,74.41655194,74.74060819,72.77601924,73.22411468,78.33426669,76.78881789,74.95164407,74.33328605,
BLZ,BX.GSR.TRAN.ZS,,,,,,,,,,,,,,,,,,,,,,,,,14.68926554,15.22309711,13.31775701,15.90705987,13.63331095,15.6668608,12.65713047,9.290953545,9.887798036,8.305647841,8.527656483,4.668463774,4.489573889,4.679338363,4.877180491,5.648464862,6.9974942,7.287116116,9.925335724,10.54554969,11.63821307,9.833307658,7.810830108,7.563912018,6.502061513,4.903427815,5.615799187,6.488486171,5.501436958,5.150812265,4.984759366,5.047473427,5.321626037,
BLZ,BX.GSR.TOTL.CD,,,,,,,,,,,,,,,,,,,,,,,,,129900000,131150000,144600000,164700000,201850000,219950000,255150000,257100000,289900000,288400000,280490000,300176500,315445000,338690000,333810000,404286920.9,430609975.6,433958032.8,483393435.7,521232221.6,532400145.6,621781575.9,786064530.3,823317708.7,872493092.4,732767580.3,834170906.4,948530342.4,1039521955,1062177962,1091434215,1040919495,975774627.3,
BLZ,BX.GSR.NFSV.CD,,,,,,,,,,,,,,,,,,,,,,,,,35400000,38100000,42800000,55950000,74450000,85850000,115350000,122700000,142600000,150500000,121147000,132806000,137875000,137840000,140450000,157550375.9,161778911.5,171411628.8,184242660.7,215545227.5,238140221.8,306951848.4,367036154.3,400086591.6,386592313.2,344344095.7,353846432.2,340185856.3,406560306.5,448053138.1,494314252.4,495732587.1,525727234.4,
BLZ,BX.GSR.MRCH.CD,,,,,,,,,,,,,,,,,,,,,,,,,93200000,90150000,92600000,102850000,119400000,124400000,129200000,126100000,140600000,132000000,156464000,164552000,171270000,193400000,186160000,241914011.7,261923857.6,253941945,294908237.2,300201564.6,289916809.1,308048780.4,408927959.7,416264480,479973484.8,383955784.5,475729501.2,603581171.1,627854152.7,608074014.1,588687029.1,537911604.9,442799709.7,
BLZ,BX.GSR.INSF.ZS,,,,,,,,,,,,,,,,,,,,,,,,,0,0,0,0,0,0,0,0,0,0,1.305438847,0.978494948,1.174977335,1.450957632,0.783196867,0,0,0.314717799,0.039164307,0.273584096,0.268465804,0.253660506,0.228276683,0.20050908,0.604889066,1.553809631,1.998067939,1.631055882,0.958356759,0.690952655,0.621951547,0.836495984,0.663210148,
BLZ,BX.GSR.GNFS.CD,,,,,,,,,,,,,,,,,,,,,,,,,128600000,128250000,135400000,158800000,193850000,210250000,244550000,248800000,283200000,282500000,277611000,297358000,309145000,331240000,326610000,399464387.6,423702769.1,425353573.8,479150897.8,515746792,528057030.9,615000628.9,775964114,816351071.6,866565798,728299880.2,829575933.4,943767027.4,1034414459,1056127152,1083001282,1033644192,968526944.2,
BLZ,BX.GSR.CMCP.ZS,,,,,,,,,,,,,,,,,,,,,,,,,63.84180791,56.69291339,48.8317757,49.68722073,56.68233714,51.13570181,54.26961422,53.70823146,47.96633941,45.58139535,31.26284596,35.89333313,26.8467815,24.94921648,23.85190459,30.39806036,24.58989849,27.57991476,24.10613508,19.73087744,17.51846083,20.32255113,21.10242198,20.09228788,20.85831683,19.12621062,17.64552468,19.10443871,20.3160916,15.82396839,17.6044712,19.16438652,19.68187776,
BLZ,BX.GSR.CCIS.ZS,,,,,,,,,,,,,,,,,,,,,,,,,,,,,,,,,,,21.14084542,24.10922699,17.49048051,15.04643064,10.46635813,12.8603311,7.952465496,11.09280258,11.31175933,10.61624311,11.30620152,12.29366811,12.46880827,12.28280298,12.79826339,11.32122452,9.561052749,9.797659347,11.51380617,9.828691625,11.67827087,13.60182967,16.05178867,
BLZ,BX.GSR.CCIS.CD,,,,,,,,,,,,,,,,,,,,,,,,,,,,,,,,,,,25611500,32018500,24115000,20740000,14700000,20261500,12865412.12,19014353.58,20841086.36,22882805.37,26924613.38,37735641.5,45765034.34,49141847.79,49477102.48,38983968.2,33831444.03,33330251.35,46810565.65,44037761.26,57727357.37,67428702.12,84388624.67,
BLZ,BN.GSR.MRCH.CD,,,,,,,,,,,,,,,,,,,,,,,,,-23100000,-23650000,-15700000,-24100000,-41850000,-64100000,-59200000,-97500000,-103900000,-118500000,-75386000,-66050000,-58240000,-89505000,-104747500,-123035405.9,-205734864.8,-214078260.9,-195577518.6,-210250859.8,-175137342.8,-236164869,-188944285.4,-218453181,-308265769.1,-236556344.1,-171493846.6,-174593903.9,-209125497.2,-267833299.1,-336845367,-423353128.4,-473328756.7,
BLZ,BN.GSR.GNFS.CD,,,,,,,,,,,,,,,,,,,,,,,,,-17100000,-13100000,-13050000,-14100000,-20750000,-40750000,-3850000,-43000000,-42900000,-60500000,-42201500,-28143500,-11710000,-43315000,-63297500,-70653468.46,-166561465.9,-162844254.5,-141161220.8,-135689422.7,-84088082.01,-88005496.07,25931934,13477104.08,-91248702.91,-53959075.13,19961433.07,-5491301.205,9363001.63,-27570992.45,-67121775.15,-148978201.2,-163283832.5,
BLZ,BM.GSR.TRVL.ZS,,,,,,,,,,,,,,,,,,,,,,,,,19.3877551,17.05989111,11.45703611,10.77257889,12.27741331,12.08,11.08333333,10.99706745,17.5245098,22.16216216,21.17834304,21.94848234,28.62773003,19.47626841,21.36363636,34.40100519,33.02803535,34.87885259,33.86251121,32.50856054,28.96534389,26.22278179,26.98755081,25.42218317,24.04897682,25.16814278,22.47163169,19.74091248,19.63026494,19.31098363,21.59998571,21.36936364,24.49216754,
BLZ,BM.GSR.TRAN.ZS,,,,,,,,,,,,,,,,,,,,,,,,,53.87755102,52.68602541,41.43212951,41.78454842,45.67947516,46.928,47.70833333,49.17888563,45.44117647,40.22702703,42.05030553,42.85586331,41.48010291,47.02673213,44.94949495,28.29896264,30.17794075,30.05210001,29.22636505,28.25381741,30.50620528,31.8708319,36.07261244,33.89473731,41.00759935,34.07934846,35.71081793,41.06173759,38.42296651,36.62021364,36.39714042,31.65382946,31.3512804,
BLZ,BM.GSR.TOTL.CD,,,,,,,,,,,,,,,,,,,,,,,,,160500000,154500000,160050000,186250000,230300000,270100000,269200000,310900000,348900000,366400000,348009500,350571000,353215000,405360000,429207500,515081127.6,650070518.5,663851783.2,692035812.9,746399519,733232368,824213312.1,885415139.5,968793426.6,1128919070,894994611.3,971730314.5,1052210166,1148414700,1207738672,1301259087,1285363604,1247609694,
BLZ,BM.GSR.NFSV.CD,,,,,,,,,,,,,,,,,,,,,,,,,29400000,27550000,40150000,45950000,53350000,62500000,60000000,68200000,81600000,92500000,87962500,94899500,91345000,91650000,99000000,105168438.5,122605512.7,120177622.4,129826362.8,140983790.4,147090961,158792475.5,152159934.9,168156306.5,169575247.1,161746826.7,162391152.5,171083253.6,188071807.6,207790831.4,224590660.5,221357659.9,215682310.2,
BLZ,BM.GSR.MRCH.CD,,,,,,,,,,,,,,,,,,,,,,,,,116300000,113800000,108300000,126950000,161250000,188500000,188400000,223600000,244500000,250500000,231850000,230602000,229510000,282905000,290907500,364949417.5,467658722.3,468020205.9,490485755.8,510452424.3,465054151.9,544213649.4,597872245.1,634717661,788239253.8,620512128.6,647223347.8,778175075.1,836979649.9,875907313.1,925532396.2,961264733.3,916128466.5,
BLZ,BM.GSR.INSF.ZS,,,,,,,,,,,,,,,,,,,,,,,,,4.965986395,5.208711434,3.399750934,3.482045702,3.805060918,3.792,3.875,4.046920821,3.700980392,3.340540541,9.281227796,8.779287562,8.730636598,8.619749045,8.686868687,8.532556423,9.360709096,10.99737669,15.87096848,18.73895351,21.90115934,21.96487953,17.17627241,24.70251216,14.96754391,16.10488257,16.28840116,15.15401795,17.78932265,14.59717846,14.99844117,19.94981155,16.00044195,
BLZ,BM.GSR.GNFS.CD,,,,,,,,,,,,,,,,,,,,,,,,,145700000,141350000,148450000,172900000,214600000,251000000,248400000,291800000,326100000,343000000,319812500,325501500,320855000,374555000,389907500,470117856.1,590264235,588197828.3,620312118.6,651436214.7,612145112.9,703006125,750032180,802873967.5,957814500.9,782258955.3,809614500.4,949258328.6,1025051458,1083698145,1150123057,1182622393,1131810777,
BLZ,BM.GSR.CMCP.ZS,,,,,,,,,,,,,,,,,,,,,,,,,21.76870748,25.04537205,43.71108344,43.96082699,38.23805061,37.2,37.33333333,35.7771261,33.33333333,34.27027027,27.49012363,26.41636679,21.16153046,24.87725041,25,28.76747575,27.43331481,24.07167071,21.04015527,20.49866854,18.62729148,19.94150678,19.76356434,15.98056736,19.97587992,24.64762619,25.52914921,24.04333198,24.1574459,29.47162428,27.00443269,27.02699535,28.15611011,
BLZ,BG.GSR.NFSV.GD.ZS,,,,,,,,,,,,,,,,,,,,,,,,,30.7254623,31.3889553,36.40552995,36.84686314,40.58431248,40.85088806,42.45248759,42.92581356,43.26188433,43.40384374,35.99975347,36.71837861,35.73835198,35.0733558,34.75364643,35.85467661,34.17784404,33.44448082,33.6784516,35.99943051,36.41658283,41.799937,42.64557752,44.03026578,40.6369531,37.85393455,36.95029811,34.38924329,37.78755903,40.6421015,42.12749936,41.15187135,42.58282377,
