BRB,TX.VAL.TRVL.ZS.WT,,,,,,,,,,,78.65497076,88.15450644,88.31741367,85.5625,86.28099174,82.2011585,78.00655124,80.3024847,78.90091116,80.60888113,77.6504298,80.14661879,75.13458461,75.05445041,75.99895534,75.19628837,74.8757343,78.96297811,81.22534841,79.53484927,81.05716336,78.61111111,77.98889648,79.31401367,75.39765728,76.72831934,75.92331671,74.47525998,75.08163384,72.2685345,72.38397706,71.35144033,69.20371906,71.25797812,69.81298478,75.24074134,77.79187602,73.03158998,69.05679417,75.90355025,66.91498412,77.20785614,77.02031722,70.21236331,,,,
BRB,TX.VAL.TRAN.ZS.WT,,,,,,,,,,,5.458089669,5.150214592,5.437178545,5.6875,5.013774105,8.846761453,7.112774918,5.977673749,7.374715262,6.709327128,7.283969235,5.52064632,6.329113924,5.34340061,5.19717942,4.389721627,4.010393131,1.124974432,1.235866421,0.911043626,1.044407239,1.456228956,1.53358268,1.417381794,1.806792948,2.021924057,2.026771385,2.306830345,2.220070786,2.435958902,2.478046106,2.287298754,2.208460352,2.181470781,2.335250128,2.170044843,2.185160696,2.420551742,1.576413664,2.755566574,1.675401534,3.782586397,4.05445522,4.212720084,,,,
BRB,TX.VAL.TECH.MF.ZS,,,,,,,,,,,,,,,,,,,,,,,,,,,,,,,,,20.41445563,19.37608359,20.00397836,18.43483435,15.3343587,17.78631782,20.96742541,25.23925863,22.7147219,21.37945342,15.9346116,15.62871009,15.93356508,20.34828202,18.06371867,9.992496605,4.273125349,9.799475916,12.13086509,13.6876076,12.0270792,15.26603467,16.44328381,18.34739621,24.34814584,
BRB,TX.VAL.TECH.CD,,,,,,,,,,,,,,,,,,,,,,,,,,,,,,,,,14821782,16181483,16428115,18256354,16632886,20106861,23309677,27170045,22340068,19077539,12765733,13343863,12900277,21716027,25169271,12923375,5505582,11355774,18332852,21207630,19711310,21254959,24928712,26483703,38201403,
BRB,TX.VAL.SERV.CD.WT,,,,,,,,,,,51299999.97,58991040.97,70838165.01,81665130.06,88397266.5,94062678.65,106850000,138850000,175600000,257850000,331550000,334200000,343650000,344350000,382900000,420300000,442600000,488900000,570450000,675050000,627150000,594000000,603162785,673777527.2,799759597,811108604.2,868376183.4,890832741.3,948167965.5,950344440.7,998770763,977135145.2,950639660.7,1063502670,1110593246,1426102926,1578694456,1667054106,1791798646,1464790051,1600603356,1256515584,1206039520,1385498227,,,,
BRB,TX.VAL.OTHR.ZS.WT,,,,,,,,,,,8.382066277,6.180257511,6.686260103,9,8.374655647,8.530805687,14.41272812,12.85559957,12.89863326,12.54605391,10.58663852,10.02393776,14.62243562,13.14069987,11.37372682,12.14608613,13.31902395,12.95766005,13.68218073,12.33982668,9.112652475,14.04040404,11.40653928,11.56167976,14.42308419,12.95757429,12.58095306,13.97568749,13.64209768,15.16818469,15.37389816,16.11343127,17.59241771,16.84057831,17.96166797,16.00301932,14.98550586,20.19551188,25.19595236,16.5842145,26.93405089,15.27272469,15.69902966,22.9537029,,,,
BRB,TX.VAL.MRCH.XD.WD,,,,,,,,,,,,,,,,,,,,,83.60271709,71.78997613,95.0071599,118.5999633,144.5511291,130.9792546,102.2008445,59.20029374,65.02551863,68.97227832,78.97154397,76.14172939,69.81347531,68.66421884,66.6487975,87.7110336,103.036901,103.8898476,92.36350285,96.86065724,100,95.0982192,88.67266385,91.70185423,102.1663301,131.9809069,187.1610061,192.3344961,179.1059299,138.9836607,157.5116578,174.4593354,207.4690655,169.9111437,174.1846888,177.3152194,189.8292638,
BRB,TX.VAL.MRCH.WR.ZS,,,,,,,,,,,,,,,,,,,,,,,,,,,,,,,,,,,,,,,,,,,,,,,,,,,,,,,,,,
BRB,TX.VAL.MRCH.WL.CD,,25000000,26100000,40800000,35200000,37500000,42900000,42428000,36600000,,45508000,43345000,44805000,53535000,84732000,106472000,86351000,95357000,129816000,150655000,214185000,193408000,257034000,320732000,389453000,345862000,273238000,154786000,173250000,194504576,208977873,204820000,163506572,134098000,146740900,239180086,278333196,282943660,253136586,263809232,273030263,259340687,241477550,193014750,208936739,259956645,323927739,305707325,363422957,322161442,313062992,377557572,430153676,338715775,362920188,406460860,449475108,
BRB,TX.VAL.MRCH.RS.ZS,,2.8,24.5210728,29.16666667,28.40909091,33.86666667,33.1002331,32.04958989,31.14754098,,28.03902611,32.65889953,31.74645687,24.56897357,32.76920172,21.19524382,23.77968987,24.6756924,30.12802736,19.47695065,23.38632491,14.52576936,26.49299314,20.98512153,19.76592811,19.54276561,22.01853329,27.23372915,26.6031746,28.20022394,39.38703884,31.05165511,12.92523581,1.636862593,1.207415247,16.70249044,14.19488173,17.14769152,15.65982288,15.3137897,17.919956,19.14987061,19.02860121,1.921459888,2.404796794,2.867433914,1.739381449,2.846536634,5.636274375,5.479965539,3.934864329,1.410174605,1.270507334,1.504261205,1.520500425,1.301185064,1.358966468,
BRB,TX.VAL.MRCH.R6.ZS,,,,,,,,,,,0.008789663,0.009228285,0.024550831,,0.012982108,0.053535202,0.004632257,0.013632979,0.001540642,0.019249278,0.023811191,0.00930675,0.013616876,0.20671464,0.001797393,0.008384847,0.032206355,0.025196077,0.008080808,0.009317519,0.002431358,0.063958598,0.010066874,0.012677296,0.480123129,0.027011028,0.039656067,0.038728205,0.031080454,0.031241515,0.067540132,0.188706603,0.412667761,0.266176031,0.285175313,0.079050489,0.117954394,0.146451839,0.07867142,0.123509194,0.167700435,0.058080414,0.071583719,0.080766832,0.025542806,0.031394167,0.026926741,
BRB,TX.VAL.MRCH.R5.ZS,,16.8,,,,,,,,,0.004394832,0.053062637,0.002231894,,,0.001878428,0.004632257,0.016779051,0.002310963,0.004646377,0.026145622,0.011891959,0.022565108,0.002806081,0.004365097,0.002602194,0.00292785,0.037471089,0.007503608,0.001888387,0.008952144,0.014158774,0.077844577,0.020880252,0.011112103,0.025402198,0.014776175,0.008126706,0.008053755,0.014567345,0.025005287,0.003982406,0.01929786,0.029487384,0.024260453,0.031760681,0.039697743,0.039278418,0.058194728,1.112053937,0.277731326,0.265553143,0.198775705,0.079828582,0.033252215,1.467257635,1.662351233,
BRB,TX.VAL.MRCH.R4.ZS,,,,,,,,,,,,,,0.005603811,4.382051645,,,,,,0.000466886,,0.001556214,0.005612162,,0.000578265,,,,0.006646116,,0.008299971,0.006689639,0.001491447,0.005575814,0.001392674,0.007390064,0.070665658,0.000474447,0.015509313,1.646366579,0.053189494,0.022010328,0.019800559,0.014653718,0.010169388,0.016381431,0.009813308,0.011540273,0.01669101,0.030450102,0.036584619,0.006307513,0.004913264,0.019217448,0.024888005,0.032232263,
BRB,TX.VAL.MRCH.R3.ZS,,1.2,1.149425287,1.225490196,1.136363636,1.333333333,3.03030303,1.819553125,1.639344262,,2.491869561,4.521859499,5.407878585,7.626786215,7.340792145,6.480577053,8.438813679,5.590570173,5.308282492,7.797285188,4.913976235,14.63589924,6.218243501,5.643029071,8.021763859,12.52175723,6.443100886,12.55733723,14.10562771,18.08379614,13.92380379,18.88780393,19.95676051,27.99743471,27.66335902,26.2793793,34.36423049,30.58392367,28.59664347,27.79046944,21.49742023,27.78465263,27.7734514,32.8213279,31.51035013,33.29294083,26.94151056,28.3320506,27.5312605,30.14552033,29.76933601,26.98432731,21.46601951,30.56435355,31.10286469,26.04487109,25.29961259,
BRB,TX.VAL.MRCH.R2.ZS,,,,,,,,,,,,,,,,,,,,,,,,,,,,,,0.009713396,,0.000976467,0.005944715,,,0.000171001,0.00037509,0.034120927,0.008670418,0.012833516,28.47509655,0.413441104,0.107587641,0.040000052,0.042722979,0.182601218,0.427831221,0.226379594,0.15748785,0.096938975,0.128676979,0.014995594,0.109156803,0.310698845,0.213240273,0.104748093,0.145524188,
BRB,TX.VAL.MRCH.R1.ZS,,,,,,,,,,,0.006592248,0.029991925,0.008927575,,0.011801917,0.001878428,0.001158064,0.027265958,2.687650213,0.46397398,0.391250554,0.119953673,0.32096921,0.141862988,0.179225735,0.427338071,1.783792884,0.748775729,0.457720058,0.007764342,0.260985525,,0.106360251,0.04772629,0.103654809,0.275029168,0.221735319,0.031927911,0.019685025,0.104963726,0.916740501,0.2923741,0.182812025,0.283501649,0.338967193,0.341773529,0.64131371,1.62099845,0.8912142,0.813851895,1.132893089,1.652676429,1.856978667,3.356416157,3.021384966,3.32931343,5.135725336,
BRB,TX.VAL.MRCH.OR.ZS,,18,1.149425287,1.225490196,1.136363636,1.333333333,3.03030303,1.819553125,1.639344262,,2.511646304,4.614142346,5.443588885,7.632390025,11.74762781,6.537869111,8.449236257,5.648248162,7.99978431,8.285154824,5.355650489,14.77705162,6.576950909,6.000024943,8.207152083,12.96066061,8.262027976,13.36878012,14.57893218,18.1191259,14.19617282,18.97519773,20.16366657,28.08021,28.26382488,26.60838537,34.6481632,30.76749308,28.66460757,27.96958486,52.62816928,28.73634633,28.51782702,33.46029358,32.21612978,33.93829613,28.18468905,30.37497221,28.72836897,32.30856534,31.50678794,29.01221751,23.70882191,34.39697723,34.4155024,31.00247242,32.30237235,
BRB,TX.VAL.MRCH.HI.ZS,,79.2,74.32950192,69.60784314,70.45454545,64.8,63.86946387,66.13085698,67.21311475,,69.44932759,62.72695813,62.80995425,67.79863641,55.48317047,72.26688707,67.77107387,69.67605944,61.87218833,72.23789453,71.2580246,70.69717902,66.93005595,73.01485352,72.02691981,67.49657378,69.71943873,59.39749073,58.81789322,53.68065017,46.41678835,49.97314715,66.91109762,70.28292741,70.52875988,56.68912419,51.15695506,52.0848154,55.67556955,56.71662544,29.45187472,52.11378306,52.45357177,64.61824653,65.37907342,63.19426995,70.0759295,66.77849116,65.63535666,62.21146912,64.55834773,69.57760789,75.02067075,64.09876156,64.06399718,67.69634252,66.33866118,
BRB,TX.VAL.MRCH.CD.WT,23864700,25230900,29329300,40667600,35173200,37490700,40809900,41496200,40116000,37127500,39573000,40552300,44489200,53504900,86034100,107317000,86253000,96502000,130584000,151967000,226000000,195000000,257000000,321000000,390000000,352000000,275000000,154000000,173000000,186000000,216000000,207000000,191000000,187000000,182000000,239000000,281000000,283000000,252000000,264000000,272000000,259000000,241500000,249750000,278250000,359450000,509733000,523823000,487795000,378522000,428983000,475140000,565042000,457488000,435160000,482921000,517000000,
BRB,TX.VAL.MRCH.AL.ZS,,,,,,,,,,,0.002197416,,,0.117680022,4.397394137,,0.002316128,0.003146072,0.00693289,0.005973914,0.009337722,0.004136334,0.001945268,0.136250826,,0.000578265,0.006221682,,0.006349206,0.027085224,0.000421097,0.025388146,0.010339034,0.001491447,0.00600855,0.00935404,0.015036295,0.07867432,0.033472443,0.022611036,1.656963206,0.037383644,0.049528414,0.782898716,0.029264839,0.014864017,0.152593292,0.175673906,0.371623194,0.221642912,0.078865917,0.156887332,0.176138911,0.271285269,0.393005417,0.34003274,0.324453117,
BRB,TX.VAL.MMTL.ZS.UN,,,,,,,,0.722316468,0.634614403,0.544116304,0.336861188,0.629965699,0.343076083,0.530372769,0.826593163,0.278206985,0.413076314,0.27466419,0.210111804,0.294907792,0.231539087,0.176132097,0.09892117,0.112046072,0.185791676,0.06716785,0.478103686,0.209956126,0.148021267,0.075167263,0.085596314,0.260384093,0.474107734,0.437197554,0.337321258,0.368475907,0.500269886,0.489087061,0.263017648,0.33805718,0.226436985,0.134232547,0.267746857,0.248965014,0.906139296,1.048795403,1.505454384,2.353481617,2.705021699,1.613019341,1.203825035,1.062096696,0.835761922,0.995384006,1.256161312,0.998928784,0.70377974,
BRB,TX.VAL.MANF.ZS.UN,,,,,,,,4.797404944,10.33528873,21.85526148,25.38402293,25.26656187,35.10637642,40.52224972,35.01454579,28.78233501,46.91063664,49.81546207,59.39092517,63.60193494,52.5042981,69.59827596,71.66435624,87.17145286,84.02699939,83.8408615,80.29731589,50.80479678,53.73889283,54.99290073,43.29882832,43.92147365,54.69540865,61.69802037,61.04843067,58.78830852,51.05699106,53.71323772,56.90060166,54.77431047,51.72155641,50.60555216,49.65362279,51.83648982,46.68334406,50.43525672,56.67923252,43.19657739,48.98254034,52.72695523,63.9791956,58.11911408,55.35145327,52.72001984,53.99299899,57.47949165,60.2426822,
BRB,TX.VAL.INSF.ZS.WT,,,,,,,,,,,7.504873294,0.515021459,-0.440852314,-0.25,0.330578512,0.421274355,0.467945718,0.864241988,0.825740319,0.135737832,4.478962449,4.308797127,3.913865852,6.461449107,7.430138417,8.267903878,7.794848622,6.9543874,3.856604435,7.214280424,8.785776927,5.892255892,9.070981559,7.706924779,8.372465582,8.292182311,9.468958842,9.242222187,9.056197702,10.1273219,9.764078667,10.24782965,10.99540288,9.719972786,9.890097127,6.5861945,5.037457419,4.352346399,4.170839807,4.756668677,4.475563459,3.736832771,3.2261979,2.621213704,,,,
BRB,TX.VAL.ICTG.ZS.UN,,,,,,,,,,,,,,,,,,,,,,,,,,,,,,,,,,,,,,,,,2.242226488,1.796745498,0.858963814,1.197632278,2.197134802,4.888007898,5.410737174,2.114216474,1.062092228,2.892177383,1.506133198,0.664384483,0.763920983,0.702672386,0.773014753,1.561882505,,
BRB,TX.VAL.FUEL.ZS.UN,,,,,,,,1.201257277,1.054235825,1.34833737,1.269053198,0.237487728,0.59874987,0.783441053,1.657730316,1.231928567,0.958451714,0.345762529,0.544779681,0.199038603,0.17669393,0.151809503,0.240775705,0.346710742,0.330386185,0.001150308,0.014014617,18.05748179,16.57050267,19.37149531,27.52465732,28.38340106,0.042349491,0.12244203,0.024774928,0.024585798,0.00760667,0.008411908,2.961349918,5.729642709,8.624427778,5.13270533,3.737827165,7.465995536,8.825210579,7.896872935,9.421866682,22.98840669,8.509967831,5.18462777,0.021633232,7.378605979,10.80756093,9.206663556,9.42637536,5.564839393,3.551638186,
BRB,TX.VAL.FOOD.ZS.UN,,,,,,,,93.2477375,87.94541458,76.21321317,72.97992569,73.72195336,63.92192133,57.78346077,62.13630634,69.05840679,51.28617632,49.39837671,39.74889345,35.74745415,46.98861812,29.98356327,27.88091247,12.30426391,15.38189621,15.73887957,18.91750978,28.85870719,27.21665906,22.98119268,27.26402109,25.54407182,43.6520813,37.05780197,37.93723867,39.17725529,47.24601828,44.89716443,38.94415999,37.25949102,37.1631932,41.80848312,42.56162839,37.71371261,41.9501941,38.6238455,30.34724484,30.28455385,38.57065367,38.71774864,32.87015651,31.50488853,31.45309951,35.39007723,33.44277343,33.81151225,33.81258392,
BRB,TX.VAL.AGRI.ZS.UN,,,,,,,,0.019145552,0.021302469,0.031947768,0.0209291,0.130736463,0.019874633,0.37021417,0.348243525,0.642164142,0.421366026,0.161102389,0.103713555,0.148641458,0.058105649,0.020067139,0.010107795,0.007334125,0.010842502,0.158790915,0.071752947,0.860172617,0.570248767,0.683376559,0.131694423,0.231975214,0.497736845,0.402711003,0.361321598,1.232792316,0.589476451,0.367413736,0.198376594,0.183140171,0.157456582,0.197654339,0.54215091,0.656312193,0.256086091,0.205057314,1.009247255,0.334573863,0.178020046,0.18738903,0.450638859,0.274167093,0.423907472,0.439016484,0.323404434,0.58150136,0.191699951,
BRB,TX.QTY.MRCH.XD.WD,,,,,,,,,,,,,,,,,,,,,,,,,,,,,,,,,,,,,,,,,100,98.78677562,94.69894391,87.88207392,84.80641831,89.31375356,114.1580813,110.0912891,88.06992424,72.4811418,77.37212258,73.0609832,88.61551268,75.58989727,78.93417968,88.2331085,96.87612219,
BRB,TT.PRI.MRCH.XD.WD,,,,,,,,,,,,,,,,,,,,,,,,,,,,,,,,,,,,,,,,,100,97.75848967,96.50022089,100.8526937,107.9076421,118.203826,121.5841457,120.1189885,121.9352116,125.9653983,118.2401287,111.9143554,117.2336867,114.3905331,114.102763,120.4177517,122.8277988,
BRB,TM.VAL.TRVL.ZS.WT,,,,,,,,,,,10.47040971,14.60869565,13.76701967,14.66992665,13.01518438,12.80878317,14.70852018,15.69126378,13.65517241,14.18439716,15.88939331,16.3250366,18.38807992,16.48431802,16.37047163,16.96149844,16.84327942,18.99117276,21.49663677,20.97244006,20.82982308,21.55358427,21.55904296,21.37695705,19.74937343,20.48731257,20.29858923,20.25446601,20.07080942,20.02540709,20.44565217,21.42098556,21.25288155,21.23682594,20.77661892,35.2066964,34.53508872,34.83707477,29.19646159,33.11601611,40.7667449,13.0403282,9.622948494,6.299086774,,,,
BRB,TM.VAL.TRAN.ZS.WT,,,,,,,,,,,46.8892261,56.34782609,52.04236006,50.12224939,53.36225597,47.84995425,43.58744395,41.56064461,40.96551724,37.86142935,51.87783739,49.4875549,46.49508974,50.14587892,48.25700615,45.6122095,46.96040156,39.16771753,47.16928251,43.44611248,40.31171019,45.84032606,40.3653203,34.90566038,32.53132832,33.69377163,33.85837556,36.21642462,35.83201074,36.21665319,35.54347826,33.12446899,33.34911978,34.50390998,38.05866102,21.90526901,22.33099529,26.58402787,23.71099899,23.04546074,22.64278536,25.52081783,23.20338302,15.27565887,,,,
BRB,TM.VAL.SERV.CD.WT,,,,,,,,,,,32949999.98,29115749.84,34404134.51,41751297.74,44904837.31,54139287.92,55750000,58950000,72500000,91650000,121150000,136600000,147650000,137100000,146300000,144150000,179300000,198250000,178400000,223150000,237400000,208550000,194350000,249100000,299250000,346800000,365050000,389050000,409550000,432950000,460000000,470800000,465727434.5,492020325,518732385,614979526.6,643176849.4,607191477.5,700408915.3,651884998.7,672029445.3,499421779,486849369,683292752.5,,,,
BRB,TM.VAL.OTHR.ZS.WT,,,,,,,,,,,15.3262519,17.56521739,15.12859304,16.2591687,17.57049892,24.06221409,23.94618834,28.15945717,34.20689655,34.80632842,18.4482047,20.35139092,21.0971893,18.8913202,15.14012303,17.75927853,19.52035694,23.15258512,14.74215247,17.29778176,12.21566976,10.50107888,13.89246205,16.70012043,14.75355054,16.73875433,18.83303657,19.39339417,19.68013674,19.18235362,19.10869565,19.42438403,18.58392443,18.18248057,16.76473632,10.36716773,11.66605085,20.63368666,23.7948373,23.88988755,18.88754193,55.81476366,62.15459139,73.06412819,,,,
BRB,TM.VAL.MRCH.XD.WD,,,,,,,,,,,,,,,,,,,,,45.37459452,49.78443839,47.89974482,54.01903032,57.29259115,52.83421997,51.08230613,44.80299295,50.33865317,58.57592665,60.89347347,60.45240258,45.34656806,49.91566109,53.13567752,66.65870853,72.11132736,86.11219238,87.3491631,95.84793045,100,94.02707495,89.87500541,103.3692314,122.2222222,138.7872497,146.8241858,151.0470135,166.0990442,125.3774491,135.7566714,156.1270706,153.9419575,152.1499935,150.4374378,139.9673025,140.3053501,
BRB,TM.VAL.MRCH.WR.ZS,,,,,,,,,,,,,,,,,,,,,,,,,,,,,,,,,,,,,,,,,,,,,,,,,,,,,,,,,,
BRB,TM.VAL.MRCH.WL.CD,,46000000,51600000,57600000,62900000,66800000,76900000,79793000,83300000,,138811000,132540000,141558000,168553000,204138000,216003000,236847000,273429000,312573000,424272000,513019000,570741000,552871000,625251000,656899000,607291000,586655000,514603000,578958000,677774306,700289855,700786373,552823000,574006000,607914880,764484768,828904010,995500874,1021882253,1108162477,1156117447,1068630628,1070772800,1202086661,1476170737,1599477401,1620716822,1306778322,1753506554,1347805247,1203969595,1784435841,1776586926,1777466715,1749100796,1625883450,1629259069,
BRB,TM.VAL.MRCH.RS.ZS,,1.086956522,12.01550388,11.97916667,4.292527822,4.640718563,3.511053316,7.290113168,3.961584634,,2.32906614,4.300588502,2.085364303,1.700948663,1.877161528,5.267519433,4.95931973,4.412845748,6.355315398,3.701399102,2.544350209,3.725507717,5.254752013,3.963368311,7.728128677,4.099517365,1.667078607,2.55944874,2.723340899,4.04248092,6.739899581,5.912258656,3.655057767,1.443016275,1.126145818,1.083644089,1.023803589,1.066594041,0.732021128,0.29387622,0.118939041,0.151840492,0.1722074,1.145119853,1.197938528,0.844564668,0.085996763,0.765583101,0.450648216,0.524439715,0.657340769,0.36938812,0.303429735,0.354497102,0.344816949,0.349130376,0.345775642,
BRB,TM.VAL.MRCH.R6.ZS,,,,,,,,,,,0.020891716,0.029425079,0.05015612,0.039750108,0.061722952,0.14953496,0.103020093,0.095454396,0.123171227,0.048082362,0.054968724,0.032589213,0.015193418,0.028628503,0.011569511,0.482799844,0.015000298,0.01962678,0.016754238,0.026788121,0.027019812,0.046175841,0.023877444,0.016898778,0.03134929,0.116286686,0.059680855,0.126888286,0.2495127,0.106818271,0.112520835,0.10227023,0.17849725,0.116941902,0.135436501,0.036165062,0.161106861,0.18429438,0.209774579,0.216303877,0.215802294,0.107844057,0.16738573,0.172953731,0.216498101,0.197746278,0.24829182,
BRB,TM.VAL.MRCH.R5.ZS,,10,0.581395349,0.694444444,0.635930048,0.598802395,0.520156047,0.476232251,0.360144058,,0.375330485,0.431567829,0.439395866,0.5090387,0.268445855,0.337032356,0.316660122,0.322935753,0.198353665,0.218020515,0.147362963,0.11721604,0.153381168,0.132586753,0.136550672,0.168453015,0.181196785,0.219975399,0.197769096,0.16134663,0.210902527,0.181518512,0.109619173,0.106967523,0.111067688,0.117703849,0.123571486,0.155876006,0.197291321,0.214780328,0.259536261,0.291592335,0.215652658,0.303709052,0.218465854,0.234704223,0.37068388,0.390162961,0.43412327,0.629960153,0.841635291,0.579979104,0.516081643,0.49384846,0.973041579,1.068844203,1.143255198,
BRB,TM.VAL.MRCH.R4.ZS,,,,,,,,,,,0.035299796,0.034706504,0.030376242,0.049242671,0.008817565,0.079628524,0.056154395,0.00585161,0.03583163,0.00659954,0.002923868,0.007008433,0.041601024,0.002558972,0.000761152,0.002140654,0.001022748,0.001748921,0.001209069,0.001477188,0.00542661,0.006867999,0.002170677,0.026828988,0.012237404,0.028316588,0.017020789,0.21911141,0.027657002,0.017731696,0.184960361,0.025381455,0.01522265,0.032034047,0.130342578,0.016984485,0.018163136,0.039881745,0.050792054,0.029678917,0.026276162,0.014679878,0.021393437,0.016428043,0.021784679,0.057921741,0.019839264,
BRB,TM.VAL.MRCH.R3.ZS,,6.956521739,10.65891473,13.54166667,12.24165342,12.7245509,13.00390117,11.02101688,10.68427371,,9.973993416,7.965897088,9.776204807,12.44415703,18.95335508,18.18632149,14.75467285,16.03012116,11.54546298,12.36023117,10.66880564,12.70698969,11.60632408,8.265000776,7.894820969,11.13107225,10.19900964,12.01003492,11.87046383,11.78086294,10.53591031,11.27115124,12.99566046,12.55596631,12.09238833,11.66010596,11.73772678,10.85315019,8.124991481,8.475961238,8.40935402,8.604684312,9.502650796,8.4514638,8.237185371,8.72254287,8.676316559,10.20902128,10.62549065,12.21922977,10.95398975,12.05174527,13.64036797,12.90280482,14.05207073,11.39835755,10.35214265,
BRB,TM.VAL.MRCH.R2.ZS,,,0.19379845,0.173611111,,,,,,,0.020891716,0.048287309,0.021192727,0.009492563,0.005388512,0.009722087,0.008022056,0.021943539,0.028793274,0.027105253,0.007602058,0.002277741,0.015012544,0.015353834,0.023747943,0.017125233,0.023523195,0.044305999,0.058898918,0.013197166,0.021789263,0.018211113,0.031655702,0.08571339,0.087930567,0.078627335,0.086030589,0.103846519,0.099838508,0.068736401,0.883349441,0.17764052,0.20246125,0.192386545,0.15880094,0.158929098,0.268288016,0.341358662,0.440256467,0.394697529,0.488754535,0.32974758,0.258380827,0.147639164,0.482166609,0.350576974,0.641934496,
BRB,TM.VAL.MRCH.R1.ZS,,,,,,,,0.125324277,0.120048019,,0.197390697,0.324430361,0.559487984,0.493613285,0.321841107,0.455549228,0.488501015,0.322570027,0.28921244,0.284015914,0.452614815,0.414198384,0.626366729,1.183684632,0.835744917,1.486272644,0.972292063,0.797313657,0.863620504,0.743822826,0.809177508,1.288823862,1.545702693,1.44197099,1.584957256,1.629099038,1.265602395,1.89094731,1.724141304,1.844386038,2.231748259,2.85489665,3.316249722,3.355462989,3.51231844,4.033589594,4.274789405,5.461096714,5.469134049,5.637977013,6.724586263,5.413151753,5.458082438,5.967186058,7.170845973,7.677230124,9.627429547,
BRB,TM.VAL.MRCH.OR.ZS,,16.95652174,11.43410853,14.40972222,12.87758347,13.32335329,13.52405722,11.62257341,11.16446579,,10.62379783,8.834314169,10.87681374,13.54529436,19.61957107,19.21778864,15.72703053,16.79887649,12.22082522,12.94405476,11.33427807,13.2802795,12.45787896,9.62781347,8.903195164,13.28786364,11.39204473,13.09300568,13.00871566,12.72749487,11.61022603,12.81274857,14.70868614,14.23434598,13.91993053,13.63013946,13.2896329,13.34981972,10.42343232,10.72841397,12.08146918,12.0564655,13.43073433,12.45199833,12.39254968,13.20291533,13.76934786,16.62581574,17.22957107,19.12784726,19.25104429,18.49714764,20.06169204,19.70086028,22.91640767,20.75067687,22.03289298,
BRB,TM.VAL.MRCH.HI.ZS,,81.95652174,76.5503876,73.61111111,82.82988871,82.03592814,82.96488947,81.08731342,84.87394958,,87.04713603,86.86509733,87.03782195,84.75375698,78.5032674,75.51469193,79.31364974,78.78827776,81.42385939,83.35454614,86.12137172,82.99421279,82.28736902,86.40881822,83.36867616,82.61261899,86.94087667,84.34754558,84.26794344,83.23002421,81.64987439,81.27499277,81.63625609,84.32263774,84.95392365,85.28621645,85.68656351,85.58358624,88.84454655,88.97770981,87.79959178,87.79169401,86.39705827,86.40288181,86.40951179,85.95252,86.14465538,82.60860115,82.31978071,80.34771303,80.09161494,81.13346424,79.63487822,79.94464262,76.73877538,78.90019275,77.62133138,
BRB,TM.VAL.MRCH.CD.WT,48591000,46819400,51973100,57674600,63509100,67821100,76481200,77171000,84012500,97295500,117502000,123577000,140730000,167628000,203954000,216523000,237033000,272555000,314349000,425376000,524000000,571000000,551000000,616000000,657000000,607000000,587000000,515000000,582000000,673000000,704000000,699000000,524000000,577000000,615000000,771000000,833000000,996000000,1010000000,1108000000,1156000000,1087000000,1039000000,1195000000,1412950000,1604450000,1697361000,1746179000,1920188000,1449426000,1569415000,1804907000,1779646000,1758930000,1739134000,1618092000,1622000000,
BRB,TM.VAL.MRCH.AL.ZS,,,,,,,,,,,0.034579392,0.032443036,0.029669817,0.061701661,0.008817565,0.107405916,0.065865305,0.003657257,0.032312452,0.005892446,0.002339095,0.006833222,0.040696654,0.002239101,0.000761152,0.002140654,0.00409099,0.010104877,0.012781583,0.02921415,0.005430608,0.002422707,0.002894236,0.024041561,0.005375095,0.009352966,0.002776799,0.215785647,0.02015604,0.009538764,0.168571109,0.042133829,0.030291207,0.051396877,0.128653411,0.037410719,0.038238019,0.045613628,0.052223358,0.050489713,0.058616264,0.028665362,0.097926421,0.094727962,0.04472378,0.079400771,0.085771688,
BRB,TM.VAL.MMTL.ZS.UN,,,,,,,,0.865540457,0.65675589,0.616010269,0.710358918,0.499302784,0.623043276,0.687998787,0.996144526,0.528420435,0.898724393,0.906391607,1.25740104,0.998446803,1.124476128,0.897093912,0.866260916,1.250755732,1.205169553,1.071640297,1.285352167,1.316291304,1.614384677,1.462065022,1.657686618,1.81540288,1.540156185,0.966375796,0.994672449,1.176799906,1.185968443,1.004196292,1.10380694,1.512593726,1.074405701,1.042662194,0.945512294,0.805299828,1.239678821,0.989551706,1.068839666,1.256831612,0.923608002,0.985078773,1.170996109,0.81109591,0.717913201,0.733104479,0.672953576,0.865658878,0.750449748,
BRB,TM.VAL.MANF.ZS.UN,,,,,,,,57.21474749,56.88533326,60.65387516,63.55249709,61.85928178,61.29635172,59.37925047,51.02828622,52.07866623,55.64168534,57.2500438,58.70547915,61.79988555,61.47181652,59.98114512,63.05382844,71.47929424,67.75375756,62.65208261,68.64389637,63.32406387,63.65028605,63.98380037,61.76011119,61.36937391,62.84500623,66.45664904,66.54535783,69.42806293,68.28152141,70.11675674,71.20418454,73.1272466,69.39699338,67.67420423,70.98357211,64.52287098,74.738072,64.55121843,62.62631087,73.77161559,60.01277958,62.60873129,70.01471331,51.62229507,47.86738893,50.76286182,52.49619498,57.46374802,61.02279164,
BRB,TM.VAL.INSF.ZS.WT,,,,,,,,,,,27.31411229,11.47826087,19.06202723,18.94865526,16.05206074,15.27904849,17.75784753,14.58863444,11.17241379,13.14784506,13.78456459,13.83601757,14.01964104,14.47848286,20.23239918,19.66701353,16.67596207,18.68852459,16.59192825,18.2836657,26.64279697,22.10501079,24.18317468,27.01726214,32.9657477,29.08016148,27.00999863,24.1357152,24.4170431,24.5755861,24.90217391,26.03016143,26.81407423,26.07678351,24.39998374,32.52086686,31.46786513,17.9452107,23.29770211,19.9486356,17.7029278,5.624090306,5.019077096,5.361126164,,,,
BRB,TM.VAL.ICTG.ZS.UN,,,,,,,,,,,,,,,,,,,,,,,,,,,,,,,,,,,,,,,,,8.162800394,7.772467739,8.00382424,9.204131412,10.82108185,7.845976317,7.717393243,9.918703475,5.571352262,6.382604772,6.130736194,5.034157978,4.433257392,5.430627087,5.367180612,5.450292432,,
BRB,TM.VAL.FUEL.ZS.UN,,,,,,,,8.660402489,9.893012316,7.605602348,5.538960152,6.539038239,5.850888546,6.64104989,15.86357858,16.88491455,13.01299957,13.25725551,11.59998976,14.06257558,15.35924111,15.99719696,16.19393099,10.02623441,13.626598,17.54640722,10.24029254,10.76706495,9.122302569,10.53839667,14.30643923,13.28019015,11.29132385,9.740859356,8.685993008,8.501466771,9.896067852,8.315109852,7.989755591,6.166328551,11.53300355,11.56490883,6.280046046,15.36970432,1.286108327,17.04306376,18.45173274,1.476830737,17.85393605,13.37339196,1.650964423,27.29533689,30.97182479,27.31265431,25.56725755,18.67329139,15.52896346,
BRB,TM.VAL.FOOD.ZS.UN,,,,,,,,27.68399848,26.50821166,25.13970238,24.52962524,25.57480495,27.00263784,27.67748707,26.46952288,25.27494353,24.59347371,22.86505265,22.95166385,19.32125533,17.90959317,17.45559728,17.00773225,14.88830298,14.45514713,14.99363491,15.59458984,19.40541749,19.78825099,18.38487249,17.38104052,18.63654237,21.63728821,19.89512595,20.56209043,18.26198097,17.67147444,17.68615617,16.73434336,16.31204298,15.42219996,17.15049091,18.86882299,17.04262571,20.09790989,15.09887509,15.32469381,20.36418374,18.9535385,20.63469419,24.91050846,18.58616437,19.00091309,19.6209443,19.74174508,21.48934847,21.14343455,
BRB,TM.VAL.AGRI.ZS.UN,,,,,,,,2.706999299,2.72194639,2.850667547,2.590953162,2.752214695,2.300493548,2.557128549,2.387112596,1.797660872,2.363342618,2.387983778,2.328764071,2.004410417,2.43153308,1.866097761,1.959631433,1.680032741,1.408390472,1.674835036,2.028818475,2.74257095,2.696090122,2.780357261,2.501388523,2.35352932,2.166070012,2.469259368,2.797573829,2.362391159,2.654303977,2.702543118,2.704937588,2.713940806,2.312535332,2.276763007,2.590736338,1.944299677,2.241140969,1.882191185,2.040113865,2.635706698,1.739918011,1.94878635,1.773182603,1.254233032,1.095990958,1.123291472,1.120648989,1.073867996,1.136823479,
BRB,TM.TAX.TCOM.WM.FN.ZS,,,,,,,,,,,,,,,,,,,,,,,,,,,,,,,,,,,,,19.72,,,23.33,12.98,28.81,38.72,39.16,34.89,,19.47,31.8,,,15.71,9.94,7.69,16.9,,,,
BRB,TM.TAX.TCOM.WM.AR.ZS,,,,,,,,,,,,,,,,,,,,,,,,,,,,,,,,,,,,,20.43,,,23.33,12.98,28.81,38.72,39.16,22.09,,9.98,20.68,,,15.71,9.94,7.51,15.62,,,,
BRB,TM.TAX.TCOM.SR.ZS,,,,,,,,,,,,,,,,,,,,,,,,,,,,,,,,,,,,,31.50972,,,31.66287,32.65306,12.88749,5.535767,5.33629,8.76174,,5.31522,5.400156,,,8.992338,8.042934,7.29064,8.011114,,,,
BRB,TM.TAX.TCOM.SM.FN.ZS,,,,,,,,,,,,,,,,,,,,,,,,,,,,,,,,,,,,,26.37,,,26.06,21.88,24.77,24.69,24.69,21.94,,21.23,21.23,,,13.9,13.9,14.53,21.86,,,,
BRB,TM.TAX.TCOM.SM.AR.ZS,,,,,,,,,,,,,,,,,,,,,,,,,,,,,,,,,,,,,34.35,,,31.17,24.26,33.06,33.91,34.44,24.7,,23.62,23.97,,,19.03,18.89,14.26,24.32,,,,
BRB,TM.TAX.TCOM.IP.ZS,,,,,,,,,,,,,,,,,,,,,,,,,,,,,,,,,,,,,56.7713,,,52.0013,46.37635,54.54937,60.86376,61.92165,41.15176,,50.10551,50.3885,,,50.99031,51.40421,39.58128,51.65548,,,,
BRB,TM.TAX.TCOM.BR.ZS,,,,,,,,,,,,,,,,,,,,,,,,,,,,,,,,,,,,,95.32,,,96.04,95.88,95.88,95.88,95.88,95.88,,95.79,95.79,,,95.79,95.79,95.83,95.83,,,,
BRB,TM.TAX.TCOM.BC.ZS,,,,,,,,,,,,,,,,,,,,,,,,,,,,,,,,,,,,,90.38,,,90.67,90.76,90.76,90.76,90.76,90.76,,90.42,90.42,,,90.42,90.42,89.21,89.21,,,,
BRB,TM.TAX.MRCH.WM.FN.ZS,,,,,,,,,,,,,,,,,,,,,,,,,,,,,,,,,,,,,24.05,,,22.78,18.49,19.18,19.92,20.3,19.34,,17.12,18.38,,,13.99,11.97,8.54,14.99,,,,
BRB,TM.TAX.MRCH.WM.AR.ZS,,,,,,,,,,,,,,,,,,,,,,,,,,,,,,,,,,,,,23.36,,,22.77,18.49,19.18,19.92,20.3,15.09,,12.66,14.38,,,13.99,11.97,8.35,13.9,,,,
BRB,TM.TAX.MRCH.SR.ZS,,,,,,,,,,,,,,,,,,,,,,,,,,,,,,,,,,,,,37.97993,,,40.41676,39.88072,4.039451,2.608965,2.594784,1.831742,,0.9640958,1.032517,,,1.843946,1.682478,1.689726,1.82385,,,,
BRB,TM.TAX.MRCH.SM.FN.ZS,,,,,,,,,,,,,,,,,,,,,,,,,,,,,,,,,,,,,24.26,,,21.7,19.18,13.06,13.05,13.05,13.49,,13.23,13.23,,,10.37,10.37,10.5,12.15,,,,
BRB,TM.TAX.MRCH.SM.AR.ZS,,,,,,,,,,,,,,,,,,,,,,,,,,,,,,,,,,,,,24.26,,,21.21,19.54,15.49,15.63,15.75,15.23,,15,14.62,,,13.05,13,11.39,12.05,,,,
BRB,TM.TAX.MRCH.IP.ZS,,,,,,,,,,,,,,,,,,,,,,,,,,,,,,,,,,,,,45.78502,,,41.11235,41.16117,45.10226,45.63753,45.97298,38.53218,,45.25788,44.27345,,,41.53592,41.69244,34.86051,45.73136,,,,
BRB,TM.TAX.MRCH.BR.ZS,,,,,,,,,,,,,,,,,,,,,,,,,,,,,,,,,,,,,77.94,,,78.12,78.21,78.21,78.21,78.21,78.21,,78.19,78.19,,,78.19,78.19,78.25,78.25,,,,
BRB,TM.TAX.MRCH.BC.ZS,,,,,,,,,,,,,,,,,,,,,,,,,,,,,,,,,,,,,97.67,,,97.91,97.93,97.93,97.93,97.93,97.93,,97.8,97.8,,,97.8,97.8,97.5,97.5,,,,
BRB,TM.TAX.MANF.WM.FN.ZS,,,,,,,,,,,,,,,,,,,,,,,,,,,,,,,,,,,,,27.33,,,22.49,21.62,14.84,14.34,14.93,14.45,,15.78,13.97,,,13.33,13.79,14.08,13.43,,,,
BRB,TM.TAX.MANF.WM.AR.ZS,,,,,,,,,,,,,,,,,,,,,,,,,,,,,,,,,,,,,25.58,,,22.48,21.62,14.84,14.34,14.93,12.82,,14.17,12.26,,,13.33,13.79,13.87,12.48,,,,
BRB,TM.TAX.MANF.SR.ZS,,,,,,,,,,,,,,,,,,,,,,,,,,,,,,,,,,,,,39.78844,,,42.45121,41.52015,1.988277,1.996177,2.008943,0.1152598,,0.0087063,0.0151121,,,0.2628037,0.3036017,0.0147438,0.0335368,,,,
BRB,TM.TAX.MANF.SM.FN.ZS,,,,,,,,,,,,,,,,,,,,,,,,,,,,,,,,,,,,,23.17,,,19.62,17.87,9.77,9.77,9.77,11.02,,10.79,10.79,,,9.22,9.22,9.16,9.14,,,,
BRB,TM.TAX.MANF.SM.AR.ZS,,,,,,,,,,,,,,,,,,,,,,,,,,,,,,,,,,,,,22.05,,,18.97,18.57,12.85,12.86,12.82,13.79,,13.77,13.25,,,12.14,12.1,10.79,9.68,,,,
BRB,TM.TAX.MANF.IP.ZS,,,,,,,,,,,,,,,,,,,,,,,,,,,,,,,,,,,,,42.81073,,,38.57674,39.92017,42.73629,42.28323,42.36666,37.76578,,44.1494,42.81871,,,39.3853,39.51296,33.41688,44.02039,,,,
BRB,TM.TAX.MANF.BR.ZS,,,,,,,,,,,,,,,,,,,,,,,,,,,,,,,,,,,,,73.24,,,73.31,73.46,73.46,73.46,73.46,73.46,,73.37,73.37,,,73.37,73.37,73.4,73.4,,,,
BRB,TM.TAX.MANF.BC.ZS,,,,,,,,,,,,,,,,,,,,,,,,,,,,,,,,,,,,,99.79,,,100,100,100,100,100,100,,99.95,99.95,,,99.95,99.95,99.97,99.97,,,,
BRB,TM.QTY.MRCH.XD.WD,,,,,,,,,,,,,,,,,,,,,,,,,,,,,,,,,,,,,,,,,100,95.4847104,92.62380486,99.90816207,109.4771056,111.016706,108.8844442,103.8531282,99.58958615,82.36296515,78.84930754,73.1737492,77.08428188,77.42904701,77.78703398,83.86923335,87.94769946,
BRB,TG.VAL.TOTL.GD.ZS,,,,,,,,,,,,,,,,,,,,,,,,,,,,,,,45.46986116,45.13953281,36.6497514,37.3377038,37.04744968,44.6513463,46.18817151,50.17070445,43.90390909,45.54989271,45.74723691,43.18739672,40.39941949,44.11652442,48.12269694,50.39129654,51.97320209,50.17965184,52.26451501,41.22524554,44.79055955,48.91859941,50.35463399,48.05242276,47.18161598,45.83211719,47.22844747,
BRB,ST.INT.XPND.MP.ZS,,,,,,,,,,,,,,,,,,,,,,,,,,,,,,,,,,,,10.4918383,10.10908501,9.265729541,9.329864006,9.139600122,9.307025913,10.29042124,10.11379082,9.67416098,9.000601084,12.61902564,12.37795514,12.24529778,10.86218793,14.10721655,15.66682118,5.492434346,3.813952531,3.266715821,,,,
BRB,ST.INT.XPND.CD,,,,,,,,,,,,,,,,,,,,,,,,,,,,,,,,,,,,110000000,114000000,120000000,126000000,132000000,141000000,149000000,146000000,153000000,163000000,274000000,284000000,290000000,279000000,293000000,351000000,124000000,84000000,78000000,,,,
BRB,ST.INT.TVLX.CD,,,,,,,,,,,,,,,,,,,,,,,,,,,,,,,,,,,,71000000,74000000,79000000,82000000,87000000,94000000,101000000,99000000,104000000,108000000,217000000,222000000,212000000,205000000,216000000,274000000,65000000,47000000,43000000,,,,
BRB,ST.INT.TVLR.CD,,,,,,,,,,,,,,,,,,,,,,,,,,,,,,,,,,,,622000000,659000000,663000000,712000000,687000000,723000000,697000000,658000000,758000000,775000000,1073000000,1228000000,1217000000,1237000000,1112000000,1071000000,970000000,929000000,973000000,,,,
BRB,ST.INT.TRNX.CD,,,,,,,,,,,,,,,,,,,,,,,,,,,,,,,,,,,,39000000,40000000,41000000,44000000,45000000,47000000,48000000,47000000,49000000,55000000,57000000,62000000,78000000,74000000,77000000,77000000,59000000,37000000,35000000,,,,
BRB,ST.INT.TRNR.CD,,,,,,,,,,,,,,,,,,,,,,,,,,,,,,,,,,,,8000000,8000000,9000000,9000000,10000000,10000000,9000000,8000000,9000000,9000000,8000000,7000000,7000000,7000000,10000000,3000000,13000000,18000000,19000000,,,,
BRB,ST.INT.RCPT.XP.ZS,,,,,,,,,,,,,,,,,,,,,,,,,,,,,,,,,,,,59.12946758,57.1220009,56.30579955,58.62179594,56.44207124,56.62108407,55.96799825,54.76079045,57.24099864,55.37743527,59.55704223,58.43359628,54.98233712,53.80515661,59.55833102,51.91246474,45.62237809,45.02213403,42.75629235,,,,
BRB,ST.INT.RCPT.CD,,,,,,,,,,,,,,,,,,,,,,,,,,,,,,,,,,,,630000000,667000000,672000000,721000000,697000000,733000000,706000000,666000000,767000000,784000000,1081000000,1235000000,1224000000,1244000000,1122000000,1074000000,983000000,947000000,992000000,,,,
BRB,ST.INT.DPRT,,,,,,,,,,,,,,,,,,,,,,,,,,,,,,,,,,,,,,,,,,,,,,,,,,,,,,,,,,
BRB,ST.INT.ARVL,,,,,,,,,,,,,,,,,,,,,,,,,,,,,,,,,,,,442000,447000,472000,512000,515000,545000,507000,498000,531000,552000,548000,563000,575000,568000,519000,532000,568000,536000,509000,521000,592000,632000,
BRB,NY.EXP.CAPM.KN,,,,,,,,,,,,,,,,,,,,,,,,,,,,,,,,,,,,,,,,,,,,,,,,,,,,,,,,,,
BRB,NE.TRD.GNFS.ZS,,,,,,,,,,,,,,,,,,,,,,,,,,,,,,,86.02531023,82.52619584,76.15972115,80.75324991,83.42231159,90.07143642,91.54813441,93.85068456,86.2870585,86.42666138,88.77943296,84.64055958,81.81000757,88.29412034,90.21725212,95.66751341,95.85433052,94.1707654,98.18874395,89.08785422,88.2532247,86.53264391,86.35948758,93.49268293,91.47742684,79.00046901,,
BRB,NE.RSB.GNFS.ZS,,,,,,,,,,,,,,,,,,,,,,,,,,,,,,,-0.240815825,-0.859570462,6.76610795,4.52435913,7.090526705,1.789207605,2.514945372,-2.712875922,-3.192998236,-4.722524842,-4.025308345,-4.329969679,-5.390270066,-4.091790464,-8.500860757,-7.827213712,-4.548344558,-3.80768168,-7.447963015,-3.164150156,-9.210718008,-10.72110537,-8.564648276,-10.49214092,-9.918951469,-8.544659315,,
BRB,NE.RSB.GNFS.CD,,,,,,,,,,,,,,,,,,,,,,,,,,,,,,,-4872470.541,-17252523.24,132000000,92576940.29,152538159.4,40471336.95,60657286.33,-69159250.24,-91781434.89,-142246308.4,-125650000,-134950000,-170850000,-134000000,-298750000,-305050000,-193150000,-172250000,-343150000,-140300000,-410950000,-499700000,-398800000,-483950000,-457100000,-391700000,,
BRB,NE.IMP.GNFS.ZS,,,,,,,,,,,,,,,,,,,,,,,,,,,,,,,43.13306303,41.69288315,34.6968066,38.11444539,38.16589244,44.14111441,44.51659452,48.28178024,44.74002837,45.57459311,46.40237066,44.48526463,43.60013882,46.1929554,49.35905644,51.74736356,50.20133754,48.98922354,52.81835348,46.12600219,48.73197136,48.62687464,47.46206793,51.99241192,50.69818916,43.77256416,,
BRB,NE.IMP.GNFS.KD.ZG,,,,,,,,,,,,,,,,,,,,,,,,,,,,,,,,,,,,,,,,,,,,,,,,,,,,,,,,,,
BRB,NE.IMP.GNFS.KD,,,,,,,,,,,,,,,,,,,,,,,,,,,,,,,,,,,,,,,,,,,,,,,,,,,2174250000,,,,,,,
BRB,NE.IMP.GNFS.CD,,,,,,,,,,,,,,,,,,,,,,,,,,,,,,,872719136.9,836821955.9,676900000,779893601.2,821061005.3,998458708.3,1073683687,1230845722,1286033908,1372743996,1448450000,1386450000,1381950000,1512750000,1734650000,2016750000,2131850000,2216150000,2433500000,2045250000,2174250000,2266450000,2210000000,2398150000,2336350000,2006600000,,
BRB,NE.EXP.GNFS.ZS,,,,,,,,,,,,,,,,,,,,,,,,,,,,,,,42.8922472,40.83331269,41.46291455,42.63880452,45.25641915,45.93032201,47.03153989,45.56890432,41.54703013,40.85206827,42.37706231,40.15529495,38.20986875,42.10116494,40.85819568,43.92014985,45.65299298,45.18154186,45.37039047,42.96185203,39.52125335,37.90576927,38.89741965,41.500271,40.77923769,35.22790485,,
BRB,NE.EXP.GNFS.KD.ZG,,,,,,,,,,,,,,,,,,,,,,,,,,,,,,,,,,,,,,,,,,,,,,,,,,,,,,,,,,
BRB,NE.EXP.GNFS.KD,,,,,,,,,,,,,,,,,,,,,,,,,,,,,,,,,,,,,,,,,,,,,,,,,,,1763300000,,,,,,,
BRB,NE.EXP.GNFS.CD,,,,,,,,,,,,,,,,,,,,,,,,,,,,,,,867846666.3,819569432.7,808900000,872470541.4,973599164.7,1038930045,1134340973,1161686471,1194252474,1230497688,1322800000,1251500000,1211100000,1378750000,1435900000,1711700000,1938700000,2043900000,2090350000,1904950000,1763300000,1766750000,1811200000,1914200000,1879250000,1614900000,,
BRB,MS.MIL.XPRT.KD,,,,,,,,,,,,,,,,,,,,,,,,,,,,,,,,,,,,,,,,,,,,,,,,,,,,,,,,,,
BRB,MS.MIL.MPRT.KD,,,,,,,,,,,,,,,,,,,,,,9000000,,,1000000,,,,,,,,,,,,,,,,,,,,,,,10000000,10000000,10000000,,,,,,,,
BRB,LP.LPI.TRAC.XQ,,,,,,,,,,,,,,,,,,,,,,,,,,,,,,,,,,,,,,,,,,,,,,,,,,,,,,,,,,
BRB,LP.LPI.TIME.XQ,,,,,,,,,,,,,,,,,,,,,,,,,,,,,,,,,,,,,,,,,,,,,,,,,,,,,,,,,,
BRB,LP.LPI.OVRL.XQ,,,,,,,,,,,,,,,,,,,,,,,,,,,,,,,,,,,,,,,,,,,,,,,,,,,,,,,,,,
BRB,LP.LPI.LOGS.XQ,,,,,,,,,,,,,,,,,,,,,,,,,,,,,,,,,,,,,,,,,,,,,,,,,,,,,,,,,,
BRB,LP.LPI.ITRN.XQ,,,,,,,,,,,,,,,,,,,,,,,,,,,,,,,,,,,,,,,,,,,,,,,,,,,,,,,,,,
BRB,LP.LPI.INFR.XQ,,,,,,,,,,,,,,,,,,,,,,,,,,,,,,,,,,,,,,,,,,,,,,,,,,,,,,,,,,
BRB,LP.LPI.CUST.XQ,,,,,,,,,,,,,,,,,,,,,,,,,,,,,,,,,,,,,,,,,,,,,,,,,,,,,,,,,,
BRB,LP.IMP.DURS.MD,,,,,,,,,,,,,,,,,,,,,,,,,,,,,,,,,,,,,,,,,,,,,,,,,,,,,,,,,,
BRB,LP.EXP.DURS.MD,,,,,,,,,,,,,,,,,,,,,,,,,,,,,,,,,,,,,,,,,,,,,,,,,,,,,,,,,,
BRB,IC.IMP.TMDC,,,,,,,,,,,,,,,,,,,,,,,,,,,,,,,,,,,,,,,,,,,,,,,,,,,,,,,74,74,74,
BRB,IC.IMP.TMBC,,,,,,,,,,,,,,,,,,,,,,,,,,,,,,,,,,,,,,,,,,,,,,,,,,,,,,,104,104,104,
BRB,IC.IMP.DURS,,,,,,,,,,,,,,,,,,,,,,,,,,,,,,,,,,,,,,,,,,,,,,,,,,,,8,8,8,8,,,
BRB,IC.IMP.DOCS,,,,,,,,,,,,,,,,,,,,,,,,,,,,,,,,,,,,,,,,,,,,,,,,,,,,,,,,,,
BRB,IC.IMP.CSDC.CD,,,,,,,,,,,,,,,,,,,,,,,,,,,,,,,,,,,,,,,,,,,,,,,,,,,,,,,146,146,146,146
BRB,IC.IMP.CSBC.CD,,,,,,,,,,,,,,,,,,,,,,,,,,,,,,,,,,,,,,,,,,,,,,,,,,,,,,,1585,1585,1585,1585
BRB,IC.IMP.COST.CD,,,,,,,,,,,,,,,,,,,,,,,,,,,,,,,,,,,,,,,,,,,,,,,,,,,,1615,1615,1615,1615,,,
BRB,IC.EXP.TMDC,,,,,,,,,,,,,,,,,,,,,,,,,,,,,,,,,,,,,,,,,,,,,,,,,,,,,,,54,54,54,
BRB,IC.EXP.TMBC,,,,,,,,,,,,,,,,,,,,,,,,,,,,,,,,,,,,,,,,,,,,,,,,,,,,,,,41,41,41,
BRB,IC.EXP.DURS,,,,,,,,,,,,,,,,,,,,,,,,,,,,,,,,,,,,,,,,,,,,,,,,,,,,9,9,9,9,,,
BRB,IC.EXP.DOCS,,,,,,,,,,,,,,,,,,,,,,,,,,,,,,,,,,,,,,,,,,,,,,,,,,,,,,,,,,
BRB,IC.EXP.CSDC.CD,,,,,,,,,,,,,,,,,,,,,,,,,,,,,,,,,,,,,,,,,,,,,,,,,,,,,,,109,109,109,109
BRB,IC.EXP.CSBC.CD,,,,,,,,,,,,,,,,,,,,,,,,,,,,,,,,,,,,,,,,,,,,,,,,,,,,,,,350,350,350,350
BRB,IC.EXP.COST.CD,,,,,,,,,,,,,,,,,,,,,,,,,,,,,,,,,,,,,,,,,,,,,,,,,,,,810,810,810,810,,,
BRB,IC.CUS.DURS.EX,,,,,,,,,,,,,,,,,,,,,,,,,,,,,,,,,,,,,,,,,,,,,,,,,,,6.5,,,,,,,
BRB,GC.TAX.IMPT.ZS,,,,,,,,,,,,,,,,,,,,,,,,,,,,,,,,,,,,,,,,,,,,9.893944303,10.93151611,8.836356852,8.405600236,8.939047035,9.017928686,8.063393678,8.521521799,8.09557834,8.921851642,8.974820459,,,,
BRB,GC.TAX.EXPT.ZS,,,,,,,,,,,,,,,,,,,,,,,,,,,,,,,,,,,,,,,,,,,,0.064676387,0.039423294,0,0,0,0,0,0,0,0,0,,,,
BRB,EG.IMP.CONS.ZS,,,,,,,,,,,,,,,,,,,,,,,,,,,,,,,,,,,,,,,,,,,,,,,,,,,,,,,,,,
BRB,BX.GSR.TRVL.ZS,,,,,,,,,,,75.70356473,84.11138411,85.49075391,82.02516477,83.07692308,79.64285714,76.36280348,77.56521739,76.08456892,78.3895908,74.56915279,75.63179444,71.46415721,71.81161434,71.9851577,72.04239799,70.72884431,74.36193778,77.37975952,76.5523633,77.74718972,75.60718912,75.75943214,77.46863947,73.7921946,75.3807551,74.3773156,72.94404807,73.6828404,70.81182974,70.85169687,69.74195859,67.63270796,69.64056612,68.17404901,73.81814095,76.59156226,71.58657407,67.88877654,73.94134905,65.37809103,75.04605972,74.17074655,67.80386054,,,,
BRB,BX.GSR.TRAN.ZS,,,,,,,,,,,5.253283302,4.914004914,5.263157895,5.452366687,4.827586207,8.571428571,6.962895098,5.773913043,7.11147721,6.524608712,6.994931209,5.209656925,6.019928038,5.112531259,4.922696351,4.205607477,3.788283001,1.059424059,1.177354709,0.876880302,1.001758813,1.400582902,1.489742235,1.384404017,1.768320418,1.986413407,1.985500917,2.259401896,2.178710199,2.386857686,2.425588903,2.235703922,2.158325536,2.131955805,2.280427591,2.129015122,2.151444084,2.372658279,1.549750408,2.68433175,1.636921169,3.676675132,3.904449909,4.068210663,,,,
BRB,BX.GSR.TOTL.CD,,,,,,,,,,,101649999.9,110741121.6,125228967.7,149345106.6,189798428.4,220916033.1,210600000,260900000,331400000,444050000,594000000,569150000,640450000,701600000,825150000,821850000,786550000,718300000,807400000,923050000,902900000,862100000,859012785,928827527.2,1055159597,1122708604,1230526183,1263382741,1305117966,1315044441,1378670763,1348535145,1304967661,1432798670,1513918070,1934955872,2224582784,2424419313,2490593869,2260613996,2303888875,2601520540,2305719015,2582362359,,,,
BRB,BX.GSR.NFSV.CD,,,,,,,,,,,53299999.97,61826661.83,73180352.69,85186938.79,91806527.46,97084175.96,109150000,143750000,182100000,265150000,345250000,354150000,361300000,359900000,404250000,438700000,468550000,519150000,598800000,701350000,653850000,617600000,620912785,689827527.2,817159597,825608604.2,886426183.4,909532741.3,966167965.5,969894440.7,1020370763,999685145.2,972721660.7,1088202670,1137292423,1453586341,1603435154,1700704546,1822626310,1503661574,1638229971,1292711101,1252374430,1434713364,,,,
BRB,BX.GSR.MRCH.CD,,,,,,,,,,,40399999.98,41268410.64,44189274.13,53439619.48,85718561.45,108872968.8,87950000,104450000,131650000,156000000,228850000,193000000,258200000,321950000,393500000,356850000,283400000,167050000,179550000,187400000,219000000,206500000,189850000,187550000,180200000,239850000,281250000,283950000,263750000,265000000,274200000,261750000,243477000,251746000,278446670.5,361480290,510075016,525464919,489419743.5,380205856.5,430637314.2,861933267.1,851035416.4,885412973.8,,,,
BRB,BX.GSR.INSF.ZS,,,,,,,,,,,7.22326454,0.491400491,-0.426742532,-0.23966447,0.318302387,0.408163265,0.458085204,0.834782609,0.796265788,0.132000754,4.301230992,4.066073698,3.722668143,6.182272854,7.037724181,7.921130613,7.363141607,6.549166907,3.674014696,6.943751337,8.427009253,5.667098446,8.811669903,7.527610186,8.194188411,8.146548359,9.276145599,9.05220203,8.887478013,9.923187168,9.557385074,10.01666831,10.74579347,9.49934906,9.657916338,6.461667247,4.959730415,4.266230106,4.100294766,4.633702875,4.372769405,3.632202593,3.106836162,2.531297909,,,,
BRB,BX.GSR.GNFS.CD,,,,,,,,,,,93699999.95,103095072.5,117369626.8,138626558.3,177525088.9,205957144.7,197100000,248200000,313750000,421150000,574100000,547150000,619500000,681850000,797750000,795550000,751950000,686200000,778350000,888750000,872850000,824100000,810762785,877377527.2,997359597,1065458604,1167676183,1193482741,1229917966,1234894441,1294570763,1261435145,1216198661,1339948670,1415739093,1815066631,2113510170,2226169465,2312046054,1883867430,2068867285,2154644368,2103409846,2320126338,,,,
BRB,BX.GSR.CMCP.ZS,,,,,,,,,,,11.81988743,10.48321048,9.672830725,12.76213301,11.77718833,11.37755102,16.21621622,15.82608696,16.00768808,14.95379974,14.13468501,15.09247494,18.79324661,16.89358155,16.05442177,15.83086392,18.11973109,18.02947125,17.76887108,15.62700506,12.82404221,17.32512953,13.93915572,13.61934633,16.24529657,14.48628314,14.36103788,15.744348,15.25097139,16.87812541,17.16532915,18.00566917,19.46317304,18.72812901,19.88760706,17.59117668,16.29726324,21.77453754,26.46117828,18.74061632,28.6122184,17.64506255,18.81796738,25.59663089,,,,
BRB,BX.GSR.CCIS.ZS,,,,,,,,,,,,,,,,,,,,,10.06517017,9.34632218,13.78355937,12.3923312,10.59987631,11.10098017,11.75968413,12.17374555,12.9258517,11.82719042,8.648772654,13.46340674,11.06435584,11.23469229,13.80391302,12.54831884,12.02581805,13.47395145,13.11883694,14.56344052,14.66133737,15.35483454,16.76533037,15.97588434,17.00752804,15.32003663,14.2670115,19.03843327,24.3925859,15.1368116,25.9038389,13.7772767,13.7987572,18.49890616,,,,
BRB,BX.GSR.CCIS.CD,,,,,,,,,,,,,,,,,,,,,34750000,33100000,49800000,44600000,42850000,48700000,55100000,63200000,77400000,82950000,56550000,83150000,68700000,77500000,112800000,103600000,106600000,122550000,126750000,141250000,149600000,153500000,163080000,173850000,193425327.7,222689959.9,228762277.8,323787500,444585688.4,227606419.5,424364452.6,178100385.3,172812106.7,265406278.8,,,,
BRB,BN.GSR.MRCH.CD,,,,,,,,,,,-66499999.97,-70890521.34,-83850318.76,-99121051.61,-99793938.87,-88267347.73,-131550000,-146600000,-158000000,-225250000,-254700000,-337200000,-251800000,-252800000,-220000000,-208850000,-247650000,-294450000,-338850000,-416350000,-408600000,-416250000,-277782500,-326724500,-364427000,-446984000,-461498500,-603695000,-656502000,-723264500,-756084500,-690448500,-711444025,-813835175,-981656555.3,-1154069919,-1092365234,-1174142777,-1321585781,-985852262.1,-1075985733,-876129473,-846073724.4,-801672159,,,,
BRB,BN.GSR.GNFS.CD,,,,,,,,,,,-47699999.98,-40103780.65,-47780628.57,-57931201.63,-54791694.11,-47303769.41,-82200000,-68250000,-53750000,-58300000,-38500000,-126300000,-45550000,-39600000,26150000,74200000,29600000,11550000,67000000,49300000,-4900000,-17300000,135380285,93053027.2,136282597,17024604.2,39977683.4,-101612258.7,-120584034.5,-209370059.3,-220413737,-186513354.9,-227374798.9,-241583829.9,-395251067.1,-356257905.8,-180891424.3,-142086540,-256497243.6,-193083745,-171536150.9,-103006651.7,-99029731.21,-67592835.21,,,,
BRB,BM.GSR.TRVL.ZS,,,,,,,,,,,10,13.70309951,12.76297335,13.92111369,12.48699272,12.35657546,13.71237458,14.14373089,12.71676301,13.23828921,14.91669895,15.56719023,17.51048049,15.40558964,15.1486401,15.70831995,15.78672243,17.66361717,19.87561544,19.85574883,19.76813912,20.55796936,20.16847172,19.71857064,18.67593617,19.64878319,19.24925315,19.33979629,19.10517141,19.01315789,19.4037549,20.34291478,20.25580822,20.25181348,19.56391486,33.01653719,32.10030406,31.63512811,26.99464335,30.36720351,37.33603863,12.53420096,9.271015684,6.143179025,,,,
BRB,BM.GSR.TRAN.ZS,,,,,,,,,,,44.7826087,52.8548124,48.24684432,47.5638051,51.19667014,46.16063548,40.63545151,37.4617737,38.15028902,35.33604888,48.70205347,47.19022688,44.27603999,46.86434901,44.65528147,42.24221009,44.0146367,36.42974431,43.6123348,41.13279593,38.25704577,43.72284473,37.76173285,32.19774116,30.76315374,32.31471239,32.10806598,34.58093018,34.1080767,34.38596491,33.73220549,31.4573878,31.78455463,32.90353988,35.83722677,20.54257294,20.75662075,24.14063559,21.92286073,21.13255997,20.7372924,24.53029205,22.35478326,14.89757334,,,,
BRB,BM.GSR.TOTL.CD,,,,,,,,,,,148649999.9,151249990.9,174987443.6,208960651.5,244638826.2,269557186.5,287550000,328450000,379600000,500450000,632200000,702350000,696050000,757400000,816000000,767300000,784550000,740350000,775900000,899600000,953450000,918900000,743432500,867874500,950377000,1146134000,1236148500,1405295000,1472302000,1584614500,1670134500,1617048500,1620330460,1766560500,2013138345,2466215718,2661845666,2756252699,2993048778,2540500506,2588515384,2796223873,2704972599,2779640035,,,,
BRB,BM.GSR.NFSV.CD,,,,,,,,,,,34499999.98,31039921.13,37110662.49,43997088.82,46804282.7,56120597.63,59800000,65400000,77850000,98200000,129050000,143250000,155050000,146700000,158100000,155650000,191300000,213150000,192950000,235700000,250150000,218650000,207750000,270050000,316450000,361600000,384950000,407450000,430250000,456000000,484700000,495750000,488652434.5,515951325,550886934.5,655774327.8,691961344.4,668648308.7,757537772.6,710893056.6,733780389.3,519588279.5,505330436.5,700634040.2,,,,
BRB,BM.GSR.MRCH.CD,,,,,,,,,,,106899999.9,112158932,128039592.9,152560671.1,185512500.3,197140316.5,219500000,251050000,289650000,381250000,483550000,530200000,510000000,574750000,613500000,565700000,531050000,461500000,518400000,603750000,627600000,622750000,467632500,514274500,544627000,686834000,742748500,887645000,920252000,988264500,1030284500,952198500,954921025,1065581175,1260103226,1515550209,1602440250,1699607696,1811005525,1366058119,1506623047,1738062740,1697109141,1687085133,,,,
BRB,BM.GSR.INSF.ZS,,,,,,,,,,,26.08695652,10.76672104,17.67180926,17.98143852,15.40062435,14.7396293,16.55518395,13.14984709,10.40462428,12.27087576,12.94072065,13.19371728,13.35053209,13.53101568,18.72232764,18.21394154,15.62990068,17.38212526,15.34076186,17.31014001,25.2848291,21.08392408,22.62334537,24.92131087,31.17396113,27.88993363,25.61371607,23.04577249,23.24230099,23.33333333,23.63317516,24.72012103,25.55609901,24.86728278,22.97578862,30.49778935,29.24932515,16.29582975,21.54073217,18.29278844,16.21314623,5.405805512,4.835518189,5.228433737,,,,
BRB,BM.GSR.GNFS.CD,,,,,,,,,,,141399999.9,143198853.1,165150255.4,196557759.9,232316783,253260914.1,279300000,316450000,367500000,479450000,612600000,673450000,665050000,721450000,771600000,721350000,722350000,674650000,711350000,839450000,877750000,841400000,675382500,784324500,861077000,1048434000,1127698500,1295095000,1350502000,1444264500,1514984500,1447948500,1443573460,1581532500,1810990160,2171324537,2294401594,2368256005,2568543297,2076951175,2240403436,2257651020,2202439577,2387719173,,,,
BRB,BM.GSR.CMCP.ZS,,,,,,,,,,,19.13043478,22.67536705,21.31837307,20.53364269,20.9157128,26.74315975,29.09698997,35.24464832,38.7283237,39.15478615,23.44052693,24.04886562,24.86294744,24.19904567,21.47375079,23.83552843,24.5687402,28.52451325,21.1712879,21.70131523,16.68998601,14.63526183,19.44645006,23.16237734,19.38694897,20.1465708,23.0289648,23.03350104,23.5444509,23.26754386,23.23086445,23.4795764,22.40353813,21.97736385,21.62306975,15.94310052,17.89375004,27.92840655,29.54176375,30.20744808,25.71352274,57.52970148,63.53868287,73.7308139,,,,
BRB,BG.GSR.NFSV.GD.ZS,,,,,,,,,,,,,,,,,,,,,,,,,,,,,,,44.67908097,41.66438666,42.47592316,46.91050104,52.69428419,52.48560645,52.71323269,51.66063478,48.58019604,47.33916821,48.21626663,47.9821329,46.10594697,48.98404492,48.03674527,54.12364121,54.05257143,52.37585752,56.00165135,49.94428638,53.16442035,38.88303504,37.74855554,46.29479467,,,,
