CAF,TX.VAL.TRVL.ZS.WT,,,,,,,,,,,,,,,,,,11.62383178,15.62010784,34.00562852,34.59459459,26.18881119,25.70376786,15.02590674,20.24346258,18.79412326,31.39573618,43.39869281,27.36629296,21.3090757,16.0076126,20.89166487,19.04761905,33.88635421,,,,,,,,,,,,,,,,,,,,,,,,
CAF,TX.VAL.TRAN.ZS.WT,,,,,,,,,,,,,,,,,,74.76246106,69.74082449,44.46998124,44.07207207,61.37762238,59.46080554,70.21465581,64.13886384,61.71722954,41.19753498,34.37745098,32.45910678,39.82015893,50.86064707,33.51927633,36.19047619,34.07299876,,,,,,,,,,,,,,,,,,,,,,,,
CAF,TX.VAL.TECH.MF.ZS,,,,,,,,,,,,,,,,,,,,,,,,,,,,,,,,,,0.893538539,0.244925744,0.456537282,0.330858669,0.370790448,0.298927225,0.157223779,0.083529887,1.301921404,0.047032434,0.113157249,0.235889745,0.045998672,0.252900305,0.749160201,0.05823288,41.83742404,17.10639885,0.032534632,1.413306999,0.038264507,,,,
CAF,TX.VAL.TECH.CD,,,,,,,,,,,,,,,,,,,,,,,,,,,,,,,,,,312121,82962,242868,161960,131626,186866,105276,45183,473757,15491,26884,41334,19255,133540,213932,7456,897373,477838,1394,134458,1325,,,43338,
CAF,TX.VAL.SERV.CD.WT,,,,,,,,,,,,,,,,,,20905269.26,25476847.77,10022487.4,7880554.258,10525097.38,14053293.15,10635951.82,10152036.45,11665773.58,17337273.02,20363578.9,18267693.6,14990205.61,17369120.83,16458299.51,15867510.77,17029086.29,0,,,,,,,,,,,,,,,,,,,,,,,
CAF,TX.VAL.OTHR.ZS.WT,,,,,,,,,,,,,,,,,,3.894080997,4.905200905,16.65103189,5.045045045,5.41958042,7.600692941,5.47742413,4.328223625,6.105705018,12.12524983,9.395424837,15.12589598,22.12463404,14.29477691,17.81175964,14.28571429,12.463708,,,,,,,,,,,,,,,,,,,,,,,,
CAF,TX.VAL.MRCH.XD.WD,,,,,,,,,,,,,,,,,,,,,71.98800241,48.95151806,66.79755319,46.32032558,52.8103473,57.09033659,41.28407769,81.12496033,80.89658305,83.61781965,74.89841256,78.40745742,66.59842314,68.29974051,94.03605498,106.1434783,91.18509317,100.9354037,94.02732919,90.92919255,100,88.19875776,91.30434783,79.50310559,83.12360248,79.50310559,97.87950311,110.4167702,93.16770186,74.53416149,86.95652174,118.0124224,126.163354,72.03850932,59.42111801,53.03291925,58.04099379,
CAF,TX.VAL.MRCH.WR.ZS,4.316546763,,,2.727272727,1.384083045,1.915708812,1.294498382,2.076124567,0.284090909,5.789976402,6.341731898,3.089910663,4.359309755,5.090521832,5.787529154,12.52729084,4.923944625,3.147369198,3.827918003,2.398370918,2.161281423,1.675041876,4.740250664,0.374318064,5.496590089,3.555801057,0.862418351,1.158546771,1.213892888,0.955761596,0.736085379,4.992481134,7.777283799,4.947916,2.836314532,4.458763062,9.17162712,5.919483976,1.770164171,1.399205839,2.36821958,3.143185249,2.217276011,3.900783118,48.62765607,15.30239225,8.299881653,2.729397396,5.384893004,3.270336675,3.46199157,20.57500749,9.135700762,6.650494656,1.767385629,10.91867169,17.66836555,
CAF,TX.VAL.MRCH.WL.CD,13900000,700000,,22000000,28900000,26100000,30900000,28900000,35200000,35596000,32704000,36603000,39754000,37560000,48449000,47177000,58510000,81306000,71710000,79554000,115996000,85371000,107315000,75337000,85926000,92328000,124610405,86165533,97587770,124817319,283402586,109066972,107105311,109736483,143264929,187367256,122480579,98404760,231219119,223209403,75580196,70748964,68788459,65947809,102090407,110075521,81190242,106491052,112214913,81053612,90160907,105188195,114531641,53351024,28040400,190098554,123363154,
CAF,TX.VAL.MRCH.RS.ZS,14.38848921,0,,0.909090909,3.114186851,3.448275862,1.618122977,2.076124567,0.852272727,5.579278571,18.04672211,28.42936371,11.26679076,7.787539936,12.20871432,9.602136634,11.46983422,16.66789659,25.17640496,21.8807351,19.97827511,30.13904019,24.67409029,31.75464911,42.82289412,30.86820899,36.07775932,45.4756544,46.17145878,48.75763034,23.63590324,83.01104573,80.14777811,80.545922,88.72412661,77.53047843,57.72676418,65.26106867,-2.01394E-16,-1.66897E-15,0.005580827,0.059595219,0.456974912,1.12977E-14,0.001118616,0.016785748,0.002820536,0.002152294,0.05967656,0.054683559,0.061054177,0.042538043,0.033598576,0.045716086,0.078169356,0.010545057,0.016077734,
CAF,TX.VAL.MRCH.R6.ZS,4.316546763,,,2.727272727,1.384083045,1.915708812,1.294498382,2.076124567,0.284090909,5.789976402,6.341731898,3.089910663,4.359309755,5.090521832,5.787529154,12.52729084,4.923944625,3.147369198,3.827918003,2.398370918,2.161281423,1.675041876,4.740250664,0.374318064,5.496590089,3.555801057,0.862418351,1.158546771,1.213892888,0.955761596,0.736085379,4.992481134,7.777283799,4.947916,2.836314532,4.458763062,9.17162712,5.919483976,1.770164171,1.399205839,2.36821958,3.143185249,2.217276011,3.900783118,48.62765607,15.30239225,8.299881653,2.729397396,5.384893004,3.270336675,3.46199157,20.57500749,9.135700762,6.650494656,1.767385629,10.91867169,17.66836555,
CAF,TX.VAL.MRCH.R5.ZS,,,,,,,,,,,,,,,,,,,,,,,,,,,,,0.037262866,0.403849405,0.012168555,,,0.00120197,0.020605182,,,,,1.939470265,,,0.116811746,0.076322475,,0.013453491,0.037994714,0.087601726,0.23746309,0.439754616,0.138431394,0.928144075,0.191150671,0.051429191,0.095173393,0.041561074,0.006869961,
CAF,TX.VAL.MRCH.R4.ZS,6.474820144,,,1.363636364,0.346020761,0.766283525,0.323624595,0.346020761,0.284090909,0.148893134,0.363869863,0.202169221,0.953363184,0.098509052,0.055728704,0.487525701,,,0.008367034,,,,,,,,1.459093243,,,5.865996849,59.10032839,,0.037576101,0.01612317,0.001889506,0.016288865,,0.026115607,3.593424296,0.18990553,0.074434843,0.241366079,0.308064758,0.102989017,0.018673645,0.174534718,0.248159132,0.228858665,0.156583466,0.518617233,0.110118679,2.895924776,0.199491597,0.227937518,0.019974751,0.006532927,0.041269211,
CAF,TX.VAL.MRCH.R3.ZS,,,,,,,,,,,,,,0.002662407,,,,,,,,,,,,,0.021892233,0.495874609,,0.020830443,0.023090827,0.025576946,0.006938031,,,,0.005855622,,0.299018093,0.742343726,0.085943148,0.032705779,0.082095167,0.137399561,0.293622103,0.067029435,0.252249525,0.343326498,0.092302348,0.217911325,0.084589877,0.058510368,0.129593882,0.257715766,0.03829118,0.023570405,0.025658391,
CAF,TX.VAL.MRCH.R2.ZS,,,,,,,,,,,,,,,,1.933145389,,2.769783288,1.858876028,1.536063554,0.319838615,,,,,,,,0.009315717,1.1813625,,,,,,,0.002566121,,0.200124887,9.152527504,0.049313183,0.728851662,1.351482521,0.770058942,0.159688853,1.799265615,2.442235608,0.199391401,0.355659501,0.488266951,0.50681389,0.23663587,0.115730464,0.494327906,0.91908104,0.128956794,26.68286999,
CAF,TX.VAL.MRCH.R1.ZS,,,,,,,,,,,,0.232221403,0.098103336,,,,,,,,,,,,,,0.284522789,0.528811213,0.401828016,0.154188539,0.99649867,0.57786238,0.408257066,,0.023259007,0.01069237,0.003351552,,4.109505322,2.608687592,1.249709646,0.826827655,0.559198455,0.106646454,,0.327049099,0.890655062,14.24773886,18.90692015,9.511565012,8.308122943,10.21336852,13.81405336,17.56916418,29.41918803,4.127174476,9.930829103,
CAF,TX.VAL.MRCH.OR.ZS,6.474820144,,,1.363636364,0.346020761,0.766283525,0.323624595,0.346020761,0.284090909,0.148893134,0.363869863,0.434390624,1.051466519,0.101171459,0.055728704,2.42067109,,2.769783288,1.867243062,1.536063554,0.319838615,,,,,,1.765508266,1.024685822,0.448406598,7.626227735,60.13208644,0.603439325,0.452771198,0.017325141,0.045753696,0.026981235,0.011773295,0.026115607,8.202072598,14.63293462,1.45940082,1.829751175,2.417652647,1.193416448,0.471984601,2.381332358,3.87129404,15.10691715,19.74892856,11.17611514,9.148076782,14.33258361,14.45001997,18.60057456,30.49170839,4.327795676,36.68749666,
CAF,TX.VAL.MRCH.HI.ZS,74.82014388,100,,95,95.15570934,93.8697318,96.76375405,95.5017301,98.57954545,88.48185189,75.24767613,68.046335,83.32243296,87.02076677,81.94802782,75.44990144,83.60622116,77.41495093,69.12843397,74.18483043,77.54060485,68.18591793,70.58565904,67.87103283,51.68051579,65.57598995,61.29431407,52.34111301,52.16624173,42.66038033,15.49592494,11.39303381,11.6221669,14.48883686,8.393805158,17.98377727,33.08983541,28.79333175,90.02776323,83.96785954,96.16679877,94.96746836,94.90809643,94.90580043,50.89924071,82.29948964,87.82600377,82.16153316,74.80650188,85.49886463,87.32887747,65.04987085,76.38068069,74.70321469,67.66273662,84.74298758,45.62806006,
CAF,TX.VAL.MRCH.CD.WT,13870600,13732900,14219000,21996900,28928100,26359800,30751100,29029400,35713600,35517400,30369900,32348300,39400400,37281600,48225000,47287900,61196800,81541100,71711000,79620500,116000000,79000000,107000000,80000000,86000000,92000000,66000000,130000000,130000000,134000000,120000000,126000000,107000000,110000000,151000000,171000000,147000000,163000000,151000000,146000000,161000000,142000000,147000000,128000000,133829278,128000000,157586000,177771471.9,150000000,120000000,140000000,190000000,203123439.1,115982511.5,95668618.47,85383379.83,93446217.15,
CAF,TX.VAL.MRCH.AL.ZS,6.474820144,,,1.363636364,0.346020761,0.766283525,0.323624595,0.346020761,0.284090909,0.323070008,0.486179061,0.240417452,1.006188057,0.143769968,0.202274557,0.654980181,0.239275338,0.371436302,0.202203319,0.219976368,0.327597503,0.313923932,2.082653869,,,1.23906074,0.481982223,0.697030447,0.640570022,1.304717977,59.37072571,3.327496797,3.646593211,2.410213019,0.365963257,0.278825666,0.130787265,0.292023475,5.830017456,0.431518111,0.124588192,0.320762294,0.338555338,0.157286499,0.018673645,0.189328198,0.329527285,0.22255391,4.999979816,3.751349169,9.47536719,5.656747889,10.29327171,11.80625699,1.106243135,0.133722217,0.626915716,
CAF,TX.VAL.MMTL.ZS.UN,,,0.001764619,0.002111888,0.005985936,,6.50386E-05,,0.000529229,0.023570494,0.053791827,0.006422939,,0.009140811,,,0.004876604,0.157086192,0.130405159,,0.21848426,,,,,,,,,1.247247341,,,,41.3478365,41.50754678,30.29415166,25.62314145,35.63815706,0.836178899,1.300294347,7.567612564,20.23097115,22.11230091,36.56392006,36.82217389,17.77843753,15.7212486,26.60950346,35.76109549,61.99923936,58.66594709,62.1814437,58.39578696,45.97406782,0.293929466,0.012390126,,
CAF,TX.VAL.MANF.ZS.UN,,,21.07945156,49.5953446,43.46285597,54.46029492,53.58601161,47.30162861,53.46785764,47.94847868,44.28411398,37.78440035,,33.09124358,21.71443351,23.73231538,17.67532254,23.89209682,37.60888849,44.48683331,26.16583822,,,,,,,,,43.5180566,,,,38.57516379,41.90027168,44.76777342,42.6080481,36.06106146,58.83786948,60.99381941,68.24543034,49.03945817,48.67868962,36.62718875,16.45094674,37.81692868,48.09459099,21.81108734,11.24469276,2.679151759,3.154932112,4.224367977,8.417001727,7.179230784,0.656019149,76.13562047,,
CAF,TX.VAL.INSF.ZS.WT,,,,,,,,,,,,,,,,,,9.719626168,9.733866759,4.873358349,16.28828829,7.013986014,7.234733651,9.282013323,11.28944995,13.38294219,15.28147901,12.82843137,25.04870428,16.74613133,18.83696342,27.77729916,30.47619048,19.57693903,,,,,,,,,,,,,,,,,,,,,,,,
CAF,TX.VAL.ICTG.ZS.UN,,,,,,,,,,,,,,,,,,,,,,,,,,,,,,,,,,,,,,,,,0.023627315,0.070535983,0.048034644,0.047891688,0.021061977,0.025744045,0.007251673,0.004377257,0.002964084,0.008437659,0.186131271,,0.001212143,0.020639041,,0.00052347,,
CAF,TX.VAL.FUEL.ZS.UN,,,2.131822574,,0.754858025,0.829299826,0.170004294,0.432015276,0.239749276,0.300227697,0.18919196,0.135378909,,0.459046279,0.009479398,0.003232246,,,,,,,,,,,,,,0.004255164,,,,0.173432501,0.395946062,0.782708693,0.190305805,0.108426711,0.196831191,0.153823272,0.45483146,0.075531335,0.009590354,0,0.183296701,0.399585643,0.013490207,,0.024434211,,,0.558397644,0.046875275,0.093596195,,0.011315874,,
CAF,TX.VAL.FOOD.ZS.UN,,,35.94397009,19.11944416,31.88666522,20.73983159,26.24612256,24.15241107,17.49952985,17.89107451,26.2812496,27.27222981,,16.73032073,31.50544971,25.65122014,37.30130365,43.01493156,32.48936841,29.24820537,30.98212628,,,,,,,,,31.08254031,,,,5.337880853,4.203373604,4.235770879,1.256565976,2.180032509,5.713732114,12.30272002,10.65027712,2.71498002,1.682343844,1.385709061,1.891392088,0.835779529,0.249931784,2.702868508,1.445155073,3.563287265,1.546074621,1.237972649,0.435470354,0.12662978,0.102848986,0.522570024,,
CAF,TX.VAL.AGRI.ZS.UN,,,40.75188738,31.03188166,23.83805333,23.96495981,19.95804493,28.06945314,28.74792915,33.82826787,29.17200843,34.76063768,,49.71024325,46.77063945,50.61323436,45.01849549,32.93588175,29.77133794,26.26496007,42.63354854,,,,,,,,,24.14789768,,,,13.26823018,11.13660458,19.91959366,24.23640316,25.99489248,34.41427296,25.24934477,13.08087452,27.93905663,27.51707379,25.42317904,44.65219339,43.16926771,27.30678478,48.82310032,51.37234996,31.61125402,36.40487308,31.47710082,32.40100583,46.03921652,98.94720723,19.08443095,,
CAF,TX.QTY.MRCH.XD.WD,,,,,,,,,,,,,,,,,,,,,20.92674489,17.48268502,19.4745053,14.47510174,17.66232351,16.644413,11.27980265,21.07141827,20.63688343,19.90900468,17.13922484,22.08660772,17.57214331,19.18532037,44.35662971,43.05355956,42.099488,61.28755303,66.81095651,75.91625752,100,92.41574936,98.27177337,76.97915359,74.41206391,69.74660572,82.9079473,85.38062494,69.30332131,59.43037182,61.19053353,73.87133402,83.68741375,47.38536001,37.45327593,39.23206609,43.81696612,
CAF,TT.PRI.MRCH.XD.WD,,,,,,,,,,,,,,,,,,,,,260.6060606,252.2522523,270.0787402,260.1626016,269.3693694,257.8947368,234.6153846,243.6708861,278.0141844,295.7746479,237.5,268.9393939,280.7407407,273.8461538,200,192.96875,166.9230769,150,123.6842105,107.1428571,100,96.88629623,94.38951466,99.41737338,101.5172392,93.20002572,91.4067443,92.31894097,83.71336384,83.34944786,84.8739265,76.20700774,72.72845174,74.64078702,79.01861015,76.81490793,77.46112913,
CAF,TM.VAL.TRVL.ZS.WT,,,,,,,,,,,,,,,,,,23.86194953,23.66598547,23.2689211,27.08364011,25.07427981,27.86519037,30.30843595,27.8576148,23.30553546,22.44000925,28.16217584,32.28734189,33.0747073,30.63295607,31.93434012,33.83936584,38.23703784,37.97468354,,,,,,,,,,,,,,,,,,,,,,,
CAF,TM.VAL.TRAN.ZS.WT,,,,,,,,,,,,,,,,,,63.51187531,56.52985922,62.44890375,52.36379031,55.70210567,55.52220927,52.68241455,50.98612488,54.25349955,50.12303098,44.55854944,45.36666023,48.05844639,49.74121385,49.07524622,45.69249177,42.26851353,43.67088608,,,,,,,,,,,,,,,,,,,,,,,
CAF,TM.VAL.SERV.CD.WT,,,,,,,,,,,,,,,,,,65809266.63,78065776.72,75902008.26,128568994.5,85463054.73,93996994.11,91207288.8,83129524.83,104629145.7,137303463.5,144604701.8,139090977.8,134943197.6,166481315.3,134966563.4,151557395.8,131048389.5,113831890.3,,,,,,,,,,,,,,,,,,,,,,,
CAF,TM.VAL.OTHR.ZS.WT,,,,,,,,,,,,,,,,,,5.479960416,13.7318347,6.335934597,15.32543072,13.00865521,10.83592334,11.25848774,14.16418897,15.29166489,19.51670908,18.9650015,14.46123395,10.8530013,10.72649855,9.990807617,12.03011267,11.51773203,10.44303797,,,,,,,,,,,,,,,,,,,,,,,
CAF,TM.VAL.MRCH.XD.WD,,,,,,,,,,,,,,,,,,,,,69.36572523,81.03569719,105.4939137,57.84338029,74.37341859,96.44053888,142.7742255,174.55464,120.5446899,128.6047665,132.0223278,79.34674827,124.2349381,107.3463038,119.0145661,148.8008547,120.7982906,120.134188,125.1367521,112.0111111,100,91.45299145,102.5641026,100.8547009,129.2683761,149.5726496,173.1008547,212.7538462,256.4102564,230.7692308,256.4102564,264.957265,276.4735043,182.1709402,346.6059829,295.8102564,326.6188034,
CAF,TM.VAL.MRCH.WR.ZS,5.102040816,,,5.303030303,5.423728814,4.779411765,4.310344828,3.644646925,4.12371134,2.640246494,5.677305932,3.551306641,3.968933644,5.045780255,4.409032286,5.179076413,13.72401795,10.64882349,5.382000358,6.079836233,5.84501153,7.411593071,14.77897495,2.334377034,2.940471913,6.450676046,6.450676043,16.701645,18.11434937,19.87569347,24.42699321,15.63896772,13.02223718,10.50585228,11.47370404,11.00860344,29.88856911,19.54222786,17.43144293,18.0460567,19.19814224,18.94165431,15.91050318,14.11796558,9.69182522,28.07953052,4.760173394,16.71091852,22.34332001,17.14129495,16.69227979,18.00709386,15.37051442,14.40412207,15.0004891,21.61443642,12.49431273,
CAF,TM.VAL.MRCH.WL.CD,19600000,1400000,,26400000,29500000,27200000,34800000,43900000,38800000,37648000,32991000,33368000,33863000,50240000,45747000,67541000,54605000,63068000,55890000,68390000,78922000,97334000,112951000,64514000,66792000,92967000,185888656,115689700,138598994,167336345,183676225,158834793,163250298,125578084,131957038,188727881,176388695,134093002,161518677,153782067,70478460,67672199,74837740,99858807,179287643,187103780,140510995,197974001,185103118,211777798,210000422,214800924,217653418,129912791,308063675,456638721,401561111,
CAF,TM.VAL.MRCH.RS.ZS,6.12244898,0,,5.303030303,4.745762712,4.779411765,4.310344828,4.328018223,3.350515464,10.10677858,5.537873966,5.712059458,7.057850752,1.894904459,2.548801014,11.54261856,5.591063089,1.441301452,3.567722312,1.884778476,6.358176427,13.68791995,1.250099601,9.438261463,9.869445443,3.31623049,3.316229259,2.216038247,2.45954094,2.553771567,2.824267539,11.75015603,18.45350383,14.69687975,28.61904569,13.88344947,14.10314476,15.25127389,14.49586291,16.180094,13.86893811,13.12251727,18.24539464,22.06329283,51.76834859,40.50749803,41.83702279,21.60711699,0.168022561,0.452123409,1.13948152,1.840443666,1.973698387,1.801323782,0.361295112,0.246929563,0.573548817,
CAF,TM.VAL.MRCH.R6.ZS,5.102040816,,,5.303030303,5.423728814,4.779411765,4.310344828,3.644646925,4.12371134,2.640246494,5.677305932,3.551306641,3.968933644,5.045780255,4.409032286,5.179076413,13.72401795,10.64882349,5.382000358,6.079836233,5.84501153,7.411593071,14.77897495,2.334377034,2.940471913,6.450676046,6.450676043,16.701645,18.11434937,19.87569347,24.42699321,15.63896772,13.02223718,10.50585228,11.47370404,11.00860344,29.88856911,19.54222786,17.43144293,18.0460567,19.19814224,18.94165431,15.91050318,14.11796558,9.69182522,28.07953052,4.760173394,16.71091852,22.34332001,17.14129495,16.69227979,18.00709386,15.37051442,14.40412207,15.0004891,21.61443642,12.49431273,
CAF,TM.VAL.MRCH.R5.ZS,0.510204082,,,0.378787879,,,,0.227790433,,0.239056524,0.239459246,0.065931431,0.062014588,0.059713376,0.059020264,0.137694141,0.130024723,0.034882983,0.023259975,0.172539845,,0.212669776,0.158475799,,,2.049114202,2.049114283,0.039100283,0.961101493,2.159974272,2.295304686,0.127095579,0.170067071,,0.133086497,0.169115447,0.646369088,0.347076278,3.728686435,0.681448767,0.217720421,0.684910505,0.318534472,0.002286228,0.073434509,0.009608037,0.0131157,1.080731303,1.297192087,1.283754022,5.742207032,1.41661588,5.896034217,4.471020101,8.342675585,4.507758115,4.946755165,
CAF,TM.VAL.MRCH.R4.ZS,1.530612245,,,0.757575758,2.033898305,0.735294118,1.724137931,1.822323462,1.288659794,2.406502337,2.249098239,0.584392232,1.190089478,0.997213376,2.050407677,0.572985298,1.259957879,0.532758293,1.186258722,0.409416581,0.024074403,0.068835145,1.194323202,,,0.371099422,0.371099568,0.161772396,0.169584925,0.553356176,0.161119383,0.254159679,0.368513263,0.42943799,0.305958671,0.471791447,0.577584068,2.435196432,1.293968003,1.811996063,1.385602069,0.818944867,1.010520895,1.042830404,0.933468125,0.833060668,0.095791792,1.531464225,1.956757962,2.593945188,3.163987928,1.717779389,2.342121271,2.289271885,1.63265695,9.049405383,0.599689296,
CAF,TM.VAL.MRCH.R3.ZS,,,,1.136363636,1.016949153,2.573529412,2.586206897,1.59453303,,0.002656184,0.00303113,,0.079733042,0.079617834,0.054648392,0.05478154,0.095229375,0.122090442,0.372159599,0.157917824,0.022807329,0.039040828,0.043381643,,,0.443168006,0.443167979,0.651311223,0.930165482,0.808096412,0.816273309,0.649308618,0.387554576,0.217091224,0.266282121,0.258945312,0.360655767,0.208580609,0.236822767,0.277682573,0.361486332,0.019022583,0.75652338,1.478604686,0.438329707,0.082919223,0.007318289,1.871409368,2.707444399,2.828116572,3.377840831,0.317789601,4.973031942,5.499095158,1.14064146,0.657868214,2.077946985,
CAF,TM.VAL.MRCH.R2.ZS,,,,,,,,,,,0.009093389,0.011987533,0.126982252,0.330414013,2.443876101,1.068980323,1.115282483,1.271643306,0.155662909,1.466588683,,0.069862535,0.050464361,,,0.011832155,0.011832352,0.570491582,,0.203123834,,0.037190214,0.077051008,0.094296709,0.142966228,0.074012912,1.352713109,0.754050536,3.01036703,2.317411952,0.055957522,0.169557073,0.228555806,0.903672923,0.171008439,0.378772145,1.312149985,1.360156882,0.861075176,0.753628574,0.41300298,0.135464036,1.089359415,0.894905722,0.223082452,0.310277893,0.516817227,
CAF,TM.VAL.MRCH.R1.ZS,,,,,,,0.287356322,,,0.440926477,0.766875815,0.317669624,0.106310723,0.015923567,0.024045293,0.427888246,0.210603425,1.062345405,0.733583825,0.502997514,0.067154912,0.420202601,0.659578047,,,3.097873439,3.097873277,0.62754074,0.515987872,0.550649651,0.596152823,1.220794237,0.899524239,0.81395174,0.423531028,0.686849761,6.068815238,1.924787246,1.959858797,2.824078311,1.461802656,1.756845525,2.5822907,3.009719513,2.803704101,2.672687318,0.75168566,7.453713581,10.30630019,12.7443109,14.60288208,9.07682548,14.2150251,9.843025388,11.15585179,8.538867426,10.35246364,
CAF,TM.VAL.MRCH.OR.ZS,2.040816327,,,2.272727273,3.050847458,3.308823529,4.597701149,3.644646925,1.288659794,3.089141521,3.267557819,0.97998082,1.565130083,1.482882166,4.631997727,2.262329548,2.811097885,3.023720429,2.470925031,2.709460447,0.114036644,0.810610886,2.106223052,,,5.973087224,5.973087459,2.050216225,2.576839771,4.275200346,3.868850201,2.288548328,1.902710156,1.554777663,1.271824546,1.660714879,9.00613727,5.6696911,10.22970303,7.912617666,3.482569001,3.449280553,4.896425253,6.437113754,4.419944882,3.97704739,2.180061425,13.29747536,17.12876981,20.20375526,27.29992085,12.66447439,28.51557194,22.99731825,22.49490824,23.06417703,18.49367231,
CAF,TM.VAL.MRCH.HI.ZS,86.73469388,100,,87.12121212,86.77966102,87.13235294,86.7816092,88.38268793,91.2371134,84.1638334,85.51726228,89.75665308,87.40808552,91.57643312,88.41016897,81.01597548,77.87382108,84.88615463,88.5793523,89.32592484,87.6827754,78.0898761,81.86470239,88.2273615,87.19008264,84.26000624,84.26000724,79.03210052,76.84926992,73.29533461,68.87988905,70.32232793,66.62154883,73.24249031,58.63542572,73.44723221,47.00214886,59.53680715,57.84299112,57.86123164,63.45035065,64.48654787,60.94767693,57.38162784,34.11988131,27.43592406,51.22274239,48.38448913,60.35988762,62.20282638,54.86831784,67.48798809,54.14021525,60.79723589,62.14330755,55.07445699,68.43846614,
CAF,TM.VAL.MRCH.CD.WT,20076700,22276400,25152600,26392200,29855800,27449500,34931700,44188200,39780800,37690400,34179600,32806300,33912900,51632400,45997300,68766900,55053200,63253100,56612800,69649700,81000000,95000000,123000000,77000000,87000000,113000000,167000000,204000000,201000000,150000000,154000000,92000000,145000000,125000000,139000000,175000000,141000000,141000000,146000000,131000000,117000000,107000000,120000000,118000000,151244000,175000000,202528000,248921791,300000000,270000000,300000000,310000000,323474046.3,213140636.4,405529767.5,346098571.3,382144230.5,
CAF,TM.VAL.MRCH.AL.ZS,1.530612245,,,0.757575758,1.694915254,0.735294118,1.724137931,1.59453303,1.546391753,3.089141521,3.710102755,1.243706545,1.252104066,0.901671975,2.017618642,0.572985298,1.455910631,1.046489503,1.186258722,0.409416581,0.024074403,0.089382949,1.502421404,,,0.417352394,0.417352525,0.223480569,1.292620493,0.627269587,0.207887548,0.29713452,0.37049672,0.471456468,0.306573265,0.474485802,0.267633365,2.370750861,2.398128855,3.005994841,1.531125964,0.903879302,1.240102921,1.191360117,1.186640621,0.969145038,0.158860166,2.711470179,3.301823365,3.710929604,5.037801305,4.653701117,4.357813025,3.844511354,2.8925335,11.38409526,2.973256541,
CAF,TM.VAL.MMTL.ZS.UN,,,0.89578607,1.08434434,1.289481666,1.328407425,1.172459369,1.035299086,0.913457667,0.77083877,0.782110627,0.967965703,,0.860280073,1.31469462,1.40690891,1.834016646,1.257514378,1.411528664,1.058246761,1.858897576,,,,,,,,,1.85593831,,,,1.022335273,3.457378725,1.631370876,1.438826116,1.915727058,3.116458634,3.221537976,4.493239496,2.951576811,2.793253981,4.17308187,1.721224206,1.537293871,12.23240028,16.57343044,1.857429509,1.682087369,1.428853665,1.935435823,0.97475257,0.925179498,0.559793057,0.409006059,,
CAF,TM.VAL.MANF.ZS.UN,,,76.47990622,75.45850179,79.22684935,77.64760301,77.07885878,78.80881227,78.43638827,74.67980781,79.90944315,77.88926905,,80.8817326,80.73293316,81.265356,78.73096295,81.22070522,79.43922703,79.83297319,74.60943641,,,,,,,,,71.20265865,,,,62.65572138,55.50581224,64.22443011,60.59519116,64.73609558,59.5352146,59.94225205,54.28419779,60.90541672,60.30467624,55.93284547,35.54416326,36.92890222,38.21105909,62.23866336,68.30454883,55.94447171,67.19461604,63.84768802,65.85606091,60.51516289,66.82014464,67.19546037,,
CAF,TM.VAL.INSF.ZS.WT,,,,,,,,,,,,,,,,,,7.146214745,6.072320618,7.946240555,5.22713886,6.214959308,5.776677027,5.750661756,6.992071358,7.149300089,7.920250689,8.314273223,7.884763928,8.01384501,8.899331524,8.999606041,8.438029714,7.976716611,7.911392405,,,,,,,,,,,,,,,,,,,,,,,
CAF,TM.VAL.ICTG.ZS.UN,,,,,,,,,,,,,,,,,,,,,,,,,,,,,,,,,,,,,,,,,1.950828901,2.347267977,2.987514198,2.513485378,1.999901748,2.441855888,0.00564434,7.946986525,7.675769356,6.787540771,7.674930148,5.898066201,7.04287218,5.256794791,6.616229493,6.599526147,,
CAF,TM.VAL.FUEL.ZS.UN,,,4.985576825,5.318439131,4.500085967,6.928384569,5.604563477,4.830322102,4.844720091,8.406370346,1.38200706,1.665451587,,0.956626664,1.288858845,0.822524645,1.42564981,0.968293202,1.585525649,2.429996505,1.769250127,,,,,,,,,6.695710209,,,,17.10017428,7.460161206,8.686756031,8.110282475,9.872260969,11.97129401,11.11862873,7.545233692,5.083887491,10.95942335,11.02884023,13.82023308,16.94134072,0.010496038,0.855924816,1.347079828,0.628349936,1.034859644,0.841016068,1.53156477,0.719173789,0.427814063,0.431292238,,
CAF,TM.VAL.FOOD.ZS.UN,,,13.87245573,15.75566203,13.74027422,13.42314607,14.66669498,13.77860315,14.80927173,15.03461208,16.93634757,18.95723543,,16.84811489,15.99345745,16.11979858,17.42151173,16.07439541,16.89367864,16.28892784,20.85525654,,,,,,,,,19.13062295,,,,18.30392553,27.08361053,15.61614003,12.33690004,21.77477681,23.41466684,22.7938982,29.34321121,26.9541313,22.20164264,23.41897803,16.4830034,17.23163478,0.473915042,18.61193208,25.92978885,39.32812295,28.09191803,31.23628299,29.618198,36.03696259,26.36458426,15.16106801,,
CAF,TM.VAL.AGRI.ZS.UN,,,1.434779696,1.940056713,1.118753432,0.371793381,0.834062004,0.768103962,0.684856428,0.958071686,0.96201631,0.464755893,,0.45324771,0.661311702,0.384025999,0.582769969,0.477460092,0.667131205,0.389273934,0.906472046,,,,,,,,,0.958940403,,,,0.899318642,6.253158401,9.839005757,13.54383349,1.566187341,1.962362499,2.923687242,4.298133049,4.104987674,3.741006466,5.44625239,32.43137717,27.36082895,42.32149074,1.539309114,2.51243673,2.269788514,2.090555165,2.120652843,2.011323208,1.59385551,0.819073903,0.710378011,,
CAF,TM.TAX.TCOM.WM.FN.ZS,,,,,,,,,,,,,,,,,,,,,,,,,,,,,,,,,,,,15.48,,20.88,,,,22.51,19.76,29.88,29.88,29.24,29.89,22.63,22.63,22.63,22.63,22.91,21.91,11.15,,18.91,19.76,
CAF,TM.TAX.TCOM.WM.AR.ZS,,,,,,,,,,,,,,,,,,,,,,,,,,,,,,,,,,,,13.71,,13.88,,,,22.51,19.76,29.88,29.88,29.24,29.89,17.61,17.61,17.61,17.61,19.98,21.91,11.15,,18.91,19.76,
CAF,TM.TAX.TCOM.SR.ZS,,,,,,,,,,,,,,,,,,,,,,,,,,,,,,,,,,,,0.3911343,,0,,,,0,0,0,0,0,0,0,0,0,0,0,0,0,,0,0.1438849,
CAF,TM.TAX.TCOM.SM.FN.ZS,,,,,,,,,,,,,,,,,,,,,,,,,,,,,,,,,,,,19.29,,19.3,,,,19.17,19.17,19.36,19.36,19.08,19.2,19.18,19.15,19.15,19.15,19.15,19.24,19.73,,19.76,19.76,
CAF,TM.TAX.TCOM.SM.AR.ZS,,,,,,,,,,,,,,,,,,,,,,,,,,,,,,,,,,,,19.43,,20.87,,,,23.73,22.72,27.27,27.27,23.48,27.33,17.92,17.92,17.92,17.92,19.41,22.26,22.41,,23.58,22.82,
CAF,TM.TAX.TCOM.IP.ZS,,,,,,,,,,,,,,,,,,,,,,,,,,,,,,,,,,,,64.34159,,59.9393,,,,66.51852,62.13292,95.99121,95.99121,97.38232,95.75912,47.42064,47.42064,47.42064,47.42064,56.4781,58.3196,60.23392,,72.20216,60.43166,
CAF,TM.TAX.TCOM.BR.ZS,,,,,,,,,,,,,,,,,,,,,,,,,,,,,,,,,,,,30.73,,30.73,,,,30.61,30.61,30.61,30.61,30.61,30.61,30.63,30.63,30.63,30.63,30.63,30.63,30.58,,30.58,30.58,
CAF,TM.TAX.TCOM.BC.ZS,,,,,,,,,,,,,,,,,,,,,,,,,,,,,,,,,,,,67.93,,67.93,,,,68.09,68.09,67.2,67.2,67.2,67.2,66.18,66.18,66.18,66.18,66.18,66.18,63.21,,63.21,63.21,
CAF,TM.TAX.MRCH.WM.FN.ZS,,,,,,,,,,,,,,,,,,,,,,,,,,,,,,,,,,,,14.86,,16.78,,,,18.3,16.86,29.86,29.86,29.49,29.87,17.63,17.62,17.62,17.62,17.43,17.44,11.64,,13.88,14.51,
CAF,TM.TAX.MRCH.WM.AR.ZS,,,,,,,,,,,,,,,,,,,,,,,,,,,,,,,,,,,,13.36,,13.44,,,,18.3,16.86,29.86,29.86,29.49,29.87,15.23,15.23,15.23,15.23,15.51,17.44,11.64,,13.88,14.51,
CAF,TM.TAX.MRCH.SR.ZS,,,,,,,,,,,,,,,,,,,,,,,,,,,,,,,,,,,,0.3208985,,0.0972447,,,,0,0,0,0,0,0,0.2452483,0,0,0,0,0,0,,0,0.0909298,
CAF,TM.TAX.MRCH.SM.FN.ZS,,,,,,,,,,,,,,,,,,,,,,,,,,,,,,,,,,,,18.23,,18.23,,,,18.04,18.04,18.22,18.22,18.05,17.99,17.86,17.75,17.75,17.75,17.75,17.78,17.93,,17.99,17.99,
CAF,TM.TAX.MRCH.SM.AR.ZS,,,,,,,,,,,,,,,,,,,,,,,,,,,,,,,,,,,,17.24,,17.47,,,,18.93,18.94,24.52,24.52,22.16,24.53,17.43,17.39,17.39,17.39,16.96,18.52,17.56,,17.28,18.34,
CAF,TM.TAX.MRCH.IP.ZS,,,,,,,,,,,,,,,,,,,,,,,,,,,,,,,,,,,,52.30646,,48.88169,,,,54.85526,54.04903,94.59746,94.59746,96.86961,93.7299,49.72409,49.72409,49.72409,49.72409,50.6316,51.744,47.39697,,48.57143,50.67061,
CAF,TM.TAX.MRCH.BR.ZS,,,,,,,,,,,,,,,,,,,,,,,,,,,,,,,,,,,,36.16,,36.16,,,,36.04,36.04,36.02,36.02,36.02,36.02,36.09,36.09,36.09,36.09,36.09,36.09,35.89,,35.89,35.89,
CAF,TM.TAX.MRCH.BC.ZS,,,,,,,,,,,,,,,,,,,,,,,,,,,,,,,,,,,,62.65,,62.65,,,,63.18,63.18,62.54,62.54,62.54,62.54,61.98,61.98,61.98,61.98,61.98,61.98,61.54,,61.54,61.54,
CAF,TM.TAX.MANF.WM.FN.ZS,,,,,,,,,,,,,,,,,,,,,,,,,,,,,,,,,,,,14.52,,14.52,,,,15.6,14.96,29.82,29.82,29.84,29.83,15.2,15.19,15.19,15.19,14.34,15.13,13.07,,13.75,12.96,
CAF,TM.TAX.MANF.WM.AR.ZS,,,,,,,,,,,,,,,,,,,,,,,,,,,,,,,,,,,,13.16,,13.16,,,,15.6,14.96,29.82,29.82,29.84,29.83,14.07,14.07,14.07,14.07,12.98,15.13,13.07,,13.75,12.96,
CAF,TM.TAX.MANF.SR.ZS,,,,,,,,,,,,,,,,,,,,,,,,,,,,,,,,,,,,0.2898551,,0.1239157,,,,0,0,0,0,0,0,0.2900653,0,0,0,0,0,0,,0,0.081103,
CAF,TM.TAX.MANF.SM.FN.ZS,,,,,,,,,,,,,,,,,,,,,,,,,,,,,,,,,,,,17.88,,17.87,,,,17.68,17.67,17.81,17.81,17.69,17.57,17.39,17.26,17.26,17.26,17.26,17.27,17.22,,17.29,17.29,
CAF,TM.TAX.MANF.SM.AR.ZS,,,,,,,,,,,,,,,,,,,,,,,,,,,,,,,,,,,,16.9,,16.9,,,,18.03,18.2,18.87,18.87,19.15,18.77,17.37,17.31,17.31,17.31,16.48,17.92,16.85,,16.27,17.69,
CAF,TM.TAX.MANF.IP.ZS,,,,,,,,,,,,,,,,,,,,,,,,,,,,,,,,,,,,46.95652,,45.76621,,,,51.0224,51.49144,54.6875,54.6875,68.6747,54.83871,50.14503,50.14503,50.14503,50.14503,48.91508,50.15886,44.47403,,42.28571,48.76994,
CAF,TM.TAX.MANF.BR.ZS,,,,,,,,,,,,,,,,,,,,,,,,,,,,,,,,,,,,37.94,,37.93,,,,37.77,37.77,37.78,37.78,37.78,37.78,37.89,37.89,37.89,37.89,37.89,37.89,37.83,,37.83,37.83,
CAF,TM.TAX.MANF.BC.ZS,,,,,,,,,,,,,,,,,,,,,,,,,,,,,,,,,,,,61.3,,61.29,,,,61.95,61.95,61.36,61.36,61.36,61.36,60.9,60.9,60.9,60.9,60.9,60.9,61.05,,61.05,61.05,
CAF,TM.QTY.MRCH.XD.WD,,,,,,,,,,,,,,,,,,,,,52.54979184,73.0051326,83.06607378,47.02713845,67.00307981,72.51168337,91.52193945,110.4776202,85.49268785,90.56673695,71.75126513,60.11117293,92.02588008,82.57407982,112.2778925,116.2665674,92.93447099,109.2278354,109.784094,100.0235991,100,92.84185111,104.1973015,97.08395681,117.4765233,122.294578,134.0237791,151.8771796,159.6683553,153.3676302,153.1411018,126.3918173,133.3781779,89.44061499,172.6292696,168.0948424,190.9996057,
CAF,TG.VAL.TOTL.GD.ZS,30.26803862,29.24385554,31.62815758,37.40101824,41.38980549,35.73592273,41.58980725,44.69378535,39.36768473,38.93220317,34.13393056,32.34269123,31.83135025,32.78744607,33.48356288,30.64881292,25.76734317,28.54223071,21.01675624,21.30103856,24.7162019,25.04305164,30.73583115,23.83557178,27.1236135,23.70353884,20.76158434,27.81034748,26.1680896,23.01588714,19.01838223,15.8272072,17.84806758,18.37687371,34.07057553,31.02054736,28.57734856,32.41831681,30.70280429,27.71448052,30.39911526,26.7215176,26.93194138,21.58358975,22.4452965,22.43944033,24.655851,25.12730851,22.66729282,19.67979321,22.15491999,22.59682999,24.10957793,21.67329686,29.43206871,27.24386176,27.08181565,
CAF,ST.INT.XPND.MP.ZS,,,,,,,,,,,,,,,,,,,,,,,,,,,,,,,,,,,,,,,,,,,,,,,,,,,,,,,,,,
CAF,ST.INT.XPND.CD,,,,,,,,,,,,,,,,,,,,,,,,,,,,,,,,,,,,43000000,44000000,51000000,44000000,33000000,33000000,29000000,29000000,31000000,32000000,46000000,47000000,54000000,56000000,61000000,67000000,68000000,69000000,69800000,,,,
CAF,ST.INT.TVLX.CD,,,,,,,,,,,,,,,,,,,,,,,,,,,,,,,,,,,,,,,,,,,,,31000000,44000000,44000000,48000000,49000000,52000000,49000000,50000000,50000000,50400000,,,,
CAF,ST.INT.TVLR.CD,,,,,,,,,,,,,,,,,,,,,,,,,,,,,,,,,,,,,,,,,,,,,6400000,5000000,8000000,8400000,9000000,4500000,11000000,11000000,11000000,11600000,,,,
CAF,ST.INT.TRNX.CD,,,,,,,,,,,,,,,,,,,,,,,,,,,,,,,,,,,,,,,,,,,,,1000000,2000000,3000000,6000000,7000000,9000000,18000000,18000000,19000000,19400000,,,,
CAF,ST.INT.TRNR.CD,,,,,,,,,,,,,,,,,,,,,,,,,,,,,,,,,,,,,,,,,,,,,1400000,2200000,2200000,2400000,2800000,3000000,3400000,4000000,4000000,4000000,,,,
CAF,ST.INT.RCPT.XP.ZS,,,,,,,,,,,,,,,,,,,,,,,,,,,,,,,,,,,,,,,,,,,,,,,,,,,,,,,,,,
CAF,ST.INT.RCPT.CD,,,,,,,,,,,,,,,,,,,,,,,,,,,,,,,,,,,,4000000,3000000,2000000,4000000,8000000,5000000,5000000,3000000,4000000,7800000,7200000,10200000,10800000,11800000,7500000,14400000,15000000,15000000,15600000,,,,
CAF,ST.INT.DPRT,,,,,,,,,,,,,,,,,,,,,,,,,,,,,,,,,,,,,,,,,,,5000,6000,7000,8000,11000,,,,38000,,,,,,,
CAF,ST.INT.ARVL,,,,,,,,,,,,,,,,,,,,,,,,,,,,,,,,,,,,26000,21000,17000,7500,10000,11200,9900,2900,5700,8200,12000,13800,17100,30600,52400,53800,65400,70800,83500,95700,120500,,
CAF,NY.EXP.CAPM.KN,,,,,,,,,,,,,,,,,,,,,,,,,,,,,,,,,,,,,,,,,,,,,,,,,60603966183,64884020942,72050119908,73551097164,84540175255,66088006592,62412582136,71625740237,82567406371,
CAF,NE.TRD.GNFS.ZS,57.45453674,62.2516546,62.29507257,63.72239745,69.25285968,64.76964499,70.87628866,73.20096774,73.94352311,64.93312236,73.5008478,67.22269528,58.74788774,65.10492521,71.07293707,61.05031664,51.51347707,59.52930382,57.3060779,57.56550683,66.30232808,58.44319389,56.40225873,60.76526042,58.89567164,53.6444942,46.80905809,46.39443456,42.79863463,46.76704756,42.94298352,43.70932169,43.22907608,39.98862202,48.41803223,50.47589112,47.08440503,55.81850836,51.04953188,43.2123439,45.65978199,39.73049974,36.10856478,36.231226,33.24395492,35.07093687,36.39584972,37.56851308,34.43755146,33.92009689,38.31706352,33.2831784,33.20966563,39.45642613,50.59261827,47.19062356,42.73835105,
CAF,NE.RSB.GNFS.ZS,-10.90908778,-9.271523025,-13.1147423,-13.2492126,-12.35632089,-10.5691084,-14.17525773,-20.59550868,-5.318927614,-10.26379412,-9.623852014,-7.624229395,-8.878286372,-7.868841502,-15.59928929,-18.78962348,-7.139744544,-9.12050843,-10.46544263,-12.70037211,-15.85923764,-9.676293905,-12.04675447,-12.4672618,-12.10768313,-9.627456279,-10.43620561,-10.70615223,-7.30912971,-6.159274859,-8.808045787,-8.535979638,-9.497676086,-5.789512929,-1.619210455,-6.034001203,-4.143632477,-2.049947838,-5.735758731,-4.765043341,-4.915354813,-5.415992062,-4.183154907,0.240781673,-5.248119901,-8.345430214,-7.763855557,-9.347162519,-12.43020311,-12.55121413,-14.70254311,-10.43149206,-10.06577974,-10.55344671,-24.53243341,-21.96677732,-17.2897828,
CAF,NE.RSB.GNFS.CD,-12235152.74,-11416451.35,-16325591.73,-17141711.74,-17549073.33,-15914415.56,-22386990.47,-33739673.31,-10199971.16,-19299955.45,-18199334.96,-15359068.7,-20448283.44,-21338965.28,-43896192.31,-71148791.32,-32211132.43,-46268167.86,-63899745.14,-88999748.97,-126405741,-67231228.99,-90147343.49,-82119284.59,-77225299.67,-83263033.01,-117121885.6,-128580013.2,-92453135.52,-76001157.34,-126898519.4,-117572452.1,-134099356.3,-74035200.98,-13782304.08,-67302629.84,-41759162.89,-19223210.95,-55484193.79,-47625536.56,-44950934.46,-50468017.71,-41471290.33,2744320.676,-66655334.4,-111608645.1,-113395927,-158726561.3,-246769274.3,-248730942.4,-291994688.8,-230817598.5,-219855126.2,-160260971.2,-417762548.5,-347904714.1,-303630142.4,
CAF,NE.IMP.GNFS.ZS,34.18181226,35.76158881,37.70490743,38.48580502,40.80459028,37.66937669,42.5257732,46.89823821,39.63122536,37.59845824,41.56234991,37.42346234,33.81308706,36.48688336,43.33611318,39.91997006,29.32661081,34.32490613,33.88576027,35.13293947,41.08078286,34.0597439,34.2245066,36.61626111,35.50167739,31.63597524,28.62263185,28.5502934,25.05388217,26.46316121,25.87551465,26.12265066,26.36337608,22.88906748,25.01862134,28.25494616,25.61401875,28.9342281,28.3926453,23.98869362,25.2875684,22.5732459,20.14585984,17.99522216,19.24603741,21.70818354,22.07985264,23.4578378,23.43387729,23.23565551,26.50980332,21.85733523,21.63772268,25.00493642,37.56252584,34.57870044,30.01406693,
CAF,NE.IMP.GNFS.KD.ZG,,,,,,,,,,,,,,,,,,,,,,,,,,,,,,,,,,,,,,,,,,,,,,,,,,9.328499582,14.64396954,-13.02267818,12.34928178,-27.66185319,57.34163301,9.148314473,-0.824669777,
CAF,NE.IMP.GNFS.KD,,,,,,,,,,,,,,,,,,,,,,,,,,,,,,,,,,,,,,,,,,,,,,,,,420053292.5,459237962.1,526488629.4,457925709.5,514476245.7,372162581.9,585566683.9,639136165.5,633865402.8,
CAF,NE.IMP.GNFS.CD,38336816.27,44034883.78,46936105.26,49792587.35,57952747.69,56720594.76,67160971.42,76828946.56,75999785.11,70699836.82,78597127.89,75389852.43,77877594.76,98946247.28,121947245.3,151160965.1,132307723.1,174129603.7,206899174.8,246199305.6,327433570,236648293.6,256106186.9,241183767.1,226437019,273603657.5,321221786.9,342886690,316906397.3,326536958.4,372791488.3,359806867.5,372229135.9,292701084.1,212952087.8,315152768.2,258135823.4,271328255.3,274652946.2,239761597.8,231254888.7,210345022.8,199723610.8,205101408.2,244440120.2,290317082.7,322489945.8,398343553.1,465218535.9,460467523.9,526488629.4,483637201.3,472607624.6,379716267.5,639651854.2,547649421.5,527084435.9,
CAF,NE.EXP.GNFS.ZS,23.27272448,26.49006579,24.59016513,25.23659242,28.44826939,27.10026829,28.35051546,26.30272953,34.31229775,27.33466412,31.93849789,29.79923294,24.93480069,28.61804186,27.73682389,21.13034658,22.18686626,25.2043977,23.42031763,22.43256736,25.22154522,24.38344999,22.17775213,24.14899931,23.39399426,22.00851896,18.18642624,17.84414116,17.74475246,20.30388635,17.06746887,17.58667102,16.8657,17.09955455,23.39941089,22.22094496,21.47038628,26.88428026,22.65688657,19.22365028,20.37221359,17.15725384,15.96270494,18.23600384,13.99791751,13.36275333,14.31599708,14.11067528,11.00367418,10.68444138,11.80726021,11.42584317,11.57194295,14.45148971,13.03009243,12.61192312,12.72428413,
CAF,NE.EXP.GNFS.KD.ZG,,,,,,,,,,,,,,,,,,,,,,,,,,,,,,,,,,,,,,,,,,,,,,,,,,-14.21273601,10.30096337,5.119448257,7.411236906,-27.91564594,-8.787403973,0.465189801,7.840267652,
CAF,NE.EXP.GNFS.KD,,,,,,,,,,,,,,,,,,,,,,,,,,,,,,,,,,,,,,,,,,,,,,,,,247816090.9,212594644.1,234493940.6,246498736.5,264767341.8,190855828.1,174084555.5,174894379.1,188606566.5,
CAF,NE.EXP.GNFS.CD,26101663.53,32618432.43,30610513.53,32650875.61,40403674.37,40806179.2,44773980.94,43089273.25,65799813.95,51399881.37,60397792.93,60030783.73,57429311.31,77607282,78051053.01,80012173.79,100096590.7,127861435.8,142999429.7,157199556.6,201027829,169417064.6,165958843.5,159064482.5,149211719.4,190340624.5,204099901.3,214306676.8,224453261.8,250535801.1,245892968.9,242234415.4,238129779.6,218665883.1,199169783.7,247850138.4,216376660.5,252105044.4,219168752.4,192136061.3,186303954.2,159877005.1,158252320.5,207845728.9,177784785.8,178708437.5,209094018.8,239616991.8,218449261.6,211736581.5,234493940.6,252819602.8,252752498.3,219455296.3,221889305.7,199744707.4,223454293.5,
CAF,MS.MIL.XPRT.KD,,,,,,,,,,,,,,,,,,,,,,,,,,,,,,,,,,,,,,,,,,,,,,,,,,,,,,,,,,
CAF,MS.MIL.MPRT.KD,,2000000,,,,1000000,2000000,,3000000,,,2000000,,0,,,,,0,,0,1000000,2000000,5000000,1000000,6000000,,,1000000,,,,1000000,,,,,,,,,,,,,,9000000,,0,,,7000000,,,,,,
CAF,LP.LPI.TRAC.XQ,,,,,,,,,,,,,,,,,,,,,,,,,,,,,,,,,,,,,,,,,,,,,,,,,,,,,,,2.307936,,,
CAF,LP.LPI.TIME.XQ,,,,,,,,,,,,,,,,,,,,,,,,,,,,,,,,,,,,,,,,,,,,,,,,,,,,,,,2.474603,,,
CAF,LP.LPI.OVRL.XQ,,,,,,,,,,,,,,,,,,,,,,,,,,,,,,,,,,,,,,,,,,,,,,,,,,,,,,,2.360932,,,
CAF,LP.LPI.LOGS.XQ,,,,,,,,,,,,,,,,,,,,,,,,,,,,,,,,,,,,,,,,,,,,,,,,,,,,,,,2.307936,,,
CAF,LP.LPI.ITRN.XQ,,,,,,,,,,,,,,,,,,,,,,,,,,,,,,,,,,,,,,,,,,,,,,,,,,,,,,,2.160714,,,
CAF,LP.LPI.INFR.XQ,,,,,,,,,,,,,,,,,,,,,,,,,,,,,,,,,,,,,,,,,,,,,,,,,,,,,,,2.497619,,,
CAF,LP.LPI.CUST.XQ,,,,,,,,,,,,,,,,,,,,,,,,,,,,,,,,,,,,,,,,,,,,,,,,,,,,,,,2.470238,,,
CAF,LP.IMP.DURS.MD,,,,,,,,,,,,,,,,,,,,,,,,,,,,,,,,,,,,,,,,,,,,,,,,,,,,,12,,,,,
CAF,LP.EXP.DURS.MD,,,,,,,,,,,,,,,,,,,,,,,,,,,,,,,,,,,,,,,,,,,,,,,,,,,,,,,,,,
CAF,IC.IMP.TMDC,,,,,,,,,,,,,,,,,,,,,,,,,,,,,,,,,,,,,,,,,,,,,,,,,,,,,,,120,120,120,
CAF,IC.IMP.TMBC,,,,,,,,,,,,,,,,,,,,,,,,,,,,,,,,,,,,,,,,,,,,,,,,,,,,,,,98,98,98,
CAF,IC.IMP.DURS,,,,,,,,,,,,,,,,,,,,,,,,,,,,,,,,,,,,,,,,,,,,,,66,66,66,66,62,62,62,62,55,68,,,
CAF,IC.IMP.DOCS,,,,,,,,,,,,,,,,,,,,,,,,,,,,,,,,,,,,,,,,,,,,,,17,17,17,17,17,17,17,17,17,17,,,
CAF,IC.IMP.CSDC.CD,,,,,,,,,,,,,,,,,,,,,,,,,,,,,,,,,,,,,,,,,,,,,,,,,,,,,,,500,500,500,500
CAF,IC.IMP.CSBC.CD,,,,,,,,,,,,,,,,,,,,,,,,,,,,,,,,,,,,,,,,,,,,,,,,,,,,,,,209,209,209,209
CAF,IC.IMP.COST.CD,,,,,,,,,,,,,,,,,,,,,,,,,,,,,,,,,,,,,,,,,,,,,,4534,4534,4534,5074,5554,5734,5734,5734,5735,6335,,,
CAF,IC.EXP.TMDC,,,,,,,,,,,,,,,,,,,,,,,,,,,,,,,,,,,,,,,,,,,,,,,,,,,,,,,48,48,48,
CAF,IC.EXP.TMBC,,,,,,,,,,,,,,,,,,,,,,,,,,,,,,,,,,,,,,,,,,,,,,,,,,,,,,,141,141,141,
CAF,IC.EXP.DURS,,,,,,,,,,,,,,,,,,,,,,,,,,,,,,,,,,,,,,,,,,,,,,57,57,57,57,54,54,54,54,46,46,,,
CAF,IC.EXP.DOCS,,,,,,,,,,,,,,,,,,,,,,,,,,,,,,,,,,,,,,,,,,,,,,8,8,8,8,9,9,9,9,9,9,,,
CAF,IC.EXP.CSDC.CD,,,,,,,,,,,,,,,,,,,,,,,,,,,,,,,,,,,,,,,,,,,,,,,,,,,,,,,60,60,60,60
CAF,IC.EXP.CSBC.CD,,,,,,,,,,,,,,,,,,,,,,,,,,,,,,,,,,,,,,,,,,,,,,,,,,,,,,,280,280,280,280
CAF,IC.EXP.COST.CD,,,,,,,,,,,,,,,,,,,,,,,,,,,,,,,,,,,,,,,,,,,,,,4581,4581,4581,5121,5491,5491,5491,5491,5490,5490,,,
CAF,IC.CUS.DURS.EX,,,,,,,,,,,,,,,,,,,,,,,,,,,,,,,,,,,,,,,,,,,,,,,,,,,,9.5,,,,,,
CAF,GC.TAX.IMPT.ZS,,,,,,,,,,,,,,,,,,,,,,,,,,,,,,,,,,,,,,,,,,,,,,,,,19.64803035,14.51769414,24.58133198,,,,,,,
CAF,GC.TAX.EXPT.ZS,,,,,,,,,,,,,,,,,,,,,,,,,,,,,,,,,,,,,,,,,,,,,,,,,4.157021329,9.292827273,2.066295133,,,,,,,
CAF,EG.IMP.CONS.ZS,,,,,,,,,,,,,,,,,,,,,,,,,,,,,,,,,,,,,,,,,,,,,,,,,,,,,,,,,,
CAF,BX.GSR.TRVL.ZS,,,,,,,,,,,,,,,,,,10.40250915,12.17297004,9.736771421,5.064626748,5.32906439,8.692786525,4.480906482,5.909060999,4.6857904,9.719500877,13.02727094,8.020900668,4.871868426,4.025097038,6.810362985,6.695681286,11.71326165,,,,,,,,,,,,,,,,,,,,,,,,
CAF,BX.GSR.TRAN.ZS,,,,,,,,,,,,,,,,,,66.90712668,54.35000678,12.73301101,6.45212345,12.48950551,20.10911754,20.9388566,18.72211621,15.38746967,12.75394452,10.31930547,9.513574661,9.104035188,12.78885521,10.92677105,12.72179444,11.77777778,,,,,,,,,,,,,,,,,,,,,,,,
CAF,BX.GSR.TOTL.CD,,,,,,,,,,,,,,,,,,130617229.5,146670243.6,159833288.8,205381916.5,177384691.9,170931014.1,162168742.8,151939551.9,184493285.4,188327716.4,199506507.7,195989085.4,214311038.6,220373704.8,181594276.5,167417350.6,186175730.2,179033067.9,,,,,,,,,,,,,,,,,,,,,,,
CAF,BX.GSR.NFSV.CD,,,,,,,,,,,,,,,,,,23359684.64,32691373.46,35003490.25,53829155.3,51723861.44,41554291.46,35665734.32,34779192.51,46789968.78,56002510.5,67838667.74,62327047.22,65565692.28,69076137.76,50487951.75,45139290.17,49264984.18,33140930.08,,,,,,,,,,,,,,,,,,,,,,,
CAF,BX.GSR.MRCH.CD,,,,,,,,,,,,,,,,,,104501924.3,110287408.3,122239559.1,147198340.8,117693405.4,124404206.1,123398559.7,114432400.1,131047971.6,129486675,128896130.6,133662038.2,148093325.7,150537277.7,125622588.1,115855496.5,132453942.4,145892137.9,,,,,,,,,,,,,,,,,,,,,,,
CAF,BX.GSR.INSF.ZS,,,,,,,,,,,,,,,,,,8.698379509,7.58573946,1.39538007,2.384595094,1.427250089,2.446722812,2.768008241,3.295387247,3.336663337,4.730844591,3.850794585,7.341628959,3.828647925,4.736534269,9.054974373,10.71309006,6.76702509,0,,,,,,,,,,,,,,,,,,,,,,,
CAF,BX.GSR.GNFS.CD,,,,,,,,,,,,,,,,,,127861608.9,142978781.8,157243049.3,201027496.1,169417266.8,165958497.6,159064294,149211592.6,177837940.4,185489185.5,196734798.3,195989085.4,213659018,219613415.5,176110539.8,160994786.7,181718926.6,179033067.9,,,,,,,,,,,,,,,,,,,,,,,
CAF,BX.GSR.CMCP.ZS,,,,,,,,,,,,,,,,,,13.99198467,25.89128372,76.1348375,86.09865471,80.75418001,68.75137312,71.81222868,72.07343555,76.59007659,72.79571001,72.802629,75.12389571,82.19544846,78.44951348,73.2078916,69.86943421,69.74193548,100,,,,,,,,,,,,,,,,,,,,,,,
CAF,BX.GSR.CCIS.ZS,,,,,,,,,,,,,,,,,,,,,,,,,,,,,,,,,,,,,,,,,,,,,,,,,,,,,,,,,,
CAF,BX.GSR.CCIS.CD,,,,,,,,,,,,,,,,,,,,,,,,,,,,,,,,,,,,,,,,,,,,,,,,,,,,,,,,,,
CAF,BN.GSR.MRCH.CD,,,,,,,,,,,,,,,,,,614621.4289,-7413944.394,-10657119.58,-37907122.55,-26868439.16,-25306883.03,-14118287.89,-25622678.12,-36697883.8,-71509032.18,-68776989.51,-45425821.43,-37901835.22,-91054741.92,-53029541.4,-73179448.49,-25677827.96,15309668.79,,,,,,,,,,,,,,,,,,,,,,,
CAF,BN.GSR.GNFS.CD,,,,,,,,,,,,,,,,,,-46267561.47,-62639631.81,-88989534.03,-126405983.5,-67231819.61,-90147402.12,-82119625.06,-77225049.17,-97955993.82,-157155853.9,-155355473.6,-134132076.3,-116783795.5,-190527759.4,-139202546.2,-180730947.7,-108312334.4,-65381291.41,,,,,,,,,,,,,,,,,,,,,,,
CAF,BM.GSR.TRVL.ZS,,,,,,,,,,,,,,,,,,22.35614533,21.01416402,15.58339209,24.46543181,23.27059106,24.61815686,26.66565411,26.80884885,22.56808537,21.75153912,26.37260817,29.7343559,30.8984375,30.25713663,31.53840168,33.5881829,37.99030764,37.97468354,,,,,,,,,,,,,,,,,,,,,,,
CAF,BM.GSR.TRAN.ZS,,,,,,,,,,,,,,,,,,59.5039694,50.19557437,41.82255589,47.30171926,51.69524038,49.05239975,46.35049615,49.06663134,52.53677228,48.5852326,41.72707292,41.77948205,44.89626736,49.13096535,48.46678598,45.35332542,41.99576963,43.67088608,,,,,,,,,,,,,,,,,,,,,,,
CAF,BM.GSR.TOTL.CD,,,,,,,,,,,,,,,,,,177491271.7,208153246.9,254243051.7,329222578.4,241315230.1,268341387.8,254976804.1,238828255.2,289824205,357809597.1,374023169.7,351286435.9,351849885.8,432499926.2,334263348.6,363887357.8,313233479.4,267108691.9,,,,,,,,,,,,,,,,,,,,,,,
CAF,BM.GSR.NFSV.CD,,,,,,,,,,,,,,,,,,70241867.54,87917060.87,113335904.7,142328016.3,92087241.89,106394810.5,103667071.5,86381563.56,108048078.8,141649332.3,154417151.9,151033302.1,144447652.5,168549155.2,136660956.5,152690789.4,131899490.6,113831890.3,,,,,,,,,,,,,,,,,,,,,,,
CAF,BM.GSR.MRCH.CD,,,,,,,,,,,,,,,,,,103887302.8,117701352.7,132896678.7,185105463.3,144561844.5,149711089.2,137516847.6,140055078.2,167745855.4,200995707.2,197673120.1,179087859.6,185995160.9,241592019.6,178652129.5,189034945,158131770.4,130582469.1,,,,,,,,,,,,,,,,,,,,,,,
CAF,BM.GSR.INSF.ZS,,,,,,,,,,,,,,,,,,6.6952541,5.391904834,5.321664109,4.721825014,5.767893538,5.103540987,5.059487647,6.728838257,6.923076923,7.677253639,7.785942079,7.261309325,7.486545139,8.79015036,8.888024278,8.375395883,7.925245656,7.911392405,,,,,,,,,,,,,,,,,,,,,,,
CAF,BM.GSR.GNFS.CD,,,,,,,,,,,,,,,,,,174129170.4,205618413.6,246232583.3,327433479.6,236649086.4,256105899.7,241183919.1,226436641.8,275793934.3,342645039.5,352090272,330121161.7,330442813.5,410141174.8,315313086,341725734.4,290031261,244414359.4,,,,,,,,,,,,,,,,,,,,,,,
CAF,BM.GSR.CMCP.ZS,,,,,,,,,,,,,,,,,,11.44463116,23.39835677,37.2723879,23.51102391,19.26627503,21.22590241,21.92436209,17.39568155,17.97206543,21.98597464,24.11437683,21.22485273,16.71875,11.82174766,11.10678806,12.6830958,12.08867707,10.44303797,,,,,,,,,,,,,,,,,,,,,,,
CAF,BG.GSR.NFSV.GD.ZS,,,,,,,,,,,,,,,,,,18.45099525,19.75314061,21.16821155,24.61045815,20.69809705,19.77103747,21.15335729,18.99605503,17.90346183,17.61186869,18.50602267,16.86777262,17.01987128,16.4936082,13.58736031,14.01144694,14.16696457,17.26706406,,,,,,,,,,,,,,,,,,,,,,,
