CMR,TX.VAL.TRVL.ZS.WT,,,,,,,,,,,,,,,,,,14.57286432,18.75140861,18.17390042,17.85568691,17.76516346,16.17601487,17.01388889,16.41860737,14.67518533,9.661453178,10.66793563,8.031027188,20.63426689,14.42642523,18.3775574,15.35679374,13.02022559,9.001751313,14.78879061,21.97507534,19.17347524,16.80636645,14.36556428,8.474403998,7.78001659,6.201803406,30.75520976,14.93324788,20.43472392,20.12511528,18.25190334,11.50344446,23.64227153,12.85030558,22.61676264,22.58261717,30.9660591,30.67113954,31.21956943,,
CMR,TX.VAL.TRAN.ZS.WT,,,,,,,,,,,,,,,,,,55.41655647,45.96799639,57.18391639,55.76437016,50.31325555,52.3435079,44.24125514,43.3771085,50.95786188,53.48115885,50.34261983,62.93974771,38.48846787,42.5529798,49.6202984,40.15640274,33.17775185,38.76824285,48.32603125,29.62221893,24.96924254,23.34388961,23.18187429,20.20434071,19.88673412,12.71307348,39.68322394,31.73382381,49.5944657,55.83927957,49.92211484,40.8336589,42.98561084,38.56687582,30.32559251,34.6940222,30.5209507,31.35446836,32.25200915,,
CMR,TX.VAL.TECH.MF.ZS,,,,,,,,,,,,,,,,,,,,,,,,,,,,,,,3.187747137,,,,,2.628889245,1.758722564,1.034814543,,,1.388853815,1.376443863,1.058652046,2.859435319,2.062836394,2.082427878,2.540775126,2.929124529,1.965343603,2.516908119,4.868796738,5.903446539,3.740232193,2.674037274,4.915212246,3.709264803,,
CMR,TX.VAL.TECH.CD,,,,,,,,,,,,,,,,,,,,,,,,,,,,,,,5652459,,,,,3202883,2475320,1576955,,,825496,903332,1001075,3366269,1798651,1684940,2967180,11281067,9773801,7758715,14232013,26918157,14790526,13286323,26702495,13383768,,
CMR,TX.VAL.SERV.CD.WT,,,,,,,,,,,,,,,,,,153899577.7,196626845.6,323850449,348306299,350088291.6,392810541.3,408118240.1,392098378.2,456391950.9,437561122.8,384578831.5,428506843.2,456665234.8,369162684.4,396764476.5,386487226.7,363183582.3,308534854.5,242352762.7,474813500.3,435879989.7,508213574.3,419706779.8,677111046.1,933296809.7,1004429338,592709762.5,1056229121,856683017,900009373.6,1239023904,1354666995,1141240249,1239853604,1808559620,1547596483,1860128132,1941405685,1441120483,,
CMR,TX.VAL.OTHR.ZS.WT,,,,,,,,,,,,,,,,,,23.3007141,29.72729322,18.68195674,20.43755945,27.00515085,24.85280446,33.63554527,32.38778965,26.44362076,29.80267934,32.2287593,28.66097313,32.70181219,33.61854542,27.82989368,40.55718475,44.67133411,46.74255692,29.70984542,45.60265468,53.60721167,57.55197676,60.57309014,68.7752833,66.37549926,79.79931876,23.25042941,48.61420406,24.03971912,22.3099578,28.34885143,43.3998157,28.06460832,44.6065683,44.31824307,37.49598147,33.04132584,32.48400808,30.94972722,,
CMR,TX.VAL.MRCH.XD.WD,,,,,,,,,,,,,,,,,,,,,90.23102396,72.02484942,69.26351334,63.59201846,57.75383953,47.07289249,50.98028735,54.01143386,60.42423926,82.96133086,130.5135459,119.5549008,119.9688404,122.7582071,96.88795599,88.9421713,87.62193126,91.97217676,91.16093835,87.33987998,100,95.41734861,98.30878342,124.5259138,135.1206765,156.0962902,195.1129296,230.7755046,285.9238953,193.7905619,211.5893617,246.4281506,233.1704855,246.3274959,282.2423895,205.1333333,216.3758604,
CMR,TX.VAL.MRCH.WR.ZS,0.825593395,1.225740552,,2.803738318,2.08,4.556962025,5.335365854,2.303415409,7.905982906,7.133963609,7.52488852,11.29352821,9.734374592,9.377060568,8.867968924,13.49744345,11.2647516,9.600185861,8.761835023,5.87381212,6.845687859,7.455446238,7.292339827,7.134940836,5.987132296,10.18945937,16.67307571,17.35946616,11.16109709,15.06698693,8.775979052,8.192531706,3.354532154,8.505532947,5.630643867,7.581992322,9.175230409,7.728845866,9.598134356,7.821473994,7.48607245,8.248275777,9.112139643,11.87316741,12.95594009,13.86561565,9.0484818,18.11419753,23.5062581,18.49485471,12.83716284,20.44871366,17.79039574,12.51950198,12.77424915,12.32967782,11.75930621,
CMR,TX.VAL.MRCH.WL.CD,96900000,97900000,100800000,117700000,125000000,118500000,131200000,125900000,187200000,232914000,231432000,204781000,229722000,368527000,475994000,447870000,512741000,701601000,797527000,1130901000,1383002000,1113374000,999638000,1116141000,1030176000,1197296673,790550000,808026000,1582167583,1281444000,2025796677,1908521329,1840374996,1354067108,1359655766,1652354786,1768873072,1858087915,1671029807,1600606447,1820594977,1736780048,1788865803,2220704070,2041951099,2771836683,3478814844,4120594261,2155965768,1743364471,4177535438,4354455780,4210343086,4386415759,5104544849,3937211897,3248496571,
CMR,TX.VAL.MRCH.RS.ZS,6.398348813,5.924412666,10.21825397,1.699235344,6.48,2.616033755,3.81097561,5.559968229,5.555555556,6.927020274,5.402018736,5.211909308,4.208565135,3.264075631,6.616259869,12.10708465,9.167201375,6.229466606,6.441412015,5.500658325,2.698549966,2.768611446,2.698276776,7.203480564,7.397667971,4.24875289,5.085320347,4.795885281,3.347098472,21.26171725,1.730755579,1.464882345,11.26265573,2.269828565,8.126381968,4.352850163,2.574510502,2.927005475,2.587472277,2.942387999,3.578789452,0.994952125,1.445264477,1.939642413,0.172012591,0.052382091,2.06967E-06,0,0,0,0.112187941,0,0.074571381,0.508864098,1.92182E-05,0.000385831,0.845832477,
CMR,TX.VAL.MRCH.R6.ZS,0.825593395,1.225740552,,2.803738318,2.08,4.556962025,5.335365854,2.303415409,7.905982906,7.133963609,7.52488852,11.29352821,9.734374592,9.377060568,8.867968924,13.49744345,11.2647516,9.600185861,8.761835023,5.87381212,6.845687859,7.455446238,7.292339827,7.134940836,5.987132296,10.18945937,16.67307571,17.35946616,11.16109709,15.06698693,8.775979052,8.192531706,3.354532154,8.505532947,5.630643867,7.581992322,9.175230409,7.728845866,9.598134356,7.821473994,7.48607245,8.248275777,9.112139643,11.87316741,12.95594009,13.86561565,9.0484818,18.11419753,23.5062581,18.49485471,12.83716284,20.44871366,17.79039574,12.51950198,12.77424915,12.32967782,11.75930621,
CMR,TX.VAL.MRCH.R5.ZS,,,,,,,,,,,0.039320405,0.008301551,,0.024692899,0.001680693,,,,,0.146785616,,0.063770126,,,,,0.079691354,0.028959464,0.040318801,0.058527723,0.022300757,0.009472412,,0.037035018,0.119223192,0.190841097,0.167869252,0.723000235,0.368015817,1.776270179,0.682985681,1.382973165,2.259158285,1.346227956,2.210832915,1.33198533,0.455202496,3.261232591,1.339819232,1.143680701,3.666556497,5.580065599,2.640710739,6.094505348,10.73883896,17.94249635,13.02150637,
CMR,TX.VAL.MRCH.R4.ZS,2.167182663,2.962206333,,2.803738318,1.04,1.603375527,3.506097561,2.223987292,1.762820513,0.803300789,0.741902589,0.357943364,0.843193077,1.006981849,0.546645546,0.879049724,1.307092665,0.178449004,0.092912215,0.177911241,0.224873138,0.351544045,0.411548981,0.329707447,0.12745395,0.453059056,1.331857568,0.556912773,0.208172385,0.672912745,0.502401407,2.566283712,2.573635053,1.521565134,2.006392992,0.423148289,0.692363923,0.749463892,0.785330516,0.923498155,0.802564446,1.07970425,1.216275361,1.259968286,1.461807191,0.912434241,0.947067966,1.901493523,1.132838256,0.893986212,0.649562844,0.526087625,0.342695351,0.252597214,0.23556206,0.357778559,0.298358973,
CMR,TX.VAL.MRCH.R3.ZS,,,,,,,,,0.320512821,0.261469899,0.082961734,,0.016541733,0.011396723,0.18487628,0.040413513,0.013067026,0.006413902,0.029089924,0.119285419,0.089226191,0.122151227,0.012604563,0.006361203,0.006406672,0.037553516,0.063753083,0.498498811,0.36074731,1.166106361,0.069984467,0.559244418,0.57356115,2.707206961,0.608832854,0.856238692,0.413539621,0.740611889,0.795575695,0.737601115,0.235989336,0.293391498,0.277855387,0.078177503,0.114484671,0.054670898,0.075119836,0.352169252,0.277339515,0.376650844,0.146033399,0.809114314,0.27112857,0.192822032,0.101279392,0.114554668,0.121510733,
CMR,TX.VAL.MRCH.R2.ZS,,,,,,0.084388186,0.381097561,0.794281176,,0.106477069,,0.018068082,0.067472858,0.04531554,0.085925453,,0.05714386,0.046465156,0.039497095,0.002741177,0.000361532,,0.034812602,0.00223986,0.00980415,0.04536169,0.154575928,0.080071681,0.233424767,0.550082563,0.135980182,0.109397205,0.162378972,0.330967791,0.204666363,0.399626524,0.28213969,0.349190366,0.686631618,0.549776119,0.346631353,0.189533327,0.703113894,0.503990656,1.524223965,1.98463511,0.787144681,0.923718561,0.751338367,1.115447706,0.718455401,0.803245635,0.664649874,0.895804186,0.569037179,0.732485138,1.838256212,
CMR,TX.VAL.MRCH.R1.ZS,,,,,,,0.762195122,1.509134234,0.480769231,0.352061276,0.058332469,0.039554451,0.004788396,0.468893731,0.020168321,0.00714493,0.419510045,1.049456885,0.240618813,0.270403864,0.22053475,0.022633904,0.024808981,0.4732377,0.038440034,0.000929511,0.015811777,0.009900672,0.055809701,1.032116893,1.892844057,1.024136105,0.176954099,0.335401619,1.321919742,3.250239443,4.383829299,6.338077765,3.530741208,4.394962118,7.35260751,7.242808331,5.212720867,5.441749562,4.868110164,3.823532304,4.5491357,3.462719791,11.35984864,12.96056664,10.59520891,12.44029744,18.07622162,9.396363811,19.10883363,17.71393543,14.09852644,
CMR,TX.VAL.MRCH.OR.ZS,2.167182663,2.962206333,,2.803738318,1.04,1.687763713,4.649390244,4.527402701,2.564102564,1.523309033,0.922517197,0.423867449,0.931996065,1.557280742,0.839296294,0.926608168,1.796813596,1.280784948,0.402118047,0.717127317,0.534995611,0.560099302,0.483775127,0.811546211,0.182104805,0.536903772,1.64568971,1.1743434,0.898472965,3.479746286,2.623510869,4.268533852,3.486529275,4.932176523,4.261035142,5.120094045,5.939741786,8.900344148,6.166294854,8.382107685,9.420778326,10.18841057,9.669123794,8.630113962,10.17945891,8.107257883,6.813670679,9.901333719,14.86118401,16.4903321,15.77581705,20.15881061,21.99540615,16.83209259,30.75355123,36.86125014,29.37815873,
CMR,TX.VAL.MRCH.HI.ZS,90.60887513,89.88764045,89.78174603,92.69328802,90.4,91.13924051,86.20426829,87.60921366,83.97435897,84.41570709,86.15057555,83.07069504,85.12506421,85.80158306,83.67647491,73.46886373,77.77123343,82.88956259,84.39463492,87.90840224,89.92076656,89.21584301,89.52560827,84.85003239,86.43309493,85.02488397,76.59591424,76.67030516,84.59333148,60.19154953,86.8697545,86.0740521,81.89628284,84.29246197,81.98193902,82.94506347,82.3105173,80.44380451,81.64809851,80.85403032,79.51435977,80.56836153,79.77347209,77.55707621,76.69258842,77.97474437,84.13784545,71.98446875,61.63255789,65.01481319,71.27483216,59.39247572,60.13962673,70.13954133,56.47218041,50.80868621,58.01670258,
CMR,TX.VAL.MRCH.CD.WT,97000000,98000000,103000000,134809000,124916000,144446000,131305000,121384000,189275000,225185000,226064000,206998000,220887000,352866000,477883000,447227000,510879000,704102000,802429000,1131570000,1384000000,1105000000,1064000000,976000000,886000000,722000000,782000000,806000000,927000000,1682000000,2002000000,1834000000,1840000000,1883000000,1486000000,1651000000,1768000000,1860000000,1671000000,1601000000,1833000000,1749000000,1802000000,2282560206,2476762000,2861244663,3576420000,4230114715,5240985000,3552181000,3878433000,4517028000,4274015000,4515183000,5173504000,4190351000,3306066000,
CMR,TX.VAL.MRCH.AL.ZS,2.167182663,2.962206333,,2.803738318,1.04,1.603375527,3.277439024,2.779984114,1.388888889,0.940261212,0.925541844,0.436563939,0.998162997,1.019735325,0.548326239,0.879049724,1.308652907,0.180729503,0.096046905,0.177911241,0.254663406,0.407769537,0.411548981,0.489095912,0.139879011,0.530768785,1.333754981,0.577085391,0.229605008,0.697650463,0.525427409,2.570369859,2.573635053,1.560425837,2.134094212,0.480861318,0.763313276,0.834663735,0.898230656,0.997877213,0.964342494,1.303091087,1.509262179,1.562533544,1.800467064,1.098009677,1.156511996,0.709535012,1.726714522,1.27696941,0.781970338,0.721310758,0.667661457,0.541458387,0.644152044,0.798969241,0.765580645,
CMR,TX.VAL.MMTL.ZS.UN,,,21.16691044,19.03073024,15.32734437,17.3867667,16.19848661,14.99903419,11.76486514,11.02481605,10.88935891,9.326271233,9.950982731,7.011957751,5.230431556,7.556622627,5.914916557,4.39206869,2.411447792,5.033619484,1.880141184,,1.774516953,,,,8.25634601,8.552115441,,11.43931372,6.878977394,,,,,8.365625644,6.365072233,5.739267573,,,5.591910067,5.374322415,4.324370575,4.158270936,5.061878038,4.748244773,4.905073214,4.932689798,10.08652057,5.423193303,2.961941129,5.211920498,1.595442371,1.798802511,3.211104936,3.553998574,,
CMR,TX.VAL.MANF.ZS.UN,,,4.161684665,2.963686856,2.720789594,4.961476694,2.768615166,2.683374687,8.237163016,7.526679916,14.09763671,9.717591841,9.924195985,9.117719798,8.875275399,10.57206836,9.693085641,4.489440027,4.001180828,5.927871295,3.760437492,,7.504665469,,,,16.54587845,18.28230391,,15.17729049,8.521929515,,,,,7.917894152,8.006592898,8.196064014,,,3.261079756,3.760986089,5.226506354,5.158425752,3.520446552,2.840368162,3.265345577,9.104585902,23.38369475,17.79406346,7.536951192,21.23438079,9.261871575,11.00699987,10.53421854,8.903840315,,
CMR,TX.VAL.INSF.ZS.WT,,,,,,,,,,,,,,,,,,6.709865115,5.55330178,5.960226448,5.942383476,4.916430148,6.627672761,5.1093107,7.816494484,7.923332033,7.054708639,6.76068524,0.368251978,8.175453048,9.402049547,4.172250514,3.929618768,9.130688448,5.48744892,7.175332727,2.800051051,2.250070555,2.297767171,1.879471281,2.545971993,5.95775003,1.285804358,6.311136889,4.718724249,5.931091258,1.725647357,3.477130391,4.263080938,5.307509306,3.976250303,2.73940178,5.227379159,5.471664365,5.490384014,5.578694198,,
CMR,TX.VAL.ICTG.ZS.UN,,,,,,,,,,,,,,,,,,,,,,,,,,,,,,,,,,,,,,,,,0.003554656,0.019450112,0.02071594,0.027143819,0.031698235,0.035067627,0.017419822,0.016976135,0.064375663,0.105745919,0.021459673,0.043136585,0.022488566,0.029461999,0.028774268,0.025024581,,
CMR,TX.VAL.FUEL.ZS.UN,,,0.034514558,0.007530421,0.015211717,0.055865216,0.020136667,0.022201972,0.013153464,0.032958272,0.040597289,0.047479996,0.184740542,0.168892498,0.215723273,0.318887734,0.388122286,0.069755585,3.263936026,23.59723007,30.67319511,,46.96377112,,,,9.904664334,17.50682355,,18.01979961,49.86368781,,,,,29.16418287,36.15257872,33.14554394,,,54.1507367,51.90256114,49.18710884,48.8123397,46.68503623,56.86534506,61.61078082,58.68062171,1.247116831,0.947430673,49.54819465,0.552257811,55.61147342,54.65477445,54.38476894,44.64768749,,
CMR,TX.VAL.FOOD.ZS.UN,,,58.98496602,62.00019923,63.84948888,59.65323066,62.10895874,65.74995647,69.34994585,65.68682949,74.95444618,64.34690289,63.19662798,62.38702714,69.63006181,66.86856914,64.70378409,72.84916012,74.24722598,52.7674832,47.9550041,,32.86558925,,,,52.48140746,40.13595812,,35.5068618,20.42246014,,,,,27.03738117,24.28665191,22.36853001,,,14.94085377,16.79743011,20.59668131,19.68496294,18.76196532,14.66435869,12.01748819,11.54420383,32.28548316,47.82603711,24.43145556,40.08321197,17.15611896,16.59813149,17.49241576,26.023111,,
CMR,TX.VAL.AGRI.ZS.UN,,,15.52383009,15.82102483,18.05775987,17.57372643,18.7764505,16.24137837,10.34482182,15.39767898,29.16164152,16.54643245,16.68991095,21.13745124,15.98213545,14.67771573,19.29097094,18.18250342,16.06827808,12.62702462,15.69905561,,10.84575184,,,,12.71144505,15.49573997,,18.99872106,14.28757294,,,,,27.5148773,25.18890434,30.5505061,,,9.099965211,21.25017601,10.01964135,9.680519352,12.03798273,19.29015567,16.59054383,14.27184686,30.79854065,26.56505719,14.79536028,31.55574818,15.67631276,15.92283703,14.31106023,16.86441904,,
CMR,TX.QTY.MRCH.XD.WD,,,,,,,,,,,,,,,,,,,,,58.591574,58.08455598,33.78707968,41.29351848,46.95434109,44.83132618,49.01950706,51.93407102,57.54689454,85.52714522,125.4937942,100.4663032,112.1204116,110.5929794,96.88795599,94.04919118,102.6451492,108.8080113,131.6419103,127.5373758,100,100.4161598,96.81168166,111.695637,101.3845674,94.34698476,101.4365442,109.5810387,107.6149275,84.04559369,74.21238418,70.81451907,70.14123306,76.87768655,89.11465405,84.18546443,98.24900328,
CMR,TT.PRI.MRCH.XD.WD,,,,,,,,,,,,,,,,,,,,,80.20833333,70.85714286,114.5251397,88,80.39215686,77.20588235,101.9607843,89.65517241,84.67741935,66.43835616,81.25,102.5862069,64.45783133,74,84.74576271,90.4,82.25806452,87.06896552,83.48623853,70.27027027,100,97.93065176,104.09791,106.5895181,114.2193691,123.412097,130.2756978,130.8153239,141.2065144,134.5762449,152.4828808,163.6227142,157.5091567,155.5403229,157.7663444,141.073257,135.1497465,
CMR,TM.VAL.TRVL.ZS.WT,,,,,,,,,,,,,,,,,,14.1783029,14.96312986,15.27821113,11.73933553,9.933226357,9.706583381,14.01604178,15.46964836,14.7965755,22.17051843,24.30864116,32.40135374,32.75487376,27.45345649,37.16546946,25.71513961,31.13401055,12.25168064,21.71612797,12.96900075,14.82923093,19.76837014,21.42200915,20.42414118,14.39402698,13.2708127,14.5401452,22.29616587,24.72135986,28.9195962,21.40897037,15.80581472,20.43657051,10.83667653,27.09613595,25.04079571,24.49940225,24.34889765,26.55237794,,
CMR,TM.VAL.TRAN.ZS.WT,,,,,,,,,,,,,,,,,,53.43447905,47.93732077,44.83515341,39.81400364,39.23339717,35.06328594,32.04849841,31.44817509,33.96570447,45.49031855,31.79653823,32.67440966,31.26877597,45.25905614,32.01004386,33.20809495,25.51767923,45.25266259,35.39720592,22.5934182,25.60175038,32.62357637,34.10879891,22.20754629,25.42138119,21.33560133,29.99121314,26.46232096,32.54268698,31.75471928,38.22425313,30.98697087,29.21323591,35.92497586,45.58880541,43.89163598,39.95822723,40.24527175,42.33686206,,
CMR,TM.VAL.SERV.CD.WT,,,,,,,,,,,,,,,,,,303158967,432694280.1,451999138.7,702339607.4,710959287.9,740521514.7,703421388.1,720460459,881376905.9,924616059.7,1003471916,872994980.6,980852223.9,1017979600,1115250957,884878184.1,723118147.7,476905188.4,484705525.3,1033835573,918988087.1,810242498.8,707852549,1004038513,1112739225,1284862061,1177420390,1449214489,1436310439,1426347499,1719157325,2595760067,1901829040,1716681701,1951555690,2066996886,2499811296,2586709792,2140165786,,
CMR,TM.VAL.OTHR.ZS.WT,,,,,,,,,,,,,,,,,,23.80504834,28.99426465,32.5325013,42.92068199,45.61312697,48.85345607,49.20350681,48.13061847,45.41253125,24.10056215,38.09271172,30.90146912,31.49888143,20.07143888,27.09935796,34.08334045,37.30220746,35.75043432,35.6534678,61.50770023,55.74861126,39.13057213,38.28995728,53.49290678,56.71048733,63.2273805,47.57940434,43.96811381,34.76850825,33.19272803,34.2483327,46.77059003,42.51275253,46.14076377,19.18429577,23.59366146,29.09643742,28.58751372,23.69726655,,
CMR,TM.VAL.MRCH.XD.WD,,,,,,,,,,,,,,,,,,,,,107.6308452,95.85128038,81.30902236,82.21917292,74.69145533,77.33525799,114.4385027,117.7338523,85.54071869,84.69505112,94.03232266,78.80157436,78.1077105,73.99960657,72.77039954,80.8153206,82.70258414,91.59968365,100.7663922,88.83619062,100,124.8290023,125.7726341,145.8180689,162.1902822,184.3452059,212.3488266,313.8589355,383.2596144,299.3814673,345.9949219,458.3623231,439.1303663,448.1863329,510.8561539,448.9736588,462.0646423,
CMR,TM.VAL.MRCH.WR.ZS,0.832342449,1.154249738,,11.49212234,7.068965517,6.315007429,4.424103738,4.745762712,8.096280088,9.156308778,8.911283825,8.966194024,8.57821312,8.473695217,9.073819118,7.668210706,7.215507898,8.504214431,9.153153911,6.680202362,10.208211,8.468067625,3.72998122,5.76790988,4.544522447,6.55950385,4.96712297,4.100988613,6.170525223,6.561299899,6.803863737,6.301721542,5.319159392,8.123404562,8.627234378,19.26294741,21.0497208,20.10749715,15.2669253,21.00553596,28.72971687,23.36605708,19.11425242,18.98354053,19.54871852,34.26101663,33.84539248,6.855023038,8.398071399,9.155782992,29.18323928,30.31135947,28.61476825,24.0316517,28.726214,23.2165527,22.99540804,
CMR,TM.VAL.MRCH.WL.CD,84100000,95300000,101800000,107900000,116000000,134600000,131100000,177000000,182800000,206284000,242019000,249660000,303210000,334730000,437258000,598862000,608980000,785634000,1045432000,1277117000,1616101000,1436160000,1210301000,1268085000,1121614000,1144343074,1525229000,1717659000,1280556438,1273330000,1554863620,1345012953,1162835825,881080715,717429344,1199461282,1226510097,1360235886,1494667934,1317573727,1491517163,1838334677,1817294040,1819445142,2441479525,2812690891,3169524663,3303201955,4151982526,3800968484,5163338591,6693300882,6532814041,6793979966,7668760696,6124584772,5732819264,
CMR,TM.VAL.MRCH.RS.ZS,15.10107015,16.26442812,28.38899804,4.819277108,8.793103448,6.983655275,6.712433257,5.988700565,3.610503282,3.563533769,3.765820039,3.787951614,3.278255994,3.509694381,4.16984938,5.192014187,5.309533975,4.390212236,5.244339182,5.022640839,6.041144706,5.008355615,7.274306144,7.531987209,7.963969779,5.684397754,4.993938615,5.435945086,7.922183278,7.514705536,6.780714118,5.916412762,16.13551965,5.84875439,9.085659591,13.83092639,6.62661899,8.291277209,9.243101016,6.198989349,4.188714589,3.2097774,0.679647417,0.474305479,3.534214238,1.136091744,2.941904068,2.559008052,1.353917933,0.280684464,0.002029946,0.000639341,0.256644486,0.002001301,0.002730259,0.017886013,0.019531804,
CMR,TM.VAL.MRCH.R6.ZS,0.832342449,1.154249738,,11.49212234,7.068965517,6.315007429,4.424103738,4.745762712,8.096280088,9.156308778,8.911283825,8.966194024,8.57821312,8.473695217,9.073819118,7.668210706,7.215507898,8.504214431,9.153153911,6.680202362,10.208211,8.468067625,3.72998122,5.76790988,4.544522447,6.55950385,4.96712297,4.100988613,6.170525223,6.561299899,6.803863737,6.301721542,5.319159392,8.123404562,8.627234378,19.26294741,21.0497208,20.10749715,15.2669253,21.00553596,28.72971687,23.36605708,19.11425242,18.98354053,19.54871852,34.26101663,33.84539248,6.855023038,8.398071399,9.155782992,29.18323928,30.31135947,28.61476825,24.0316517,28.726214,23.2165527,22.99540804,
CMR,TM.VAL.MRCH.R5.ZS,,,,0.556070436,,0.59435364,0.610221205,0.395480226,0.054704595,0.436291714,0.571442738,0.457822639,0.412585337,1.010964061,0.697986086,0.399591225,0.458307334,1.298059911,0.586838742,1.215315433,1.92061016,0.676735183,0.235148116,0.840401077,0.94934621,0.351676354,0.198855385,2.175868435,1.70236753,1.678433713,2.942128326,1.453209499,1.100089946,1.099447285,3.568236679,2.133089695,2.065907575,1.860622724,1.49152514,2.058235106,1.076912516,1.268505419,1.52875998,1.897284628,1.34707724,1.945751386,2.988697772,4.130700147,3.464515616,3.606711173,2.994420747,3.342602162,4.197351284,5.154393754,3.047725184,3.915525949,3.158677636,
CMR,TM.VAL.MRCH.R4.ZS,3.567181926,3.462749213,,1.575532901,1.465517241,1.783060921,2.135774218,1.86440678,0.820568928,1.045645809,0.450791054,0.344468477,0.504600772,1.113434709,0.966020061,0.486422581,0.378994384,0.2810469,0.325320059,0.367076783,0.227646663,0.252339572,0.329091689,0.070815442,0.018544704,0.626326332,0.605482849,1.35119951,1.19189327,1.116285645,1.421103479,1.134051606,1.604974718,2.033756919,2.435981208,1.597604048,1.36510568,1.305660304,1.147108907,1.029918912,0.938484608,0.867486927,1.149704866,1.317770041,0.984594782,0.789121409,1.113649325,1.429389351,1.545307563,2.015628078,1.539805759,1.976876019,1.445996387,1.440562226,1.610829623,2.119666783,2.323861016,
CMR,TM.VAL.MRCH.R3.ZS,,0.104931794,,1.297497683,0.948275862,1.040118871,0.228832952,0.451977401,0.10940919,0.107618623,0.088009619,0.223503965,0.101579763,0.172975234,0.048941357,0.774301926,0.3482873,0.459501498,0.517776383,0.441463077,0.473794645,1.258982286,0.598446172,0.601931259,0.683657658,0.552995526,0.885637501,1.503383384,1.781285254,2.554326058,1.821261147,3.008939647,,1.367595363,1.415946962,1.568207601,1.801174328,1.154638998,1.409418743,1.090937357,0.851849668,0.956240135,2.057089672,2.371487879,2.934337285,3.774882457,3.48259527,6.258314836,5.288990443,5.224656685,3.00379503,4.382708266,2.904798481,3.271781726,2.598841102,3.091755622,2.863807203,
CMR,TM.VAL.MRCH.R2.ZS,,,,,,,,0.056497175,0.164113786,0.046537783,0.092967907,0.080509493,0.06332245,0.045110985,0.205828138,0.02471354,0.112483169,0.067334153,0.083793111,0.173046009,0.147763042,0.311455548,0.406014702,0.284129218,0.345484275,0.534127932,0.481108083,0.381740497,0.296269175,0.334477315,0.235984427,0.446715624,0.217029003,0.538300399,0.839274843,1.001321191,1.258160372,1.56916041,2.285145297,2.51482633,1.972456216,2.023865157,2.56085581,2.865110511,3.091165182,3.130820677,2.693109664,2.280822821,2.646035438,2.18628169,1.62213962,2.169767601,2.733851015,2.285478141,2.058798041,2.604406289,3.516502505,
CMR,TM.VAL.MRCH.R1.ZS,0.951248514,0.839454355,,0.46339203,,0.371471025,0.610221205,0.564971751,0.382932166,0.785809854,0.811506535,0.951694304,1.089014215,2.57192364,2.760841425,1.101422364,2.405497717,1.735922834,3.223452123,2.194160754,2.176472881,2.311232732,1.945053338,1.849323981,0.925897858,1.417792738,1.217325398,1.23540237,1.350777403,1.514061555,1.552678363,1.983206626,0.894432282,3.83463801,2.889385439,2.306462611,2.41543197,3.12093876,3.410026457,4.006760071,3.912706166,4.567109463,6.231899159,7.87486128,8.222942439,9.308012901,9.743208835,14.23273858,16.48969168,20.44561457,15.67065812,18.05423486,15.92832247,20.26042011,23.71148513,24.86730046,24.50059512,
CMR,TM.VAL.MRCH.OR.ZS,4.51843044,4.407135362,,3.892493049,2.413793103,3.789004458,3.58504958,3.333333333,1.531728665,2.421903783,2.014717853,2.057998878,2.171102536,4.914408628,4.679617068,2.786451637,3.703569904,3.841865296,4.737180419,4.391062056,4.946287392,4.810745321,3.513754017,3.646600977,2.922930705,3.482918882,3.388409216,6.647594197,6.322592632,7.197584287,7.973155742,8.026123002,3.816525949,8.873737975,11.14882513,8.606685147,8.905779925,9.011021196,9.743224544,10.70067778,8.752409174,9.683207102,13.52830949,16.32651434,16.58011693,18.94858883,20.02126087,28.33196573,29.43454074,33.47889219,24.83081927,29.92618891,27.21031964,32.41263595,33.02767908,36.5986551,36.36344348,
CMR,TM.VAL.MRCH.HI.ZS,79.54815696,78.17418678,71.61100196,79.79610751,81.72413793,82.91233284,85.27841342,85.93220339,86.76148796,84.85825367,85.30817828,85.18785548,85.97242835,83.10220177,82.07671443,84.35332347,83.77138822,83.26370804,80.86532649,83.90609474,78.80435691,81.71283144,85.48195862,83.05350193,84.56857707,84.27317951,86.6505292,83.8154721,79.58469887,78.72641028,78.4422664,79.75574269,74.72879501,77.15410307,71.1382809,58.29944105,63.41788029,62.59020445,65.74674914,62.09479692,58.32915937,63.74095842,66.67779068,64.21563965,60.33695032,45.65430279,43.19144258,62.25400318,60.81346993,57.08464035,45.9839115,39.76181228,43.91826763,43.55371105,38.24337666,40.16690619,40.62161667,
CMR,TM.VAL.MRCH.CD.WT,84000000,96000000,102000000,127849000,115899000,133723000,130726000,177353000,187602000,204359000,242124000,250614000,303295000,333514000,436662000,599157000,613342000,735182000,1055600000,1275150000,1602000000,1427000000,1211000000,1224000000,1112000000,1151000000,1704000000,1723000000,1274000000,1261000000,1400000000,1173000000,1163000000,1102000000,1083000000,1199000000,1227000000,1359000000,1495000000,1318000000,1489000000,1852000000,1866000000,2163400366,2406303000,2735000000,3150470000,4656503629,5686153000,4441712000,5133283000,6800399000,6515068000,6649425000,7579212000,6041965000,5171722897,
CMR,TM.VAL.MRCH.AL.ZS,3.567181926,3.462749213,,1.482854495,1.465517241,1.708766716,1.906941266,1.581920904,0.929978118,0.941420566,0.437568951,0.344067932,0.451172455,0.596600245,0.795182707,0.416289563,0.271765904,0.444481782,0.32579833,0.372792782,0.248808707,0.315842246,0.135833978,0.102516787,0.061251019,0.89591891,1.163759671,1.878952691,2.179020008,1.929821806,1.825985677,1.873043226,1.604974718,3.27028438,3.604890602,3.013149865,2.084714758,1.803438452,1.760185617,1.709628352,1.995998285,2.552890863,3.059203617,2.759652756,2.720538482,2.982446357,3.094448614,3.689874602,4.198063646,5.489887982,4.042290203,4.438784304,3.407723725,3.028347096,3.638592063,4.712259194,4.774781314,
CMR,TM.VAL.MMTL.ZS.UN,,,1.320684625,1.47331917,2.085029002,2.111434634,2.860790503,3.345609498,1.542242468,0.768665788,1.995910932,0.967885206,0.843460672,0.951649842,0.960566875,1.201322212,1.15736948,1.266180972,1.222829148,1.608778761,1.234631078,,1.517990791,,,,1.247330007,1.455877784,,1.426501788,1.494872777,,,,,1.864703903,1.344220796,1.41178376,1.387910799,1.416950874,1.109904874,1.103972438,1.451246873,1.180187792,1.300207014,1.041927108,1.003095608,1.225388029,1.026209764,1.155393377,0.843111779,1.200590073,0.794388812,0.770638263,0.925799518,0.934271527,,
CMR,TM.VAL.MANF.ZS.UN,,,70.66350954,75.45476173,74.84087053,78.76583379,78.35713844,77.68802578,75.95991507,79.9217971,126.3197584,78.6080675,80.56475203,79.11857196,74.71433196,77.02288352,78.63420992,76.72363439,81.33830172,77.08583665,78.03645772,,84.58604751,,,,80.26568851,81.49025127,,79.55649611,78.0029268,,,,,75.63579392,66.724431,67.11319009,68.92813787,61.34992244,55.92084725,63.88594351,64.51665912,61.66901965,60.91874147,50.46345844,48.53427975,71.26448675,70.30764285,66.25921753,52.42608625,68.76138443,47.94556449,51.585541,52.29049032,57.36088526,,
CMR,TM.VAL.INSF.ZS.WT,,,,,,,,,,,,,,,,,,8.58216971,8.105284719,7.354134165,5.52597884,5.220249495,6.376674612,4.731952994,4.951558083,5.825188777,8.238600874,5.802108893,4.022767479,4.47746884,7.216048492,3.725128727,6.993424985,6.046102754,6.745222449,7.233198314,2.929880833,3.820407424,8.47748136,6.179234655,3.875405749,3.474104512,2.166205471,7.889237314,7.273399356,7.967444906,6.132956479,6.118443809,6.436624383,7.837441048,7.097583839,8.130762874,7.473906855,6.445933097,6.818316877,7.413493443,,
CMR,TM.VAL.ICTG.ZS.UN,,,,,,,,,,,,,,,,,,,,,,,,,,,,,,,,,,,,,,,,,2.797116114,2.753447141,2.855208012,4.302302452,4.211890196,3.276295986,2.606270113,2.397718114,4.01680087,3.754858095,2.555165091,2.775395552,2.706195552,3.65036512,4.206837465,3.395966749,,
CMR,TM.VAL.FUEL.ZS.UN,,,6.950342165,6.622024951,6.437835333,4.981336649,5.385365496,5.643544724,6.180597986,5.759928747,11.82514902,6.143153268,5.963098879,6.392817022,9.701575925,10.05515101,8.947568326,8.992689198,7.1749396,10.78718639,11.65205888,,3.644068714,,,,1.64553515,1.37417054,,1.416634084,1.501153265,,,,,2.530929401,15.72731948,13.87931461,12.16543429,15.78008939,23.19600405,18.38830824,14.75178787,11.62804817,17.8028148,30.8812668,30.81937964,4.116798208,2.92305064,3.546189038,27.45403018,2.997073994,30.38219727,23.52158492,28.02920698,20.24876473,,
CMR,TM.VAL.FOOD.ZS.UN,,,18.54370217,14.26175705,14.83544524,12.49407672,11.91119911,12.17758906,14.56301069,11.90578224,19.69769098,13.54139734,12.05401091,12.91372654,14.05124313,10.95146149,9.807814514,12.12276353,9.555830801,9.940196871,8.613002349,,9.706836161,,,,15.4185893,14.67377152,,16.25279066,18.53692046,,,,,17.44092172,13.73072526,15.67731104,15.42213684,18.93118499,18.15882394,15.46456146,18.0566316,17.60734002,18.31556398,17.34749909,17.95586666,21.34710142,23.78551116,26.82716739,17.69995069,25.0969955,19.38124959,22.27464053,17.39413457,19.8726848,,
CMR,TM.VAL.AGRI.ZS.UN,,,1.254227335,1.338696542,1.604587131,1.307750946,0.45295899,0.298756117,0.40014272,0.329193548,0.826682916,0.406733058,0.383954565,0.347580482,0.370018216,0.613099411,0.327801713,0.313416699,0.448386824,0.467586132,0.360736569,,0.502368671,,,,0.401558929,0.307835345,,0.350531483,0.455971442,,,,,2.516368485,2.450501476,1.911556513,2.067600871,2.070513949,1.56005814,1.142579083,1.172091688,1.639042487,1.651979276,0.258630742,1.666889969,2.04351401,1.940786379,2.211233892,1.574754335,1.923254179,1.447828119,1.474793307,1.347464442,1.522134532,,
CMR,TM.TAX.TCOM.WM.FN.ZS,,,,,,,,,,,,,,,,,,,,,,,,,,,,,,,,,,,14.25,17.11,,,,,,13.51,14.46,13.84,13.84,13.83,13.37,16.14,15.23,11.88,13.97,9.65,9.95,15.16,11.54,,,
CMR,TM.TAX.TCOM.WM.AR.ZS,,,,,,,,,,,,,,,,,,,,,,,,,,,,,,,,,,,14.25,17.04,,,,,,13.51,14.46,13.84,13.84,13.83,13.37,16.14,15.23,11.88,13.97,9.39,9.53,15.16,11.14,,,
CMR,TM.TAX.TCOM.SR.ZS,,,,,,,,,,,,,,,,,,,,,,,,,,,,,,,,,,,0,0.1583531,,,,,,0,0.0467399,0,0,0,0,0,0,0.7173601,0,0.054279,0,0,0,,,
CMR,TM.TAX.TCOM.SM.FN.ZS,,,,,,,,,,,,,,,,,,,,,,,,,,,,,,,,,,,20.68,19.3,,,,,,19.17,19.17,19.36,19.36,19.08,19.36,19.18,19.15,18.42,19.15,18.15,18.15,19.73,20.21,,,
CMR,TM.TAX.TCOM.SM.AR.ZS,,,,,,,,,,,,,,,,,,,,,,,,,,,,,,,,,,,22.92,21.56,,,,,,22.06,22.24,23.2,23.2,23,23.12,20.52,20.14,20.98,20.78,21.62,21.95,21.13,22.93,,,
CMR,TM.TAX.TCOM.IP.ZS,,,,,,,,,,,,,,,,,,,,,,,,,,,,,,,,,,,57.26837,57.56136,,,,,,59.4533,58.72868,65.12524,65.12524,65.88235,65.67845,53.73494,52.71493,60.79627,52.21437,61.26289,61.09528,56.84248,65.91975,,,
CMR,TM.TAX.TCOM.BR.ZS,,,,,,,,,,,,,,,,,,,,,,,,,,,,,,,,,,,,79.95,,,,,,79.95,79.95,79.95,79.95,79.95,79.95,79.95,79.95,79.95,79.95,79.95,79.95,79.96,79.96,,,
CMR,TM.TAX.TCOM.BC.ZS,,,,,,,,,,,,,,,,,,,,,,,,,,,,,,,,,,,,54.74,,,,,,55.54,55.54,54.58,54.58,54.58,54.58,53.67,53.67,53.67,53.67,54.58,54.58,52.25,52.25,,,
CMR,TM.TAX.MRCH.WM.FN.ZS,,,,,,,,,,,,,,,,,,,,,,,,,,,,,,,,,,,13.93,14.54,,,,,,13.49,13.9,14.27,14.27,14.45,13.81,15.73,15.7,13.88,14.86,12.74,11.93,15.55,12.9,,,
CMR,TM.TAX.MRCH.WM.AR.ZS,,,,,,,,,,,,,,,,,,,,,,,,,,,,,,,,,,,13.93,14.49,,,,,,13.49,13.9,14.27,14.27,14.45,13.81,15.73,15.7,13.88,14.86,12.65,11.7,15.55,12.7,,,
CMR,TM.TAX.MRCH.SR.ZS,,,,,,,,,,,,,,,,,,,,,,,,,,,,,,,,,,,0,0.3154199,,,,,,0.027691,0.026228,0,0,0,0,0.2252929,0,4.101831,0,0.0083282,0,0,0,,,
CMR,TM.TAX.MRCH.SM.FN.ZS,,,,,,,,,,,,,,,,,,,,,,,,,,,,,,,,,,,18.76,18.23,,,,,,18.04,18.04,18.22,18.22,18.05,18.22,17.86,17.75,17.62,17.75,17.82,17.82,17.93,18.23,,,
CMR,TM.TAX.MRCH.SM.AR.ZS,,,,,,,,,,,,,,,,,,,,,,,,,,,,,,,,,,,18.77,18.1,,,,,,18.65,18.52,19.19,19.19,19.16,19.21,18.14,18.06,18.25,17.97,18.87,18.88,18.17,18.91,,,
CMR,TM.TAX.MRCH.IP.ZS,,,,,,,,,,,,,,,,,,,,,,,,,,,,,,,,,,,50.92139,49.06862,,,,,,51.97595,50.9236,54.64231,54.64231,55.85417,54.58046,49.09883,48.93812,50.60866,47.81755,54.33902,54.33621,49.05875,54.06737,,,
CMR,TM.TAX.MRCH.BR.ZS,,,,,,,,,,,,,,,,,,,,,,,,,,,,,,,,,,,,79.87,,,,,,79.88,79.88,79.88,79.88,79.88,79.88,79.87,79.87,79.87,79.87,79.88,79.88,79.88,79.88,,,
CMR,TM.TAX.MRCH.BC.ZS,,,,,,,,,,,,,,,,,,,,,,,,,,,,,,,,,,,,13.29,,,,,,14.2,14.2,13.86,13.86,13.86,13.86,13.27,13.27,13.27,13.27,13.86,13.86,14.41,14.41,,,
CMR,TM.TAX.MANF.WM.FN.ZS,,,,,,,,,,,,,,,,,,,,,,,,,,,,,,,,,,,13.8,13.53,,,,,,13.47,13.55,14.69,14.69,15.07,14.33,15.5,15.85,15.26,15.39,14.25,14.14,15.7,14.19,,,
CMR,TM.TAX.MANF.WM.AR.ZS,,,,,,,,,,,,,,,,,,,,,,,,,,,,,,,,,,,13.8,13.49,,,,,,13.47,13.55,14.69,14.69,15.07,14.33,15.5,15.85,15.26,15.39,14.24,14.12,15.7,14.18,,,
CMR,TM.TAX.MANF.SR.ZS,,,,,,,,,,,,,,,,,,,,,,,,,,,,,,,,,,,0,0.3438355,,,,,,0.0328623,0.0223314,0,0,0,0,0.2575992,0,4.691189,0,0,0,0,0,,,
CMR,TM.TAX.MANF.SM.FN.ZS,,,,,,,,,,,,,,,,,,,,,,,,,,,,,,,,,,,18.12,17.87,,,,,,17.68,17.67,17.81,17.81,17.69,17.81,17.39,17.26,17.33,17.26,17.67,17.67,17.22,17.47,,,
CMR,TM.TAX.MANF.SM.AR.ZS,,,,,,,,,,,,,,,,,,,,,,,,,,,,,,,,,,,18.22,17.64,,,,,,18.22,18.02,18.67,18.67,18.66,18.67,17.86,17.82,17.9,17.64,18.53,18.44,17.82,18.34,,,
CMR,TM.TAX.MANF.IP.ZS,,,,,,,,,,,,,,,,,,,,,,,,,,,,,,,,,,,49.70401,47.47737,,,,,,50.53284,49.39259,52.68095,52.68095,53.96805,52.40223,48.3943,48.32016,48.80701,47.05494,53.09104,52.97885,47.92466,51.637,,,
CMR,TM.TAX.MANF.BR.ZS,,,,,,,,,,,,,,,,,,,,,,,,,,,,,,,,,,,,78.57,,,,,,79.32,79.32,79.17,79.17,79.17,79.17,78.5,78.5,78.5,78.5,79.17,79.17,78.54,78.54,,,
CMR,TM.TAX.MANF.BC.ZS,,,,,,,,,,,,,,,,,,,,,,,,,,,,,,,,,,,,1.09,,,,,,2.23,2.23,1.79,1.79,1.79,1.79,1.04,1.04,1.04,1.04,1.79,1.79,1.07,1.07,,,
CMR,TM.QTY.MRCH.XD.WD,,,,,,,,,,,,,,,,,,,,,56.05773189,54.77216022,45.42403484,46.98238452,48.81794466,56.86416029,112.1946105,101.4947003,68.98445055,58.01030899,73.46275208,67.93239169,47.05283765,49.33307105,61.66983012,57.95584102,65.23776859,86.65217755,92.13507331,79.61975629,100,128.6501831,128.9328579,139.4126919,138.9999449,137.5070683,143.8207896,194.9569948,203.6900698,174.7332867,185.0433018,215.5184708,208.065031,217.5649939,254.4719262,259.9359991,283.5550053,
CMR,TG.VAL.TOTL.GD.ZS,29.25295132,29.50133396,29.31194005,36.29756164,30.77962197,34.16722545,30.70908123,31.98198267,35.78816596,37.2732644,40.36095582,37.08389868,36.63171404,39.02708299,40.54738276,38.01202437,36.5411092,42.75479436,42.13293504,41.41345467,44.29769818,33.15722018,31.06686522,29.80280804,25.60928164,22.98660532,23.40610953,20.55684514,17.61746162,26.41818109,30.50689315,24.18297026,26.35063226,19.2603269,24.23548853,29.55219658,28.48748813,29.713396,29.83176778,26.06627321,32.94347987,34.72072318,31.67709923,30.55885425,28.01378937,31.18712886,34.75342994,39.73401761,41.37534465,30.72455944,34.46977723,38.57730635,37.07023389,34.51389961,36.49582093,33.09691962,26.3142378,
CMR,ST.INT.XPND.MP.ZS,,,,,,,,,,,,,,,,,,,,,,,,,,,,,,,,,,,,8.708210852,6.786715287,7.315285056,9.03895456,9.374171252,9.638216254,6.804803585,6.618814927,7.914740066,9.937741879,11.04318173,11.19597588,7.785376624,6.999091888,7.636371279,4.159178546,7.572345989,8.18641684,8.990377705,8.585913255,9.529565156,,
CMR,ST.INT.XPND.CD,,,,,,,,,,,,,,,,,,,,,,,,,,,,,,,,,,,,140000000,155000000,175000000,210000000,192000000,241000000,199000000,205000000,272000000,394000000,480000000,521000000,466000000,563000000,476000000,265000000,622000000,668000000,795000000,830000000,742000000,,
CMR,ST.INT.TVLX.CD,,,,,,,,,,,,,,,,,,,,,,,,,,,,,,,,,,,,105000000,134000000,136000000,160000000,152000000,205000000,160000000,171000000,171000000,323000000,355000000,412000000,368000000,410000000,389000000,186000000,529000000,518000000,612000000,630000000,568000000,,
CMR,ST.INT.TVLR.CD,,,,,,,,,,,,,,,,,,,,,,,,,,,,,,,,,,,,36000000,104000000,84000000,85000000,60000000,57000000,73000000,62000000,182000000,158000000,175000000,181000000,226000000,156000000,270000000,159000000,409000000,349000000,576000000,596000000,450000000,,
CMR,ST.INT.TRNX.CD,,,,,,,,,,,,,,,,,,,,,,,,,,,,,,,,,,,,35000000,21000000,39000000,50000000,40000000,36000000,39000000,34000000,101000000,71000000,125000000,109000000,98000000,153000000,87000000,79000000,93000000,150000000,183000000,200000000,174000000,,
CMR,ST.INT.TRNR.CD,,,,,,,,,,,,,,,,,,,,,,,,,,,,,,,,,,,,39000000,47000000,35000000,29000000,32000000,75000000,109000000,62000000,84000000,54000000,54000000,50000000,28000000,11000000,1000000,12000000,14000000,28000000,31000000,34000000,26000000,,
CMR,ST.INT.RCPT.XP.ZS,,,,,,,,,,,,,,,,,,,,,,,,,,,,,,,,,,,,3.675939154,6.045663672,4.769620252,4.735612925,4.224494797,4.949883197,6.447680281,4.154816764,8.503730987,5.554101778,5.407122882,4.748030439,4.015167079,2.279779034,5.100547505,3.049342251,5.631740723,5.104727035,7.563266151,7.333530012,7.069709346,,
CMR,ST.INT.RCPT.CD,,,,,,,,,,,,,,,,,,,,,,,,,,,,,,,,,,,,75000000,151000000,119000000,114000000,92000000,132000000,182000000,124000000,266000000,212000000,229000000,231000000,254000000,167000000,271000000,171000000,423000000,377000000,607000000,630000000,476000000,,
CMR,ST.INT.DPRT,,,,,,,,,,,,,,,,,,,,,,,,,,,,,,,,,,,,,,,,,,,,,,,,,,,,,,,,,,
CMR,ST.INT.ARVL,,,,,,,,,,,,,,,,,,,,,,,,,,,,,,,,,,,,,,,,,,,,,,176000,451000,477000,487000,498000,573000,604000,817000,783000,822000,,,
CMR,NY.EXP.CAPM.KN,,,,,,2.68009E+11,2.48001E+11,2.36582E+11,2.69659E+11,3.05781E+11,3.49225E+11,3.38248E+11,3.09213E+11,3.09901E+11,4.02185E+11,3.37382E+11,3.48106E+11,4.18922E+11,4.24947E+11,4.19926E+11,5.73345E+11,6.44154E+11,8.79793E+11,8.08159E+11,1.06523E+12,1.11858E+12,1.26465E+12,9.75116E+11,9.63285E+11,9.36496E+11,1.03145E+12,1.24979E+12,8.27243E+11,1.10621E+12,1.40963E+12,1.46047E+12,1.47686E+12,1.81785E+12,1.75619E+12,1.84857E+12,2.31598E+12,2.22621E+12,2.15268E+12,1.97781E+12,2.2775E+12,2.32818E+12,2.46868E+12,2.80168E+12,2.84446E+12,2.41395E+12,2.54954E+12,2.9195E+12,3.05993E+12,3.24469E+12,3.4283E+12,3.3278E+12,3.17359E+12,
CMR,NE.TRD.GNFS.ZS,,,,,,48.0200388,44.57197133,43.20451703,46.75675569,46.24256492,50.87995264,50.17613052,46.47761949,44.6908941,48.23801324,48.2279939,50.00721606,52.86570896,51.77722644,49.32094172,55.01613909,50.28117841,62.12539352,59.70119087,64.47202025,65.02458838,46.00580702,37.32029527,31.99460886,38.47648378,37.49644544,34.63877936,38.86259217,26.45271297,40.03701821,38.25012503,46.43775955,49.84270432,45.01641779,40.36685344,50.85286897,54.12511636,51.84281763,46.64148434,46.93507784,50.9685648,51.9471282,58.49317595,61.97959826,47.7725182,49.12385531,56.93629891,56.38711416,55.60547716,55.06479448,49.869207,41.99678136,
CMR,NE.RSB.GNFS.ZS,,,,,,-0.501253921,-2.582501613,-1.953971713,-2.50965231,0.524292316,1.539910711,-4.13981497,-5.693880337,-3.303442255,2.638166373,-2.858075636,-4.722022328,-2.74580323,-4.466830827,-7.163848118,0.753357287,-6.547071731,4.303282203,1.094015679,2.485168146,1.872953741,0.556934177,-3.931782405,0.071340882,2.937589491,2.869383358,5.358981566,2.231452324,1.383173245,2.141781375,3.024069019,0.083079919,-0.082637125,0.080382947,-0.270199125,0.963549861,-2.446324587,-3.249016834,-4.785915563,-1.516160552,-1.772606502,-0.669898534,-0.722366945,-3.864205966,-4.965988643,-4.779567132,-5.072151627,-4.150712947,-4.46994859,-5.188646099,-5.349874561,-4.829773144,
CMR,NE.RSB.GNFS.CD,,,,,,-4080907.952,-22035679.77,-18251640.42,-26428575.15,6042041.726,17862999.06,-51084947.26,-81476656.52,-58098543.92,59503763.29,-78676278.51,-145277381.6,-92433859.53,-196983694.8,-416323069,50781980.83,-499957039,315125679.4,80758648.3,193889310.3,152612458.8,59152861.84,-483706407,8912820.942,327249095.7,319981524.8,666355596.5,254303246.4,214366669.7,227032203,291639800.2,8734513.756,-8952490.825,8530919.501,-30257921.42,97163768.09,-253716341,-376214806.2,-696295473.7,-264280937.9,-318078003.2,-129665870.5,-161559281.8,-1020528341,-1292047228,-1249561357,-1488017469,-1208041650,-1445945672,-1813065947,-1653978911,-1556032040,
CMR,NE.IMP.GNFS.ZS,,,,,,24.26064636,23.57723647,22.57924437,24.633204,22.8591363,24.67002097,27.15797275,26.08574991,23.99716818,22.79992343,25.54303477,27.36461919,27.80575609,28.12202863,28.24239492,27.1313909,28.41412507,28.91105566,29.3035876,30.99342605,31.57581732,22.72443642,20.62603884,15.96163399,17.76944715,17.31353104,14.63989889,18.31556992,12.53476986,18.94761842,17.61302801,23.17733982,24.96267072,22.46801742,20.31852628,24.94465955,28.28572047,27.54591723,25.71369995,24.2256192,26.37058565,26.30851337,29.60777145,32.92190211,26.36925342,26.95171122,31.00422527,30.26891355,30.03771287,30.12672029,27.60954078,23.41327725,
CMR,NE.IMP.GNFS.KD.ZG,,-1.883709408,-0.250405374,-10.20919499,4.287025064,11.03999418,1.769904571,-7.005728808,15.92834918,-0.44093355,9.962977982,21.40965698,-0.884505654,-9.146639488,0.30672515,5.385607115,10.74350918,10.48762245,8.684418204,11.37271959,-0.851306373,50.04196131,-8.507634913,1.732452718,26.58128501,7.076170668,16.90000047,-2.400006131,-20.39999679,-16.20000303,10.10000544,3.400002617,-19.4000023,35.10573946,27.12075482,-1.580277039,18.06147047,23.94066002,-4.055113554,7.060230045,19.02161652,9.288958993,0.146379908,-0.427785792,-0.022609882,2.733160622,1.491411314,13.36524049,12.22157647,-7.716520382,4.206063133,12.62944762,1.595143206,7.493601623,8.647540328,-0.337672165,-3.130385991,
CMR,NE.IMP.GNFS.KD,611417968.6,599900630.8,598398447.3,537306783,560341259.5,622202902,633215299.6,588853952.9,682648666.7,679638639.7,747350887.7,907356149.2,899330532.8,817072011.1,819578176.5,863717437.1,956510999.2,1056826261,1148605474,1279233153,1268342960,1903046653,1741142392,1771306861,2242142986,2400800850,2806536205,2739179164,2180386702,1827163990,2011707653,2080105766,1676565199,2265135810,2879457740,2833954330,3345808155,4146816710,3978658583,4259561032,5069798397,5540729891,5548840406,5525103255,5523854036,5674829839,5759464893,6529231227,7327206214,6761800853,7046206466,7936103421,8062695636,8666881927,9416354036,9384557630,9090784752,
CMR,NE.IMP.GNFS.CD,,,,,,197515591.3,201177195.9,210907991.4,259406643.9,263432919.1,286172801,335126959.9,373274385.8,422044770.8,514251588,703141264.9,841897802.9,936044260.1,1240159146,1641291151,1828861014,2169800854,2117131907,2163148272,2418063346,2572868200,2413598418,2537512535,1994132706,1979526250,1930731927,1820379197,2087299308,1942661110,2008477429,1698592174,2436723534,2704330298,2384496410,2275345530,2515403939,2933604778,3189636263,3741046547,4222751576,4731960094,5092288035,6621856553,8694602319,6860732724,7046206466,9095711686,8809596983,9716644401,10527164427,8535825967,7543172007,
CMR,NE.EXP.GNFS.ZS,,,,,,23.75939244,20.99473486,20.62527266,22.12355169,23.38342862,26.20993168,23.01815778,20.39186958,20.69372592,25.43808981,22.68495913,22.64259686,25.05995286,23.65519781,21.0785468,27.88474819,21.86705334,33.21433786,30.39760328,33.4785942,33.44877106,23.2813706,16.69425643,16.03297487,20.70703664,20.1829144,19.99888046,20.54702225,13.91794311,21.08939979,20.63709703,23.26041974,24.8800336,22.54840037,20.04832716,25.90820941,25.83939588,24.2969004,20.92778439,22.70945864,24.59797915,25.63861483,28.8854045,29.05769615,21.40326478,22.17214409,25.93207364,26.11820061,25.56776428,24.93807419,22.25966622,18.58350411,
CMR,NE.EXP.GNFS.KD.ZG,,-4.260246527,-2.912625097,-11.5833437,6.880339573,3.755119034,-0.338989516,0.540000881,4.329350932,10.98430917,8.944483607,-1.750099684,5.000287627,2.60910989,13.66825804,-10.2910944,16.08515471,-11.92272492,31.76937208,18.57375815,30.68180792,27.39871651,-15.79730486,19.58116281,44.27405909,8.912332267,-13.85123805,-12.03299937,4.599756588,23.17223971,-9.826537661,-4.100002656,5.300000711,-18.73410618,12.43854844,13.42907861,9.198237345,11.11389875,-0.214478918,4.013681868,5.197897942,-0.377060459,-4.384486048,4.813450059,2.302425487,-0.160625355,3.6089103,14.48268886,-3.119509436,-10.85547837,4.205257309,7.796757568,3.248283158,4.150221849,5.267615617,6.368342658,-5.691196398,
CMR,NE.EXP.GNFS.KD,833674262.2,798157683.4,774910342.4,685149814.1,732290447.9,759788825.9,757213221.5,761302179.5,794261622.5,881505774.8,960351914.3,943544798.5,990724752.3,1016573850,1155521787,1036605949,1203345619,1059874031,1396589356,1655988485,2164075692,2757004655,2321472225,2776043481,4005110612,4362059377,3757860149,3305676861,3457729950,4258963423,3840454778,3682996030,3878194846,3151649706,3543669181,4019551301,4389279170,4877099213,4866638863,5061970265,5325086313,5305007518,5072410204,5316568135,5438978155,5430241777,5626214332,6441041448,6240112553,5562718484,5796645110,6248595476,6451567550,6719321917,7073269967,7523720036,7095530352,
CMR,NE.EXP.GNFS.CD,,,,,,193434683.3,179141516.1,192656351,232978068.8,269474960.8,304035800,284042012.6,291797729.3,363946226.8,573755351.3,624464986.4,696620421.4,843610400.5,1043175451,1224968083,1879642995,1669843815,2432257587,2243906920,2611952656,2725480658,2472751280,2053806128,2003045527,2306775346,2250713452,2486734793,2341602555,2157027779,2235509632,1990231974,2445458047,2695377807,2393027329,2245087608,2612567707,2679888438,2813421457,3044751073,3958470638,4413882091,4962622165,6460297271,7674073978,5568685496,5796645110,7607694217,7601555334,8270698729,8714098480,6881847055,5987139966,
CMR,MS.MIL.XPRT.KD,,,,,,,,,,,,,,,,,,,,,,,,,,,,,,,,,,,,,,,,,,,,,,,,,,,,,,,,,,
CMR,MS.MIL.MPRT.KD,,0,,2000000,0,2000000,2000000,3000000,3000000,,,8000000,1000000,12000000,,,29000000,73000000,,1000000,,26000000,116000000,5000000,126000000,17000000,11000000,5000000,1000000,3000000,8000000,,3000000,,,,4000000,6000000,9000000,4000000,,7000000,6000000,,,5000000,2000000,,1000000,,10000000,,,133000000,130000000,7000000,11000000,
CMR,LP.LPI.TRAC.XQ,,,,,,,,,,,,,,,,,,,,,,,,,,,,,,,,,,,,,,,,,,,,,,,,2.5,,,2.6,,2.55,,2.520408,,2.036961,
CMR,LP.LPI.TIME.XQ,,,,,,,,,,,,,,,,,,,,,,,,,,,,,,,,,,,,,,,,,,,,,,,,3.29,,,3.16,,3.19,,2.795748,,2.286961,
CMR,LP.LPI.OVRL.XQ,,,,,,,,,,,,,,,,,,,,,,,,,,,,,,,,,,,,,,,,,,,,,,,,2.49,,,2.55,,2.53,,2.296616,,2.151499,
CMR,LP.LPI.LOGS.XQ,,,,,,,,,,,,,,,,,,,,,,,,,,,,,,,,,,,,,,,,,,,,,,,,2.25,,,2.53,,2.41,,2.520408,,2.316804,
CMR,LP.LPI.ITRN.XQ,,,,,,,,,,,,,,,,,,,,,,,,,,,,,,,,,,,,,,,,,,,,,,,,2.33,,,2.69,,2.37,,2.195748,,1.983471,
CMR,LP.LPI.INFR.XQ,,,,,,,,,,,,,,,,,,,,,,,,,,,,,,,,,,,,,,,,,,,,,,,,2,,,2.1,,2.24,,1.853742,,2.205693,
CMR,LP.LPI.CUST.XQ,,,,,,,,,,,,,,,,,,,,,,,,,,,,,,,,,,,,,,,,,,,,,,,,2.57,,,2.11,,2.37,,1.857143,,2.090909,
CMR,LP.IMP.DURS.MD,,,,,,,,,,,,,,,,,,,,,,,,,,,,,,,,,,,,,,,,,,,,,,,,10,,,8.89,,45,,5,,9,
CMR,LP.EXP.DURS.MD,,,,,,,,,,,,,,,,,,,,,,,,,,,,,,,,,,,,,,,,,,,,,,,,5.9,,,3.37,,18,,3,,8,
CMR,IC.IMP.TMDC,,,,,,,,,,,,,,,,,,,,,,,,,,,,,,,,,,,,,,,,,,,,,,,,,,,,,,,163,163,163,
CMR,IC.IMP.TMBC,,,,,,,,,,,,,,,,,,,,,,,,,,,,,,,,,,,,,,,,,,,,,,,,,,,,,,,271,271,271,
CMR,IC.IMP.DURS,,,,,,,,,,,,,,,,,,,,,,,,,,,,,,,,,,,,,,,,,,,,,,33,33,33,33,26,26,25,25,25,25,,,
CMR,IC.IMP.DOCS,,,,,,,,,,,,,,,,,,,,,,,,,,,,,,,,,,,,,,,,,,,,,,10,10,10,11,12,12,12,12,12,12,,,
CMR,IC.IMP.CSDC.CD,,,,,,,,,,,,,,,,,,,,,,,,,,,,,,,,,,,,,,,,,,,,,,,,,,,,,,,849,849,849,849
CMR,IC.IMP.CSBC.CD,,,,,,,,,,,,,,,,,,,,,,,,,,,,,,,,,,,,,,,,,,,,,,,,,,,,,,,1407,1407,1407,1407
CMR,IC.IMP.COST.CD,,,,,,,,,,,,,,,,,,,,,,,,,,,,,,,,,,,,,,,,,,,,,,2018,2018,2018,2161,2291,2267,2267,2267,2267,2267,,,
CMR,IC.EXP.TMDC,,,,,,,,,,,,,,,,,,,,,,,,,,,,,,,,,,,,,,,,,,,,,,,,,,,,,,,66,66,66,
CMR,IC.EXP.TMBC,,,,,,,,,,,,,,,,,,,,,,,,,,,,,,,,,,,,,,,,,,,,,,,,,,,,,,,202,202,202,
CMR,IC.EXP.DURS,,,,,,,,,,,,,,,,,,,,,,,,,,,,,,,,,,,,,,,,,,,,,,27,27,27,27,23,23,23,23,23,23,,,
CMR,IC.EXP.DOCS,,,,,,,,,,,,,,,,,,,,,,,,,,,,,,,,,,,,,,,,,,,,,,9,9,9,9,10,11,11,11,11,11,,,
CMR,IC.EXP.CSDC.CD,,,,,,,,,,,,,,,,,,,,,,,,,,,,,,,,,,,,,,,,,,,,,,,,,,,,,,,306,306,306,306
CMR,IC.EXP.CSBC.CD,,,,,,,,,,,,,,,,,,,,,,,,,,,,,,,,,,,,,,,,,,,,,,,,,,,,,,,983,983,983,983
CMR,IC.EXP.COST.CD,,,,,,,,,,,,,,,,,,,,,,,,,,,,,,,,,,,,,,,,,,,,,,1032,1032,1032,1120,1250,1379,1379,1379,1379,1379,,,
CMR,IC.CUS.DURS.EX,,,,,,,,,,,,,,,,,,,,,,,,,,,,,,,,,,,,,,,,,,,,,,,4.3,,,15.1,,,,,,,6.7,
CMR,GC.TAX.IMPT.ZS,,,,,,,,,,,,,,,,,,,,,,,,,,,,,,,,,,,,,,,,,,,,,,,,,,,,,,,,,,
CMR,GC.TAX.EXPT.ZS,,,,,,,,,,,,,,,,,,,,,,,,,,,,,,,,,,,,,,,,,,,,,,,,,,,,,,,,,,
CMR,EG.IMP.CONS.ZS,,,,,,,,,,,,9.007062595,9.219129606,9.372550566,9.472073038,11.39082342,10.4711911,12.89930978,-0.681136298,-42.46711492,-83.48444054,-110.2559753,-125.3958162,-125.4832326,-188.8314597,-180.0456422,-174.6376267,-172.9648301,-152.8063416,-134.9315148,-120.3542568,-113.3034026,-113.1756263,-98.66573763,-92.72233675,-77.6437322,-81.72000203,-86.93333146,-87.40244127,-81.65919804,-76.62865404,-67.52976319,-68.93427031,-60.63052504,-54.725274,-49.79309078,-52.60845889,-45.8392458,-45.45508848,-27.92545521,-20.64790148,-21.29126376,-21.17150067,-22.82375153,-28.31982089,,,
CMR,BX.GSR.TRVL.ZS,,,,,,,,,,,,,,,,,,13.86163522,17.85790942,16.7446837,15.50991501,15.96598961,14.86967668,15.75375089,15.52513936,13.43063739,9.04876692,9.972500809,7.498719731,19.80759093,13.93560788,17.96035973,14.56652758,12.09575429,8.395034843,11.77515961,21.06273159,18.22633685,16.1393447,13.7057082,8.285669204,7.662301561,6.093204602,28.27931437,14.22504199,18.04881481,17.81823928,16.50738144,10.50336626,21.60412809,12.30780269,22.0139193,21.4647051,29.60207584,29.35604172,29.67878653,,
CMR,BX.GSR.TRAN.ZS,,,,,,,,,,,,,,,,,,52.71194969,43.77763469,52.68690651,48.43838527,45.21776098,48.11636519,40.96451536,41.0166124,46.63631494,50.08962235,47.06082174,58.76801522,36.94649446,41.10523787,48.49384441,38.08993973,30.82204155,36.15527003,38.47824656,28.39238713,23.73580271,22.41740249,22.11705703,19.75436664,19.5858392,12.49045685,36.48859408,30.22885441,43.80393544,49.438606,45.15054548,37.28369158,39.27992457,36.93869339,29.51727253,32.97655668,29.17657343,30.0100712,30.66027214,,
CMR,BX.GSR.TOTL.CD,,,,,,,,,,,,,,,,,,978957614.9,1318556494,1718019815,2096795400,1829894903,1800057044,1835613605,2039264004,2163098409,2581070640,2112488394,2317052634,2346365286,2515822943,2381756628,2383337898,1915648604,1804937905,2052655977,2535234364,2513991430,2462640613,2215632489,2692950691,2870146902,3027119812,3236522856,3922065264,4280072703,4911467922,6392896632,7391078954,5444586279,5700819697,7674149281,7591006878,8193344314,8753003878,6915214144,,
CMR,BX.GSR.NFSV.CD,,,,,,,,,,,,,,,,,,161796038.4,206464835.2,351492206,400985319.3,389539006.3,427319927.3,440763500.6,414663544.9,498683440.6,467188108.4,411397531.8,458925020.7,475724300.1,382164733,405980840.7,407455008.8,390941487.4,330832936.8,304378401.5,495380307.1,458530655.7,529217494.5,439913402.4,692534593.8,947634937.7,1022331219,644602370.4,1108814393,969929666.7,1016530989,1369965589,1483651636,1248905382,1294503827,1858086380,1628197488,1945837785,2028377164,1515936675,,
CMR,BX.GSR.MRCH.CD,,,,,,,,,,,,,,,,,,809061598.8,1095827956,1354117025,1657472250,1410583856,1357886517,1366692255,1588944750,1626330369,2076949866,1688646453,1841206243,1853807568,2125357467,1957449402,1934060664,1507720408,1454166376,1735916523,2002277654,2036426882,1878073849,1737861797,1974194998,1875085670,1962156594,2483436374,2708184439,3265224684,3848644224,4956047626,5841619694,4064249720,4313262895,5652912808,5757114154,6079795425,6562301527,5217013390,,
CMR,BX.GSR.INSF.ZS,,,,,,,,,,,,,,,,,,6.382389937,5.28868856,5.491507289,5.16170916,4.418516769,6.092436975,4.730888307,7.391136376,7.251383681,6.60733049,6.319961178,0.343843734,7.847917765,9.082172033,4.07753427,3.727399166,8.482384824,5.117595819,5.713157375,2.683800752,2.138920743,2.206571928,1.793141183,2.489270247,5.867606685,1.26328884,5.803069641,4.494939821,5.238591341,1.527842057,3.144785319,3.892460268,4.849961676,3.808384466,2.66638381,4.968607103,5.230650209,5.254970784,5.30336828,,
CMR,BX.GSR.GNFS.CD,,,,,,,,,,,,,,,,,,970857637.2,1302292791,1705609231,2058457569,1800122862,1785206444,1807455755,2003608295,2125013810,2544137974,2100043985,2300131264,2329531869,2507522200,2363430243,2341515673,1898661896,1784999312,2040294925,2497657961,2494957538,2407291344,2177775200,2666729592,2822720608,2984487814,3128038744,3816998832,4235154351,4865175212,6326013215,7325271330,5313155102,5607766723,7510999188,7385311641,8025633210,8590678691,6732950065,,
CMR,BX.GSR.CMCP.ZS,,,,,,,,,,,,,,,,,,27.04402516,33.07576733,25.0769025,30.88999056,34.39773264,30.92152115,38.55084544,36.06711187,32.68166399,34.25428024,36.64671627,33.38942132,35.39799684,35.87698222,29.46826159,43.61613352,48.59981933,50.3320993,44.03343645,47.86108053,55.89893969,59.23668088,62.38409359,69.47069391,66.88425255,80.15304971,29.42902191,51.05116378,32.9086584,31.21531266,35.19728776,48.32048189,34.26598566,46.94511946,45.80242436,40.59013112,35.99070052,35.3789163,34.35757305,,
CMR,BX.GSR.CCIS.ZS,,,,,,,,,,,,,,,,,,,,,,,,,,,14.23450151,,16.54839418,18.17343173,22.77751081,19.35737361,27.6216968,35.65492322,40.89721254,19.39709077,40.70241069,46.763016,53.82658879,55.85678352,64.15384322,62.77055779,77.59224299,19.48467755,44.54053452,19.12718161,18.33109453,24.45646297,37.46822259,24.01868018,30.58467912,38.01450327,29.94168945,26.43354675,25.88048182,23.68949364,,
CMR,BX.GSR.CCIS.CD,,,,,,,,,,,,,,,,,,,,,,,,,,,66501898.36,,75944721.41,86455430.92,87047613.38,78587228.13,112545987.1,139389887.1,135301449.3,59040554.81,201631727.1,214422763.9,284859724.5,245721476.8,444287557.5,594835736.2,793249723.8,125598693.4,493871857.4,185520208.8,186341256.4,335045126.9,555897897.4,299970589.5,395919841.7,706342307.8,487509835.4,514353940.4,524953783.2,359117722.3,,
CMR,BN.GSR.MRCH.CD,,,,,,,,,,,,,,,,,,89873120.19,144334829,83348359.13,37201895.78,41769180.17,140319910.6,141471542.7,524216742.6,490425470.8,442470077.5,253879259.8,620450243.9,717034636.3,695315767.5,850245040.1,892660820.4,502396892.5,401887811.4,626887682.6,761603262.8,582213177.7,375718846.1,414026245.6,500971749.8,89995272.23,163546526.9,269306461.6,235635584.8,381655276.7,680466112.2,734766131.9,483748230.5,-207797223.1,-312633119,-579571178.8,-274102961.7,-197281306.6,-448813286.7,-371967509,,
CMR,BN.GSR.GNFS.CD,,,,,,,,,,,,,,,,,,-83441982.06,-113269825.9,-29898226.96,-278635573.1,-291979449.8,-184415237.1,-135015968.7,183061631.2,52953396.95,-34391559.25,-387174189.6,178010129.5,160340656,32358205.65,133920860.6,392796451.2,152244693.1,239569299.5,432616810.5,213784342.6,102706262.9,84013816.28,129594140.8,166266916.8,-101684153.4,-112743371.5,-308587066.7,-147684541.8,-111419051.2,211717525.3,340432523,-718629350.6,-920171992.5,-763683723.5,-703099862.6,-774546487.7,-817154335.3,-1076318580,-1053344355,,
CMR,BM.GSR.TRVL.ZS,,,,,,,,,,,,,,,,,,12.82643022,13.95148969,14.85939713,11.50214592,9.763915742,9.557722656,13.74579248,14.74595773,13.93076228,21.71412841,23.17736326,31.38153239,31.1188705,26.7404674,36.93187202,25.07911392,30.37884203,11.84806428,21.10887907,12.85259226,14.52808181,19.51118789,20.93424151,19.96284781,14.05827832,13.13020675,14.00402525,21.65483488,24.27030095,27.77214095,20.86119422,15.27463008,19.81708897,10.65743008,26.68511118,24.31562975,23.87014241,23.71472872,25.86180363,,
CMR,BM.GSR.TRAN.ZS,,,,,,,,,,,,,,,,,,48.33960889,44.69633308,43.60610965,39.00957412,38.56466877,34.52555335,31.43055759,29.97698783,31.97822055,44.55388004,30.31678786,31.64599397,29.70699863,44.08364084,31.80885,32.38674217,24.89873719,43.76186998,34.40739253,22.39062189,25.08183505,32.19915066,33.33215988,21.70597349,24.82841339,21.10954791,28.88538595,25.70115392,31.94892236,30.49477363,37.24623627,29.94559443,28.32771257,35.33075082,44.89726295,42.62056134,38.93191208,39.19708051,41.23576485,,
CMR,BM.GSR.TOTL.CD,,,,,,,,,,,,,,,,,,1103550740,1506010079,1843771006,2551643007,2305327536,2178686480,2249898755,2183649031,2706032103,2932956064,2906168864,2633052509,2600026398,3041267313,2672178442,2772658609,2415961887,1881792442,2032281276,2916203329,3126077856,2778098093,2854537076,3019768884,3304156571,3516748902,3954814279,4513224605,5011855286,5030927056,6551614078,8438402527,6841828455,6703107262,8680019348,8810340692,9625550015,10511962209,8405282170,,
CMR,BM.GSR.NFSV.CD,,,,,,,,,,,,,,,,,,335111140.7,464069490.1,464738792.1,716822788.2,723287636.2,752055074.9,717251012.1,755818656.3,936155514.5,944049745.2,1052450981,901365135.1,1032418280,1045122295,1122305020,907319377.9,741093686.8,493151448.7,498649273.6,1043199227,938037570.5,820922524.3,724345507.1,1027239427,1139314363,1298621118,1222495899,1492134519,1463003995,1485279575,1764299198,2686029217,1961280152,1745554432,1981615064,2128641014,2565710813,2655882457,2197313521,,
CMR,BM.GSR.MRCH.CD,,,,,,,,,,,,,,,,,,719188478.6,951493126.6,1270768665,1620270354,1368814675,1217566607,1225220712,1064728007,1135904898,1634479789,1434767193,1220755999,1136772932,1430041699,1107204362,1041399844,1005323516,1052278564,1109028840,1240674391,1454213704,1502355003,1323835552,1473223249,1785090398,1798610068,2214129912,2472548854,2883569407,3168178112,4221281494,5357871464,4272046943,4625896014,6232483987,6031217116,6277076732,7011114813,5588980899,,
CMR,BM.GSR.INSF.ZS,,,,,,,,,,,,,,,,,,7.76387708,7.557295646,7.152538944,5.414328161,5.131270988,6.27888156,4.640714181,4.719917641,5.484331162,8.069005598,5.532089788,3.89615227,4.253833308,7.028641715,3.701715044,6.820453031,5.89945199,6.523009496,7.030936119,2.903582509,3.742823337,8.367191151,6.038536801,3.787877027,3.393069099,2.143254247,7.598347677,7.064185966,7.822073169,5.889616527,5.961895526,6.220309307,7.599869386,6.980184678,8.007426285,7.257467133,6.280371227,6.640733283,7.220683287,,
CMR,BM.GSR.GNFS.CD,,,,,,,,,,,,,,,,,,1054299619,1415562617,1735507458,2337093142,2092102312,1969621682,1942471724,1820546664,2072060413,2578529534,2487218174,2122121134,2169191213,2475163994,2229509382,1948719222,1746417203,1545430013,1607678114,2283873619,2392251275,2323277527,2048181059,2500462675,2924404761,3097231185,3436625811,3964683374,4346573402,4653457687,5985580692,8043900681,6233327095,6371450446,8214099051,8159858129,8842787545,9666997271,7786294420,,
CMR,BM.GSR.CMCP.ZS,,,,,,,,,,,,,,,,,,31.07008381,33.79488159,34.38195428,44.0739518,46.5401445,49.63784243,50.18293575,50.5571368,48.60668601,25.66298596,40.97375909,33.07632138,34.92029756,22.14725004,27.55756293,35.71369087,38.82296879,37.86705625,37.45279229,61.85320334,56.6472598,39.9224703,39.69506181,54.54330167,57.72023919,63.61699109,49.51224112,45.57982524,35.95870352,35.8434689,35.93067398,48.55946619,44.25532907,47.03163442,20.41019959,25.80634178,30.91757429,30.44745748,25.68174823,,
CMR,BG.GSR.NFSV.GD.ZS,,,,,,,,,,,,,,,,,,14.76092575,15.2051336,14.04523394,16.58282859,14.57276383,16.1052678,15.68731101,15.00260678,17.60922411,13.28704255,11.8988166,10.88816884,13.53801692,12.79896909,12.2908186,11.53684195,7.304310728,7.773321965,8.326747969,14.63447954,12.89120371,12.72175095,10.3966738,17.05458785,20.1222963,20.04390335,12.83330856,14.92145506,13.55841643,12.9252148,14.01398456,15.78839605,12.33836083,11.62821054,13.08825221,12.90812963,13.946852,13.40545029,12.01068685,,
