COL,TX.VAL.TRVL.ZS.WT,,,,,,,,,29.22077922,26.01156069,28.87700535,32.54716981,32.67326733,31.30434783,35.81081081,41.76076261,38.99449658,40.45988875,41.69884584,39.79378728,36.9399279,39.21500076,37.40057532,28.69352869,27.19200888,23.30097087,38.7037037,30.83038869,33.55167394,26.7571885,26.22739018,30.38961039,36.50054339,30.73510257,43.91847232,40.59008353,53.11461663,50.46668031,49.93300648,50.13758214,51.62312115,57.02451431,53.38437221,47.85542561,51.50107003,52.68613829,52.11082711,51.1107386,52.00296316,54.13118008,55.5847564,54.2245161,54.4910994,52.0648621,54.11926178,57.90437633,60.55329899,
COL,TX.VAL.TRAN.ZS.WT,,,,,,,,,43.57142857,49.36416185,48.5026738,48.16037736,45.2970297,46.73913043,46.92567568,39.54305016,45.10821695,39.35583526,39.01370833,30.07394307,32.28736724,42.08365972,32.80284478,46.36141636,42.65260821,43.75,35.31481481,39.61130742,35.02911208,35.60702875,31.26614987,33.53246753,33.30745743,39.58401172,33.75362717,35.71084374,28.6738748,31.95087502,34.08076721,33.25453628,29.95273874,27.0004863,30.20293891,33.76466553,28.82019543,26.92698466,24.63917712,28.49704369,26.28266852,23.95450988,22.73035117,26.59415197,23.47324597,24.70952351,24.99307352,21.83968429,20.8112516,
COL,TX.VAL.TECH.MF.ZS,,,,,,,,,,,,,,,,,,,,,,,,,,,,,,,,5.223920849,6.861886741,5.862064152,5.710056223,6.671060595,7.743427063,8.02107313,8.776844408,8.180491498,7.740420729,7.211090466,7.17301452,6.615023429,5.694387942,4.991174748,4.075887763,2.909197078,3.723762877,5.220021659,5.056319809,4.327384992,5.189986574,7.393976584,7.711730243,9.489813759,9.825403736,
COL,TX.VAL.TECH.CD,,,,,,,,,,,,,,,,,,,,,,,,,,,,,,,,126543484,151278799,154926322,161681092,233001161,245419779,284163644,306083595,289147492,330564457,349136631,322444561,297321292,352837891,367212256,353802692,341931813,441258332,462355742,425239837,400794305,516973271,735600970,724222055,793475743,739660247,
COL,TX.VAL.SERV.CD.WT,,,,,,,,,154000000,173000000,187000000,212631760,219313420,274189900,355981440,419053650,553924320,701929760,745824000,1062980000,1293992780,1114369480,1294097740,819000000,901000000,824000000,1080000000,1132000000,1374000000,1252000000,1548000000,1540000000,1932300000,2456800000,1501513498,1617515986,2109215600,2067027519,1857712935,1849483622,1996009592,2134686520,1811344107,1866535964,2382533896,2921766484,3675424794,3898692495,4503567697,4507619687,5031206973,5550879724,6350147323,6935017869,7067618282,7331558406,7882426077,
COL,TX.VAL.OTHR.ZS.WT,,,,,,,,,16.88311688,15.02890173,13.36898396,11.79245283,11.38613861,12.60869565,10.13513514,10.26076255,9.348092895,12.96426013,10.8604711,23.8950874,24.9614994,11.12736864,16.92298759,10.5006105,16.87014428,17.7184466,16.2962963,18.3745583,21.25181951,23.1629393,25.45219638,23.24675325,18.69792475,18.32464995,18.06846494,17.11156442,12.96104817,12.55832676,10.85707001,11.18781945,14.12997645,13.0825112,14.14121689,16.24112598,18.14603223,18.99833867,21.29889031,18.24022683,19.97196035,20.56549218,20.41851951,17.70491938,20.61866357,21.87904238,19.69043705,19.21998781,17.73615319,
COL,TX.VAL.MRCH.XD.WD,,,,,,,,,,,,,,,,,,,,,30.08671119,22.35860557,23.18125014,23.0049144,26.53929604,27.22930547,39.11280121,35.59068641,38.61752777,43.82709897,51.87184225,55.44685777,53.02722471,54.55597893,64.54271542,77.63219431,81.1681093,88.33960731,83.49190772,88.74594619,100,94.22462107,91.31891469,100.2798372,124.3818666,162.4588869,186.998919,229.9372858,288.4691757,251.876335,304.4730735,436.3538292,460.9659059,450.9824968,420.5741995,275.8598136,240.6930022,
COL,TX.VAL.MRCH.WR.ZS,1.697464547,2.068490002,2.131324004,2.639230597,3.993435449,5.538004088,7.370910524,5.47166111,6.896367521,7.926809238,8.412587317,13.70022737,13.6056636,12.38722367,17.78227237,18.93102297,16.38380789,16.64899739,13.09628088,16.71484477,14.8423095,21.25805742,19.63749543,11.10404031,9.53801796,10.35470219,9.636485386,13.34072417,12.89833793,13.06716417,13.133636,19.21743716,22.01979715,23.55074803,20.69178178,26.29762965,24.55550034,25.66164989,27.04761729,22.6908914,25.90528305,32.65356674,30.24431583,26.34486599,31.63894158,31.35381462,29.50776318,34.30783458,32.17236495,27.60503632,22.82784684,21.71867807,23.26735967,23.23940828,23.64491238,27.76784195,26.63102837,
COL,TX.VAL.MRCH.WL.CD,465400000,435100000,464500000,447100000,548400000,538100000,507400000,509900000,561600000,608820000,728670000,686120000,860230000,1169350000,1409100000,1467010000,1742330000,2424170000,3036740000,3324470000,3942850000,2955350000,3094030000,3079960000,3482170000,3551430000,5107360000,5024240000,5024942000,5737917817,6752231577,7242511000,7062531000,7449343000,9033604563,9853993938,10431773860,11554526600,10873344156,11623740497,13042988158,12159795716,11448803791,12662508834,16157130906,20712429518,23274244002,28466880930,37072137077,32560287943,39353720059,55724018395,59618935440,58821860009,54794652251,35675657457,31390361512,
COL,TX.VAL.MRCH.RS.ZS,3.437902879,2.367271892,3.509149623,3.064191456,3.555798687,3.698197361,4.434371305,5.255932536,7.594373219,9.214546171,11.15731401,4.595406051,3.476977088,4.375935349,4.218295366,3.567119515,4.558263934,4.314053882,4.754769918,3.726609053,4.007000013,3.935574467,4.08884206,8.576734763,8.022296442,6.47119611,6.124299051,6.595624413,3.906254042,3.728560321,5.046253703,5.611603489,4.633636298,4.35631706,5.47987914,3.917792181,4.443962458,1.987027872,2.124698885,1.759959439,0.408202901,0.263516754,0.212534815,0.190737052,0.477672549,0.168689366,0.200132339,0.11983134,1.962756659,0.405294346,0.786057792,0.010715649,0.036311235,2.127352724,2.974743286,3.600056917,6.449734863,
COL,TX.VAL.MRCH.R6.ZS,0.021486893,0.022983222,0.129171152,0.134198166,0.091174325,0.055751719,0.019708317,0.039223377,0.017806268,0.13304425,0.027447267,0.05829884,0.043011753,0.093214179,0.070257611,0.055214348,0.057394409,0.103953106,0.029637045,0.060460765,0.050471106,0.03383694,0.086618423,0.055844881,0.027281839,0.01633145,0.023299709,0.027466841,0.142907122,0.015553673,0.026338522,0.039640948,0.228062716,0.059401212,0.031391301,0.103645781,0.082539222,0.147130121,0.040418724,0.067680812,0.187698507,0.136995172,0.141302946,0.382950635,0.287688651,0.179127798,0.32866448,0.459193016,0.117892667,0.238312564,0.847230543,0.58566452,0.795035526,0.245842081,0.633910675,0.860113099,0.827255958,
COL,TX.VAL.MRCH.R5.ZS,,,,,,0.018583906,,,0.017806268,0.011497651,,0.004372413,0.00232496,0.014537991,0.004258037,0.007498245,0.00286972,,0.011525517,,0.023586999,0.000338369,0.000323203,0.071429499,0.001148709,0.426588726,0.000587388,0.00039807,9.95036E-05,0.008210905,0.024916089,0.023941973,0.042010435,0.012981011,0.344344672,0.053290788,0.133106049,0.169603816,0.089017168,0.074433553,0.131847072,0.032486533,0.070017393,0.070025625,0.139263017,0.140609628,0.338965016,0.279656072,0.052816006,1.509552406,1.008534127,1.318696799,2.289667402,5.092657521,5.102272739,1.477582558,0.72542241,
COL,TX.VAL.MRCH.R4.ZS,,,,,0.03646973,0.074335625,0.019708317,0.039223377,0.144230769,0.169179725,0.039798537,0.077245963,0.152284854,0.277077009,0.215740544,0.189501094,0.392003811,0.231831926,1.672517239,1.438424771,1.519205651,1.123386401,0.750477533,0.901310407,1.505670315,1.848832724,0.194621096,0.431508049,1.191436637,0.057438554,0.050832928,0.12004124,0.156785153,0.300429179,0.106126585,0.286267316,0.200221911,0.159723047,0.086483918,0.223607762,0.08373082,0.058769104,0.220620664,0.273010092,0.262004469,0.132173118,0.131916096,0.187140411,0.092071083,0.405189605,0.209808356,0.178205712,0.117819449,0.146569061,0.192622807,0.244779912,0.299975271,
COL,TX.VAL.MRCH.R3.ZS,1.697464547,2.068490002,2.131324004,2.639230597,3.993435449,5.538004088,7.370910524,5.47166111,6.896367521,7.926809238,8.412587317,13.70022737,13.6056636,12.38722367,17.78227237,18.93102297,16.38380789,16.64899739,13.09628088,16.71484477,14.8423095,21.25805742,19.63749543,11.10404031,9.53801796,10.35470219,9.636485386,13.34072417,12.89833793,13.06716417,13.133636,19.21743716,22.01979715,23.55074803,20.69178178,26.29762965,24.55550034,25.66164989,27.04761729,22.6908914,25.90528305,32.65356674,30.24431583,26.34486599,31.63894158,31.35381462,29.50776318,34.30783458,32.17236495,27.60503632,22.82784684,21.71867807,23.26735967,23.23940828,23.64491238,27.76784195,26.63102837,
COL,TX.VAL.MRCH.R2.ZS,,,,,,,,0.215728574,0.502136752,0.17410729,0.506402075,0.332303387,0.312707067,0.006841408,0.458448655,0.18677446,0.026975372,0.429012817,0.404710314,0.419615758,0.460580545,0.336339181,0.900120555,0.834426421,0.106255582,0.24440859,0.186201873,0.289994109,0.370034122,0.030216658,0.100798527,0.016030352,0.117804793,0.403069103,0.15713878,0.254677952,0.51426225,0.753334152,0.613748172,0.470382266,0.497565452,0.532944019,0.470236821,0.790645774,0.824662911,1.001752411,0.900699034,0.826620822,0.887270783,1.394129621,0.966613221,1.42855512,1.678560237,1.411914424,1.86772732,2.30178479,2.782309887,
COL,TX.VAL.MRCH.R1.ZS,0.021486893,,,,,0.111503438,,0.058835066,0.092592593,0.044348083,0.005489453,0.004372413,0.347581461,0.051310557,0.012774111,0.006816586,0.15726068,0.024750739,0.020745931,0.136563121,0.15293506,0.123166461,0.269228159,0.093183028,0.143875802,0.017457756,0.045424642,0.052545261,0.312222509,0.078310428,0.17669043,0.379012196,0.139963987,0.140119739,0.083436052,0.455687971,0.193324705,0.223032668,0.198688855,0.270710792,0.347627917,0.304456332,0.393746332,0.781645386,0.96079177,1.272408158,2.010059162,2.810606399,1.331096699,3.151346821,5.372327586,3.733505056,6.297299067,9.013129266,10.67619322,5.706060894,4.259548421,
COL,TX.VAL.MRCH.OR.ZS,0.042973786,0.022983222,0.129171152,0.134198166,0.127644055,0.260174689,0.039416634,0.353010394,0.77457265,0.532176998,0.579137332,0.476593016,0.857910094,0.442981143,0.761478958,0.445804732,0.636503992,0.789548588,2.139136047,2.055064416,2.20677936,1.617067352,2.006767872,1.956194236,1.784232246,2.553619246,0.450134708,0.801912329,2.016699894,0.189730218,0.379576496,0.578666708,0.684627083,0.916000243,0.72243739,1.153569808,1.123454137,1.452823805,1.028356837,1.106815186,1.248469768,1.065651159,1.295924157,2.298277512,2.474410818,2.726071114,3.710303789,4.563216719,2.481147238,6.698531017,8.404513833,7.244627208,11.17838168,15.91011235,18.47272676,10.59032125,8.894511947,
COL,TX.VAL.MRCH.HI.ZS,94.82165879,95.54125488,94.23035522,94.16237978,92.32312181,90.50362386,88.15530154,88.91939596,84.73468661,82.32646759,79.85096134,81.22777357,82.05944922,82.79385984,77.2379533,77.05605279,78.42142418,78.24740014,80.00981315,77.50348176,78.94391113,73.18930076,74.26689463,78.36303069,80.65545335,80.62048245,83.78908086,79.26173909,81.17870813,83.01454529,81.4405338,74.59229265,72.66193947,71.17693466,73.10590169,68.63100836,69.87708306,70.89849844,69.79932699,74.44233397,72.43804428,66.01726534,68.2472252,71.16611945,65.40897505,65.7514249,66.58180069,61.00911736,63.38373115,65.29113832,67.98158154,71.02597907,65.51794742,58.72312664,54.90761758,58.04177988,58.02472482,
COL,TX.VAL.MRCH.CD.WT,464600000,433400000,463200000,446000000,547900000,537800000,506500000,509900000,558500000,607400000,726700000,686000000,807500000,1168600000,1508600000,1465000000,1873800000,2403400000,3009800000,3410600000,3924000000,2916000000,3024000000,3001000000,3462000000,3552000000,5102000000,4642000000,5037000000,5717000000,6766000000,7232000000,6917000000,7115000000,8419000000,10056000000,10587000000,11522000000,10852000000,11576000000,13040000000,12290000000,11911000000,13079800000,16223500000,21190000000,24390830000,29991410000,37625900000,32852986000,39713336400,56914939000,60125166000,58823661000,54856755000,35981223000,31394310000,
COL,TX.VAL.MRCH.AL.ZS,,,,,0.03646973,0.074335625,0.019708317,0.039223377,0.144230769,0.169179725,0.039798537,0.075788492,0.149959894,0.271945953,0.215030871,0.190182753,0.259996671,0.233481975,1.66691913,1.443237569,1.515908543,1.131507266,0.767607295,1.006181898,1.523762481,1.883185083,0.20676044,0.491616643,1.316970425,0.122213514,0.268014993,0.454497066,0.754672794,0.696611768,0.56622215,0.384617123,0.28591009,0.214120291,0.142033176,0.327509161,0.156968677,0.115500329,0.263737317,0.334555083,0.299451519,0.209037703,0.164476526,0.2407888,0.137432805,0.466344761,0.330887814,0.222913445,0.15378868,0.251416417,0.449677538,0.345636408,0.447963226,
COL,TX.VAL.MMTL.ZS.UN,,,0.258359128,0.365102308,0.302189408,0.230000291,0.139722151,0.478580041,0.948853732,0.936168845,0.68900705,0.46123927,0.379435477,0.428138776,0.331837947,0.220591263,0.222527624,0.144895764,0.162634441,0.204462643,0.234767589,0.20919918,0.126507938,0.135191242,0.353624172,0.414907632,0.333614824,0.191433366,0.268162116,0.092996196,0.167896963,0.278300746,0.255423337,0.42650373,0.885646812,0.611216318,0.569210707,0.536554495,0.633411645,0.680306095,0.663788414,0.810780709,0.833603778,1.060573457,1.307070112,1.381007702,2.468384049,2.405190444,2.053978365,1.653413928,1.643639687,1.245542002,1.148590649,1.139696875,0.997124204,1.304241144,1.223948235,
COL,TX.VAL.MANF.ZS.UN,,,3.032037396,3.271492904,4.764990166,6.27073308,8.285893362,7.680128867,9.555561293,9.901370329,8.007102187,13.11978486,19.95364618,26.14266214,28.07983755,20.85415482,21.99842891,18.70139334,16.7798638,19.65681186,19.64787584,27.26976209,24.22649589,17.76184516,15.25551177,16.92529976,14.57599707,19.3670012,24.01732404,24.75542083,25.11312948,33.32683431,31.87816977,37.10151459,33.30387445,34.83189588,30.34877137,30.87695963,32.28584393,30.45310756,32.47733917,39.39380645,38.14484815,35.95709999,38.35635437,35.77849727,36.83978857,40.26287119,32.37774191,28.46898155,22.51481901,17.31633855,17.51546712,17.58776473,17.64986563,24.16584227,25.50815052,
COL,TX.VAL.INSF.ZS.WT,,,,,,,,,10.32467532,9.595375723,9.251336898,7.5,10.64356436,9.347826087,7.128378378,8.435424677,6.549193579,7.22001586,8.426974729,6.237182261,5.811205454,7.573970888,12.8735923,14.44444444,13.28523862,15.23058252,9.685185185,11.18374558,10.16739447,14.47284345,17.05426357,12.83116883,11.49407442,11.35623575,4.259435569,6.587508309,5.250460407,5.02411792,5.129156299,5.420062137,4.294163654,2.892488191,2.271471997,2.138782867,1.532702312,1.388538385,1.951105453,2.151990873,1.742407975,1.348817861,1.266372917,1.476412546,1.416991055,1.346572002,1.197227647,1.035951569,0.899296228,
COL,TX.VAL.ICTG.ZS.UN,,,,,,,,,,,,,,,,,,,,,,,,,,,,,,,,,,,,,,,,,0.117399502,0.161044822,0.210076583,0.230245562,0.303606919,0.247501393,0.255473009,0.147079063,0.149881345,0.222752624,0.149130648,0.097547674,0.121466727,0.154412167,0.17635286,0.235013369,,
COL,TX.VAL.FUEL.ZS.UN,,,14.656862,18.31541185,15.12297546,17.82110473,16.03239653,14.64726342,9.092789229,12.77359243,10.05841731,10.18191632,7.564536804,5.267246567,8.275583804,7.209939855,4.070760543,3.923199246,4.309938456,3.992778098,2.848112714,1.547240619,7.447965478,14.6539503,14.86717284,16.28121507,13.01940283,32.52492454,25.74971651,32.37510486,36.89343174,28.76791885,28.47104087,26.50320009,21.92007953,27.70819045,36.35446365,31.34753801,30.00104186,39.73529773,43.1100126,36.33407162,36.26640245,38.9534325,38.2200672,40.43989194,39.77102341,37.24141203,47.2568622,50.72191384,60.40337891,68.20134353,69.64147473,69.4293696,67.52860132,54.44942665,49.95959942,
COL,TX.VAL.FOOD.ZS.UN,,,77.26458611,74.49805337,77.07835506,72.59434187,73.92264635,72.98676051,73.41552594,68.76151031,74.99955903,70.14738201,64.12048041,62.54416817,57.97883066,64.7363554,68.49660843,70.54249299,74.37451509,70.66108636,71.79533409,62.84692364,63.33748537,61.13376565,62.04268692,59.27764697,67.22401993,41.77369553,43.42606092,37.44953755,32.82971875,32.43728786,33.10133166,29.89514419,38.03669793,31.35501988,27.20300387,32.13125787,31.64809669,24.0821583,19.01695935,18.16099943,18.67285902,18.21612256,17.45329101,17.6714128,16.37015759,15.66942148,14.75809754,15.5125333,11.89804377,10.69526788,9.230803161,9.166071096,10.92345723,15.90573986,18.32624775,
COL,TX.VAL.AGRI.ZS.UN,,,4.130438973,3.096212326,2.390807263,2.889879363,1.614533605,4.184728397,6.874425338,7.524632381,6.186487132,5.924927144,7.941348874,5.476960312,5.310394983,6.976468584,5.209142674,6.331215564,3.715194529,3.48029759,4.748059968,7.065019305,4.648685296,4.761538838,5.193147823,5.533490425,3.904785044,3.95454982,5.314205459,4.827117869,4.323799024,5.178602567,6.272150214,6.045945927,5.828877739,5.474045069,5.504830107,5.097599042,5.416560495,5.044264901,4.728648179,5.293101178,6.069769447,5.800207913,4.642362566,4.682745421,4.510924456,4.389361893,3.524266044,3.602385933,3.505426111,2.499631401,2.422890757,2.640446146,2.872382484,4.12991276,4.924580508,
COL,TX.QTY.MRCH.XD.WD,,,,,,,,,,,,,,,,,,,,,35.81751332,29.03715009,28.26981725,29.49348,32.76456301,34.46747527,41.60936299,46.82985053,48.88294655,53.44768167,66.50236186,71.08571509,73.6489232,74.73421771,72.51990496,83.80281197,83.67846319,90.14245644,98.22577379,100.8476661,100,104.3435497,104.1563551,113.0693572,122.2658481,131.3888889,137.7308205,148.8712799,153.8906339,155.8825116,158.6395076,179.5188464,197.1755822,208.1528016,221.1561647,227.8778793,226.3544641,
COL,TT.PRI.MRCH.XD.WD,,,,,,,,,,,,,,,,,,,,,112,98.71794872,101.2345679,102.6315789,112.5,103.9473684,130.5555556,95,89.77272727,88.17204301,81.25,85.71428571,75.78947368,78.49462366,90.81632653,86.79245283,89.81481481,89.90825688,82.52427184,88.88888889,100,96.90147994,96.75520294,98.21075375,109.2239215,128.4604523,133.1317352,141.1639588,148.8624443,140.3552683,163.0235153,190.0600994,178.9678342,166.510903,149.6399016,110.3497222,109.7639216,
COL,TM.VAL.TRVL.ZS.WT,,,,,,,,,27.27272727,23.22834646,21.78217822,20.93023256,23.34384858,24.26900585,27.47747748,25.56154753,26.28488637,24.75649831,26.52352077,27.90141936,21.15510561,22.73336579,20.06083809,25.94728171,26.61812298,22.76363636,37.6,40.46172539,33.3126935,32.71523179,26.97563874,29.08571429,32.70035733,30.89387464,32.86762635,31.35882479,33.60353219,33.34363412,33.41921998,32.87969968,31.34820512,31.1621578,30.87804337,30.34847737,28.29865403,28.53127226,28.28865243,28.20805267,27.79681058,28.44051632,27.6376131,27.4367333,29.1127331,29.7581506,32.85848068,35.79750472,37.77929139,
COL,TM.VAL.TRAN.ZS.WT,,,,,,,,,38.5,42.4015748,48.25082508,51.30813953,50.5362776,49.06432749,44.68468468,42.45457581,46.56947641,42.5873124,42.74175338,38.31838693,46.75835072,47.44231766,53.26578516,45.29654036,41.17313916,35.70909091,31.28,28.29283111,35.15789474,36.82119205,34.9197861,32.52571429,31.55691679,35.24305556,44.01356481,42.87050722,36.60983327,36.39571587,38.8498858,38.17449483,38.90219866,38.09544882,34.78610018,36.39372677,38.92636749,40.4617695,38.00051152,38.93771635,38.49697096,29.46113535,29.58258695,28.15286902,28.79862744,23.82748147,23.42704021,23.67607342,23.65528228,
COL,TM.VAL.SERV.CD.WT,,,,,,,,,220000000,254000000,303000000,345025120,344170070,407708460,533972160,567258300,616323760,743239200,821912000,913932000,1134477910,1258062720,1291072680,1214000000,1236000000,1375000000,1625000000,1646000000,1615000000,1510000000,1683000000,1750000000,1959000000,2246400000,2559906185,2799611835,3324879699,3626798613,3351796483,3079702977,3381320417,3734286847,3481070050,3498121988,4186593711,5252804805,5973247946,6751431275,7831640553,7917341494,9555679284,11049223413,12454552644,13242701716,14251236769,12068667088,11013451753,
COL,TM.VAL.OTHR.ZS.WT,,,,,,,,,24.09090909,24.40944882,21.12211221,17.73255814,17.03470032,18.12865497,20.27027027,24.46540668,19.81230125,24.11250644,21.33610411,23.97640087,21.5608482,18.22076089,14.0249796,15.815486,17.47572816,28.21818182,18.89230769,18.7727825,17.46130031,15.9602649,24.42067736,25.14285714,22.95048494,21.14049145,11.54054026,13.80118259,17.12885901,15.75637969,16.42757285,18.72312326,16.41013018,15.51046864,16.07992495,18.02642075,18.94010707,19.39174574,22.63137275,22.35104299,23.02503605,29.33733489,27.64159517,29.11119417,27.03969267,31.89410083,29.26845321,27.01380673,25.54204035,
COL,TM.VAL.MRCH.XD.WD,,,,,,,,,,,,,,,,,,,,,41.06666204,45.07227788,47.49020695,43.01487156,38.97719,35.88674732,33.46535168,37.45536798,43.3476618,43.36759455,48.4409124,42.51828613,56.4738101,85.20383402,102.9821125,120.0580665,118.5908047,133.2729558,126.8336439,92.37422542,100,111.2276292,110.1624995,120.3665988,145.1289162,183.7708541,226.7393595,285.106773,343.795268,285.112207,350.8736464,470.0140327,511.7448889,514.7714174,554.914417,468.4976383,389.0442197,
COL,TM.VAL.MRCH.WR.ZS,3.739774055,4.530263646,4.421641791,6.751897723,6.987869469,8.95819509,9.045077106,9.283125252,7.760948509,9.960757998,8.251880813,8.68774678,9.258763403,11.03130824,11.29079719,9.70711409,11.44829444,15.8489617,17.21368407,17.60080913,14.63776168,20.93646424,22.4858196,20.7442044,21.81808468,21.85852277,19.50710066,17.1630793,18.87679822,20.03414722,17.92908652,20.758756,21.88399297,24.61689672,21.7480448,22.51534477,21.57115358,23.65959523,22.57349394,23.68753778,24.32496533,23.39431461,25.37568256,24.78360938,27.20140187,28.17816729,29.82486289,28.01947934,24.35822404,24.01740831,25.40055433,25.41034463,25.1912763,21.81119624,19.13969013,17.14554983,19.37045609,
COL,TM.VAL.MRCH.WL.CD,513400000,538600000,536000000,500600000,585300000,452100000,674400000,496600000,644380000,685490000,844050000,929470000,858970000,1062340000,1597230000,1494780000,1707940000,2027830000,2836290000,3233090000,4661710000,5198490000,5477630000,4967990000,4492420000,4130700000,3930620000,4227330000,5065430000,5010490959,5589408908,4955162054,6693422000,9809039000,11941295466,13859154727,14355311260,15377123409,14678282247,10659531384,11887034746,12546236336,11973653829,13592586474,15978232050,21131210467,25467345010,32586092250,39668695292,32897585564,40682063628,54645032580,58586595468,59395048543,64026409626,54057599482,44285431654,
COL,TM.VAL.MRCH.RS.ZS,4.090377873,4.158930561,3.675373134,3.196164602,5.091406117,3.937182039,3.039739027,3.262182843,3.437412707,2.745481335,2.908595462,2.766092504,2.152578088,1.616243387,1.722982914,2.292645072,2.226659016,4.146304177,3.607882128,3.09518139,4.867527152,4.690785209,4.525497341,4.765307499,3.747423438,3.003365047,3.177615745,3.024604183,2.444590094,2.382337459,4.180513894,3.34862913,2.729679975,1.401044486,1.691751323,1.635606041,1.787582431,1.565770538,2.602295436,0.952525607,4.838869022,0.056103933,2.214706102,4.952267593,2.025969162,3.65602389,3.100376987,3.642818338,3.300494242,3.14485146,3.223272954,3.279151159,3.137749993,2.574337997,2.670018625,3.005664938,2.748856858,
COL,TM.VAL.MRCH.R6.ZS,0.05843397,0.055699963,0.074626866,0.099880144,0.068341022,0.088476001,0.192763938,0.161095449,0.122598467,0.091905061,0.097150643,0.069932327,0.080328766,0.217444509,0.095790838,0.244852085,0.11475813,0.351607383,0.144555035,0.338066679,0.332281502,0.181014102,0.190593377,0.184380403,0.111298587,0.061248699,0.052663447,0.090600923,0.031172082,0.220637161,0.052582644,0.269194021,0.177308408,0.444579739,0.647773035,0.117589798,0.468756342,0.274554888,0.452638217,0.332469578,0.536077755,0.474609464,0.491296014,0.608545093,0.116125614,0.312170124,0.314048512,0.300352596,0.37181447,0.114500132,0.129850016,0.115425502,0.114806289,0.134984533,0.098546767,0.104645137,0.123012212,
COL,TM.VAL.MRCH.R5.ZS,,,,,,,,,,0.005835242,,0.017214111,0.054716696,0.030122183,0.035060699,0.021407833,0.042741548,0.038464763,0.007404038,0.120009032,0.012227273,0.007502179,0.017343267,0.015700515,0.028492438,0.036071368,0.022388326,0.014666468,0.034745323,0.029251245,0.031946491,0.032208836,0.113066231,0.149586519,0.228751647,0.213133453,0.360508317,0.459912378,0.473857076,0.563907341,0.708033499,0.711932667,0.829089478,0.895775519,1.218665647,1.287308138,1.480615109,1.59516877,1.456770249,1.672365861,1.829836689,1.95264049,2.09534528,2.108370636,2.32173417,2.409546712,2.352415984,
COL,TM.VAL.MRCH.R4.ZS,,,,,,,,,,,,0.033352341,0.103612466,0.102603686,0.075130069,0.031442754,0.005269506,0.090244251,0.014455503,0.012990668,0.004075758,0.010387632,0.000182561,0.001006443,0.000667792,0.000726269,0.00636032,0.003311783,0.000789666,0.007594705,0.013050074,0.003067508,0.011668172,0.051819551,0.112652409,0.020860543,0.100685201,0.083510879,0.039487863,0.041169014,0.080423017,0.052979577,0.05680307,0.115505051,0.123613125,0.104235661,0.073088259,0.074599012,0.132564115,0.105567477,0.131753847,0.105579664,0.177088437,0.149367631,0.108287901,0.131121089,0.132406218,
COL,TM.VAL.MRCH.R3.ZS,3.739774055,4.530263646,4.421641791,6.751897723,6.987869469,8.95819509,9.045077106,9.283125252,7.760948509,9.960757998,8.251880813,8.68774678,9.258763403,11.03130824,11.29079719,9.70711409,11.44829444,15.8489617,17.21368407,17.60080913,14.63776168,20.93646424,22.4858196,20.7442044,21.81808468,21.85852277,19.50710066,17.1630793,18.87679822,20.03414722,17.92908652,20.758756,21.88399297,24.61689672,21.7480448,22.51534477,21.57115358,23.65959523,22.57349394,23.68753778,24.32496533,23.39431461,25.37568256,24.78360938,27.20140187,28.17816729,29.82486289,28.01947934,24.35822404,24.01740831,25.40055433,25.41034463,25.1912763,21.81119624,19.13969013,17.14554983,19.37045609,
COL,TM.VAL.MRCH.R2.ZS,,,,,,,,,0.203296192,0.186727742,0.244061371,0.278653426,0.313165768,0.342639833,0.393806778,0.192670493,0.131737649,0.25939058,0.370907065,0.265380797,0.899884377,0.273348607,0.250473289,0.341788128,0.294273465,0.215701939,0.262045174,0.277243556,0.248409316,0.289612378,0.353324069,0.054589537,0.122075076,0.779138507,0.922283703,0.221427804,0.540104046,0.806813093,1.079330247,0.503262508,0.769200427,0.738466967,1.015510017,0.819429836,1.010109889,1.102702959,0.823307325,1.500007258,1.074082843,1.006936273,0.794140064,0.947420041,1.25547785,0.997770556,1.142300954,1.516724521,1.534134104,
COL,TM.VAL.MRCH.R1.ZS,0.05843397,,0.093283582,,,0.066357001,0.296559905,0.302053967,0.175362364,0.196939416,0.036727682,0.075311737,0.118746871,0.135549824,0.113947271,0.086300325,0.046254552,0.514342918,0.06170032,0.103306744,0.088165072,0.070212696,0.075215011,0.080314171,0.078354206,0.039944804,0.121609314,0.162750483,0.067990279,0.088864545,0.082713272,0.169279105,0.397225814,0.688732097,1.709040728,0.49222012,1.614501126,1.894885495,2.223607698,2.997106256,4.035939747,5.111599541,5.640499104,6.440686647,8.185105698,9.012307449,10.13606605,11.73215305,13.21519847,12.8855956,15.38079116,16.87786973,18.16315211,19.32890982,20.49237558,20.86247132,22.13430464,
COL,TM.VAL.MRCH.OR.ZS,0.116867939,0.055699963,0.167910448,0.099880144,0.068341022,0.154833002,0.489323843,0.463149416,0.501257022,0.48140746,0.377939696,0.474463942,0.670570567,0.828360035,0.713735655,0.57667349,0.340761385,1.254049896,0.599021962,0.83975392,1.336633982,0.542465216,0.533807504,0.62318966,0.513086488,0.353693079,0.46506658,0.548573213,0.383106666,0.635960034,0.53361655,0.528339007,0.821343701,2.113856413,3.620501521,1.065231718,3.084555033,3.519676734,4.2689211,4.437914698,6.129674444,7.089588217,8.033197683,8.879942146,10.65361997,11.81872433,12.82712525,15.20228069,16.25043015,15.78496534,18.26637177,19.99893543,21.80586997,22.71940318,24.16324537,25.02450878,26.27627316,
COL,TM.VAL.MRCH.HI.ZS,92.05298013,91.25510583,91.73507463,89.95205753,87.85238339,86.94978987,87.42586002,86.99154249,88.30038176,86.81235321,88.46158403,88.07169677,87.91808794,86.52408833,86.27248424,87.42356735,85.98428516,78.75068423,78.57941184,78.46425556,79.15807719,73.83028533,72.45487556,73.86729844,73.92140539,74.78441911,76.85021701,79.26374331,78.29550502,76.94755529,77.35678304,75.36427587,74.56498335,71.86820238,72.93970235,74.78381747,73.55670895,71.25495749,70.55528952,70.92202191,64.7064912,69.45999324,64.37641366,61.38418088,60.119009,56.34708449,54.24763487,53.13542163,56.09085157,57.05277489,53.10980095,51.31156878,49.86510374,52.89506258,54.02704588,54.82427645,51.6044139,
COL,TM.VAL.MRCH.CD.WT,517400000,557300000,541300000,508200000,586300000,453800000,674500000,497100000,643400000,684700000,843000000,929400000,858900000,1061500000,1597200000,1494800000,1661900000,1880000000,2971000000,3364100000,4739000000,5201000000,5480000000,4963000000,4498000000,4141000000,3862000000,4322000000,5002000000,5004000000,5590000000,4906000000,6516000000,9831000000,11882000000,13853000000,13683000000,15378000000,14635000000,10659000000,11539000000,12834000000,12711100000,13888500000,16745700000,21204400000,26162321000,32897045000,39668817000,32897672000,40485555690,54232569162,59047684000,59396900000,64028800000,54057600000,44889900000,
COL,TM.VAL.MRCH.AL.ZS,,,,,,,,,,,,,,0.049889866,0.006260839,0.007358942,0.005269506,0.00493138,0.013397784,0.015774383,0.005362839,0.010387632,0.000182561,0.001207732,0.001335583,0.000726269,0.006614733,0.003075227,0.003553499,0.009729266,0.013473267,0.004177462,0.019332413,0.138086922,0.178884486,0.024994172,0.090665286,0.036289999,0.03784047,0.068427201,0.125148562,0.080140273,0.08698329,0.146712953,0.143020685,0.133032351,0.105670619,0.102079359,0.197230157,0.164232794,0.203330275,0.262431043,0.303767112,0.28576721,0.269946869,0.362638363,0.278325059,
COL,TM.VAL.MMTL.ZS.UN,,,2.701371774,3.625613778,3.056161979,3.111177651,3.958814696,3.290177931,3.229802941,3.585027356,3.574393616,3.183761627,3.354420384,3.606334947,4.856475425,3.616988938,3.720565566,3.579992443,3.41709485,3.374962301,3.152526198,2.933936873,2.616572483,2.677790131,3.185968281,3.122172978,3.604333185,3.721714665,3.718181193,4.529431884,3.461069897,3.886350601,3.705082095,2.743669731,2.52211374,2.492575509,2.379174608,2.441891656,2.278716288,1.982148714,2.373810656,2.096474437,2.076028829,2.114863326,2.428735226,2.683608393,3.451865103,3.206229093,2.560823032,1.789038867,2.022862467,1.805928345,1.665283219,1.60381586,1.54176833,1.586359624,1.622887238,
COL,TM.VAL.MANF.ZS.UN,,,79.11896161,79.91887681,79.87398068,77.33481053,76.91951949,81.43913711,81.84232433,80.96317566,82.80133695,79.75166264,81.78378511,77.98550953,76.04231541,81.21511174,77.24655251,73.16890864,70.28180796,70.55187993,69.42096044,69.21138768,71.322033,69.84837154,70.53385839,69.53254964,77.38273034,78.18268942,78.21307165,77.44989216,76.56237285,76.66290669,74.34295697,76.11273755,77.7794411,77.6127501,77.76467127,78.97365248,79.44279981,78.9121444,80.36800539,81.12667542,81.34613433,80.94193622,82.29077854,82.89068756,81.86206204,82.0951183,80.17041579,81.7431534,80.34625708,79.08464171,76.02431479,75.36360217,74.70435756,76.47779577,74.55212752,
COL,TM.VAL.INSF.ZS.WT,,,,,,,,,10.13636364,9.960629921,8.844884488,10.02906977,9.085173502,8.538011696,7.567567568,7.518469981,7.333335973,8.543682841,9.39862175,9.803792842,10.52569547,11.60355566,12.64839715,12.94069193,14.73300971,13.30909091,12.22769231,12.472661,14.06811146,14.50331126,13.6838978,13.24571429,12.79224094,12.72257835,11.57826857,11.9694854,12.65777553,14.50427032,11.30332137,10.22268222,13.33946604,15.23192475,18.25593149,15.23137511,13.83487142,11.6152125,11.07946329,10.50318799,10.6811824,12.76101344,15.13820478,15.2992035,15.04894679,14.5202671,14.4460259,13.51261514,13.02338598,
COL,TM.VAL.ICTG.ZS.UN,,,,,,,,,,,,,,,,,,,,,,,,,,,,,,,,,,,,,,,,,9.00385728,9.330762585,9.860828445,10.89385173,10.1260815,13.03728028,11.92449524,10.87936489,10.14282283,8.811075072,9.629864958,8.500468708,8.973108094,9.947490995,10.16657195,9.33287526,,
COL,TM.VAL.FUEL.ZS.UN,,,3.143407853,2.646032598,1.856400355,1.334587027,1.156893245,1.422911295,0.806964769,1.185893869,1.039272259,1.179167403,0.640842193,0.421790339,0.275880762,1.02277317,2.498563467,6.78876614,7.272646451,10.07542514,12.17556904,14.0546624,12.13772703,13.05360879,10.55345418,11.72660204,3.977954455,2.869537015,3.614360946,4.854697892,6.036338857,6.055185391,5.474034139,3.838269012,2.688083084,2.846079723,2.68416046,2.97825515,2.176414392,2.501456113,2.085475169,1.562356506,1.579985396,1.834725428,1.604325644,2.687945682,2.739030319,2.816293349,4.613259818,3.698713216,5.146683551,7.278875391,9.976017523,10.95439305,12.01430849,9.540427798,8.593490766,
COL,TM.VAL.FOOD.ZS.UN,,,7.663493228,5.500268811,9.052704652,8.347192875,10.72024758,7.352386419,7.701312342,7.960410475,7.691590979,10.30993759,8.651280369,12.08946943,13.31716464,9.419019241,12.20552435,12.4384536,10.72773209,10.54334864,11.70801796,10.21437254,10.72359895,10.90931701,10.2269631,9.494906997,8.702623754,7.951939853,8.685251144,6.915410517,7.065249009,6.685121849,9.307580682,7.606362099,8.837663363,9.385217464,12.56605524,11.12805756,11.79215726,12.88888592,11.92615771,11.72774897,12.14683653,11.36368658,10.57972216,8.868720863,8.875185297,9.147764633,10.12753119,10.26568698,9.69111393,9.512393024,10.32135513,9.987072625,9.505215648,10.29306398,13.03856284,
COL,TM.VAL.AGRI.ZS.UN,,,5.13746322,6.289242715,5.539950859,7.277927302,6.202902034,4.326119952,4.467435743,4.916159611,4.367647111,4.445600414,5.103698247,5.441404938,4.831510438,4.205099168,4.098230622,3.60520958,3.07675278,3.435609711,2.842871912,2.616727686,2.691038373,2.500477477,3.630874047,3.926931287,3.994291784,4.012538612,3.701509262,3.907286866,3.544607607,3.505096515,3.532510298,2.519794933,2.341504682,2.548729639,2.106378436,2.136786407,1.952332049,2.257793541,2.818264284,2.242034539,2.294239662,2.481640259,1.982131849,1.659951692,1.67136737,1.377819165,1.307496146,1.228166866,1.354500121,1.215076947,0.912288104,0.856144272,0.814119186,0.830236397,0.919748758,
COL,TM.TAX.TCOM.WM.FN.ZS,,,,,,,,,,,,,,,,,,,,,,,,,,,,,,,,7.52,10.62,,12.08,12.08,12.4,12.34,,13.21,12.7,13.06,12.99,12.75,13.24,12.55,13.4,13.46,12.78,13.51,12.88,10.13,8.37,7.57,7.68,8.46,8.81,
COL,TM.TAX.TCOM.WM.AR.ZS,,,,,,,,,,,,,,,,,,,,,,,,,,,,,,,,7.52,10.62,,12.08,11.45,12.4,12.34,,13.21,12.69,13.06,12.99,12.75,10.26,9.52,7.89,8.2,8.4,7.57,8.3,5.27,3.9,4.22,3.83,8.46,8.81,
COL,TM.TAX.TCOM.SR.ZS,,,,,,,,,,,,,,,,,,,,,,,,,,,,,,,,0,0,,0,0,0,0,,0,0,0,0,0,0,0,0,0,0,0,0,0.0105652,0,0.010015,0.010015,0,0,
COL,TM.TAX.TCOM.SM.FN.ZS,,,,,,,,,,,,,,,,,,,,,,,,,,,,,,,,8.97,12.13,,12.37,12.71,12.52,12.52,,12.64,12.64,12.64,12.69,12.68,13.47,13.54,13.67,13.66,13.85,13.77,13.96,11.69,10.36,10.7,10.56,10.53,9.88,
COL,TM.TAX.TCOM.SM.AR.ZS,,,,,,,,,,,,,,,,,,,,,,,,,,,,,,,,7.12,11.79,,12.22,12.35,12.84,12.91,,13.21,13.11,13.01,12.94,12.83,11.37,11.55,10,9.8,9.85,9.71,10.8,7.46,6.93,7.41,6.7,9.43,8.96,
COL,TM.TAX.TCOM.IP.ZS,,,,,,,,,,,,,,,,,,,,,,,,,,,,,,,,8.032128,20.82973,,24.47803,26.08333,28.83699,28.53427,,30.66911,30.41592,29.60623,30.64899,30.73952,26.19735,27.04128,22.97228,35.57013,36.18102,35.97963,24.53062,23.72953,3.731268,26.22934,25.40811,5.237727,3.344934,
COL,TM.TAX.TCOM.BR.ZS,,,,,,,,,,,,,,,,,,,,,,,,,,,,,,,,,,,,66.69,67.17,67.17,,67.17,67.03,67.03,66.53,66.53,66.53,66.53,66.53,66.53,65.94,65.94,65.94,65.94,65.94,65.43,65.43,65.43,65.43,
COL,TM.TAX.TCOM.BC.ZS,,,,,,,,,,,,,,,,,,,,,,,,,,,,,,,,,,,,100,100,100,,100,100,100,100,100,100,100,100,100,100,100,100,100,100,100,100,100,100,
COL,TM.TAX.MRCH.WM.FN.ZS,,,,,,,,,,,,,,,,,,,,,,,,,,,,,,,,6.45,10.55,,11.64,12.21,11.19,11.31,,10.69,10.98,10.83,11.28,11.06,11.39,11.42,12.01,12.27,11.62,11.13,11.82,8.99,7.65,7.18,7,6.54,6.98,
COL,TM.TAX.MRCH.WM.AR.ZS,,,,,,,,,,,,,,,,,,,,,,,,,,,,,,,,6.45,10.55,,11.64,11.91,11.19,11.31,,10.68,10.96,10.83,11.28,11.06,9.77,9.62,8.75,8.82,8.72,8.23,9.02,5.51,4.43,4.51,4.21,6.54,6.98,
COL,TM.TAX.MRCH.SR.ZS,,,,,,,,,,,,,,,,,,,,,,,,,,,,,,,,0,0,,0,0,0,0,,0,0,0,0.0591079,0,0,0.0104138,0.0182941,0,0,0.0386354,0,0.0009565,0,0.0009173,0.0009174,6.066706,5.971729,
COL,TM.TAX.MRCH.SM.FN.ZS,,,,,,,,,,,,,,,,,,,,,,,,,,,,,,,,7.08,12.31,,12.36,13.67,12.14,12.14,,12.23,12.23,12.23,12.27,12.26,12.45,12.45,12.48,12.48,12.49,12.46,12.5,8.35,6.46,6.76,6.35,5.69,5.55,
COL,TM.TAX.MRCH.SM.AR.ZS,,,,,,,,,,,,,,,,,,,,,,,,,,,,,,,,5.98,12.02,,12.48,13.81,12.24,12.36,,12.46,12.76,12.79,12.8,12.75,11.74,11.91,11.23,10.8,10.78,10.69,11.25,6.79,5.52,5.66,5.15,5,5.04,
COL,TM.TAX.MRCH.IP.ZS,,,,,,,,,,,,,,,,,,,,,,,,,,,,,,,,1.677129,16.46958,,19.54801,22.40898,19.73834,20.56377,,20.74054,22.5627,22.48724,23.17685,22.75112,20.72866,21.53221,19.16419,40.98051,41.37587,41.20208,19.95921,17.27228,0.7947721,17.87185,17.66989,1.003731,0.8215226,
COL,TM.TAX.MRCH.BR.ZS,,,,,,,,,,,,,,,,,,,,,,,,,,,,,,,,,,,,42.85,42.9,42.9,,42.9,41.86,41.86,41.82,41.82,41.82,41.82,41.82,41.82,42.06,42.06,42.06,42.06,42.06,42.77,42.77,42.77,42.77,
COL,TM.TAX.MRCH.BC.ZS,,,,,,,,,,,,,,,,,,,,,,,,,,,,,,,,,,,,100,100,100,,100,100,100,99.96,99.96,99.96,99.96,99.96,99.96,99.98,99.98,99.98,99.98,99.98,100,100,100,100,
COL,TM.TAX.MANF.WM.FN.ZS,,,,,,,,,,,,,,,,,,,,,,,,,,,,,,,,6.22,10.46,,11.53,12.22,10.87,11.05,,10.03,10.56,10.32,10.87,10.63,10.98,11.17,11.71,11.99,11.32,10.59,11.54,8.7,7.43,7.04,6.78,5.95,6.35,
COL,TM.TAX.MANF.WM.AR.ZS,,,,,,,,,,,,,,,,,,,,,,,,,,,,,,,,6.22,10.46,,11.53,11.98,10.87,11.05,,10.02,10.54,10.32,10.87,10.63,9.62,9.59,8.88,8.89,8.75,8.32,9.12,5.55,4.58,4.58,4.32,5.95,6.35,
COL,TM.TAX.MANF.SR.ZS,,,,,,,,,,,,,,,,,,,,,,,,,,,,,,,,0,0,,0,0,0,0,,0,0,0,0.065369,0,0,0.0114664,0.0201167,0,0,0.0426076,0,0,0,0,0,6.72508,6.635165,
COL,TM.TAX.MANF.SM.FN.ZS,,,,,,,,,,,,,,,,,,,,,,,,,,,,,,,,6.57,12.35,,12.35,13.95,12.02,12.02,,12.1,12.11,12.11,12.14,12.13,12.14,12.12,12.13,12.12,12.08,12.06,12.06,7.34,5.27,5.37,4.87,3.85,3.9,
COL,TM.TAX.MANF.SM.AR.ZS,,,,,,,,,,,,,,,,,,,,,,,,,,,,,,,,5.86,12.04,,12.51,13.96,12.17,12.3,,12.38,12.73,12.77,12.79,12.74,11.76,11.94,11.33,10.88,10.86,10.77,11.28,6.72,5.39,5.49,4.99,4.51,4.6,
COL,TM.TAX.MANF.IP.ZS,,,,,,,,,,,,,,,,,,,,,,,,,,,,,,,,1.054908,15.98208,,18.95681,21.93877,18.64142,19.57094,,19.58878,21.74633,21.75531,22.35183,21.91409,20.15037,20.94407,18.76006,41.47353,41.77643,41.64028,19.47391,16.46287,0.4976864,16.86049,16.72037,0.5578644,0.5526702,
COL,TM.TAX.MANF.BR.ZS,,,,,,,,,,,,,,,,,,,,,,,,,,,,,,,,,,,,35.84,35.87,35.87,,35.87,34.57,34.57,34.53,34.53,34.53,34.53,34.53,34.53,34.87,34.87,34.87,34.87,34.87,34.86,34.86,34.86,34.86,
COL,TM.TAX.MANF.BC.ZS,,,,,,,,,,,,,,,,,,,,,,,,,,,,,,,,,,,,100,100,100,,100,100,100,99.95,99.95,99.95,99.95,99.95,99.95,99.97,99.97,99.97,99.97,99.97,100,100,100,100,
COL,TM.QTY.MRCH.XD.WD,,,,,,,,,,,,,,,,,,,,,54.75554939,57.78497164,58.62988513,56.59851522,54.13498611,47.21940437,46.47965512,46.81920997,49.25870659,46.6318221,50.45928375,46.72339135,59.4461159,91.61702583,105.0837883,113.2593821,109.8034458,122.2655879,123.1345758,93.30487248,100,119.3560116,121.5718824,133.2896219,155.8187844,190.9243177,222.331269,260.5750833,273.022108,247.6592536,298.0323902,367.5132773,391.7534438,395.6213081,436.6463607,427.0634273,401.5911949,
COL,TG.VAL.TOTL.GD.ZS,24.3012274,21.75969061,20.21694732,19.71959629,18.9280361,17.12534705,21.65874453,17.58277824,20.30766335,20.17195456,21.8063545,20.65628268,19.21728822,21.61837809,25.10745814,22.59624952,23.04678293,21.99891461,25.70892998,24.24695878,25.93655449,22.30657954,21.82301204,20.56296525,20.80875977,22.04651032,25.6535813,24.64444594,25.60149745,27.11425962,30.67968722,29.4329099,27.25875208,30.36779426,24.84716051,25.84553363,24.9793873,25.22044254,25.8899144,25.79880614,24.60690981,25.58359752,25.14167998,28.48225003,28.16078441,28.92507332,31.09238313,30.31989149,31.68044308,28.12000185,27.94209493,33.13729393,32.2385293,31.09497292,31.43492975,30.88602761,27.00684025,
COL,ST.INT.XPND.MP.ZS,,,,,,,,,,,,,,,,,,,,,,,,,,,,,,,,,,,,7.267890038,8.712142849,8.501772835,8.404807691,10.01583669,10.0211851,9.706491566,8.700637081,8.051098865,7.312159936,7.610325968,6.991631907,6.483758025,6.109351616,7.107392513,6.634899018,5.739381586,6.301758959,6.364987841,6.816780406,7.50579322,8.696971452,
COL,ST.INT.XPND.CD,,,,,,,,,,,,,,,,,,,,,,,,,,,,,,,,,,,,1162000000,1431000000,1560000000,1455000000,1339000000,1452000000,1556000000,1355000000,1349000000,1469000000,1934000000,2157000000,2460000000,2775000000,2801000000,3188000000,3631000000,4363000000,4485000000,5175000000,4822000000,4732000000,
COL,ST.INT.TVLX.CD,,,,,,,,,,,,,,,,,,,,,,,,,,,,,,,,,,,,878000000,1117000000,1209000000,1120000000,1013000000,1060000000,1164000000,1075000000,1062000000,1111000000,1499000000,1690000000,1904000000,2177000000,2252000000,2641000000,3032000000,3626000000,3941000000,4683000000,4320000000,4161000000,
COL,ST.INT.TVLR.CD,,,,,,,,,,,,,,,,,,,,,,,,,,,,,,,,,,,,657000000,1120000000,1043000000,928000000,927000000,1030000000,1217000000,967000000,893000000,1061000000,1539000000,1915000000,1993000000,2342000000,2440000000,2797000000,3010000000,3460000000,3611000000,3825000000,4245000000,4773000000,
COL,ST.INT.TRNX.CD,,,,,,,,,,,,,,,,,,,,,,,,,,,,,,,,,,,,284000000,314000000,351000000,335000000,326000000,392000000,392000000,280000000,287000000,358000000,435000000,467000000,556000000,598000000,549000000,547000000,599000000,737000000,544000000,492000000,502000000,571000000,
COL,ST.INT.TRNR.CD,,,,,,,,,,,,,,,,,,,,,,,,,,,,,,,,,,,,230000000,242000000,272000000,288000000,304000000,283000000,266000000,270000000,298000000,308000000,352000000,455000000,593000000,594000000,610000000,644000000,791000000,903000000,1148000000,1062000000,990000000,1062000000,
COL,ST.INT.RCPT.XP.ZS,,,,,,,,,,,,,,,,,,,,,,,,,,,,,,,,,,,,7.229243146,10.3647754,9.253375319,9.074494167,8.830446897,8.307439818,9.845588812,8.682723831,7.569876048,6.967687552,7.65462732,8.19574079,7.488836342,6.81852307,7.907255987,7.499526632,5.947833605,6.411566626,7.070831413,7.629410516,11.45846918,14.09622697,
COL,ST.INT.RCPT.CD,,,,,,,,,,,,,,,,,,,,,,,,,,,,,,,,,,,,887000000,1362000000,1315000000,1216000000,1231000000,1313000000,1483000000,1237000000,1191000000,1369000000,1891000000,2370000000,2586000000,2936000000,3050000000,3441000000,3801000000,4363000000,4759000000,4887000000,5235000000,5835000000,
COL,ST.INT.DPRT,,,,,,,,,,,,,,,,,,,,,,,,,,,,,,,,,,,,1057000,929000,1071000,1093000,1098000,1235000,1381000,1277000,1177000,1405000,1553000,,2028000,2042000,2122000,2342000,2522000,3169000,3605000,3911000,3862000,3795000,
COL,ST.INT.ARVL,,,,,,,,,,,,,,,,,,,,,,,,,,,,,,,,,,,,1399000,631000,639000,674000,546000,557000,616000,567000,625000,791000,933000,2045000,2254000,2317000,2364000,1405000,2042000,2175000,2288000,2552000,2978000,3317000,
COL,NY.EXP.CAPM.KN,5.54451E+12,5.10085E+12,5.61757E+12,5.44325E+12,6.61259E+12,6.29562E+12,6.12569E+12,6.24806E+12,6.80861E+12,7.33076E+12,8.59303E+12,8.40858E+12,1.00381E+13,1.12286E+13,9.76995E+12,1.03896E+13,1.27813E+13,1.45246E+13,1.6629E+13,1.56831E+13,1.71396E+13,1.32741E+13,1.34361E+13,1.33907E+13,1.55119E+13,1.67812E+13,2.48706E+13,2.18912E+13,2.08886E+13,2.24984E+13,2.58376E+13,2.95492E+13,3.05932E+13,3.44041E+13,3.32413E+13,3.44774E+13,3.70928E+13,3.86277E+13,3.72686E+13,4.02897E+13,4.16862E+13,3.96547E+13,3.90388E+13,4.30415E+13,5.01559E+13,5.7316E+13,6.58343E+13,7.30593E+13,8.47922E+13,7.70778E+13,8.72472E+13,1.11064E+14,1.1744E+14,1.19251E+14,1.09807E+14,9.74859E+13,9.59442E+13,
COL,NE.TRD.GNFS.ZS,30.37819696,26.74771045,24.38654959,24.31979867,24.53189705,21.82322986,27.18852692,23.4365277,27.27508434,27.59936874,30.12774162,29.50874293,29.00629727,29.61013325,30.08834108,29.86857863,30.999304,30.16637652,30.34677859,28.68397705,31.78965587,27.2850199,26.10821784,23.67280841,24.34797231,26.33972636,30.83063591,29.87169227,30.14998849,31.81787448,35.38637938,35.25149094,33.46556606,35.18825781,35.91753745,35.49723032,36.04410719,35.59706809,35.90892305,36.14927931,32.66708547,33.90111179,32.98263921,36.51618352,35.86342693,35.63423841,38.17394204,36.32989385,38.0520614,34.28000166,33.70084636,38.66886919,38.2960978,37.69797761,37.319781,38.62146446,34.91569826,
COL,NE.RSB.GNFS.ZS,0.934874641,-0.836149752,-0.003795933,-0.367336092,-0.691945643,1.018132295,-2.962955919,0.516232621,-1.306656074,-1.146522533,-1.506386328,-3.848965911,-0.527386955,0.82250329,-0.930567429,1.727933909,3.193867285,3.631137691,2.858755232,1.766461566,0.633260542,-3.580843521,-4.244587182,-2.783111173,-0.596382451,1.288793296,6.843856973,4.034264288,2.429387844,4.184648873,5.744478918,7.43487422,1.951362373,-2.3303939,-5.920813781,-6.429744539,-5.645183784,-5.913980602,-5.89422138,0.543878186,-0.836806038,-3.126840262,-3.351499859,-3.365584094,-2.321924084,-1.934406566,-2.898947116,-3.251428996,-2.473093418,-2.218382354,-1.82887889,-1.196656203,-1.778574009,-2.554127604,-5.44669216,-8.124236844,-6.534905961,
COL,NE.RSB.GNFS.CD,37777799.55,-38069179.1,-188604.8803,-17774811.11,-41462555.56,58952380.95,-161562963,29565648.98,-77333857.12,-73439673.94,-108435117.8,-301003797.7,-45731614.74,84847465.39,-115111466.3,226335736.8,489984072.6,707017389.9,665046865.3,493556626.2,211513679.6,-1303010477,-1654032419,-1077894025,-228134899.2,449716834.2,2391414017,1467395338,952624924.1,1654613520,2313543192,3066108774,961623286.1,-1300418947,-4837512138,-5947981745,-5484866733,-6307822629,-5802491966,468747716.5,-835856910.7,-3070668020,-3282237494,-3186689304,-2718389460,-2835187480,-4713402336,-6743999930,-6033913585,-5187058673,-5249214888,-4013766342,-6574671309,-9710585661,-20599155955,-23683742452,-18458662107,
COL,NE.IMP.GNFS.ZS,14.72166116,13.7919301,12.19517276,12.34356738,12.61192135,10.40254878,15.07574142,11.46014754,14.29087021,14.37294564,15.81706398,16.67885442,14.76684211,14.39381498,15.50945425,14.07032236,13.90271836,13.26761941,13.74401168,13.45875774,15.57819767,15.43293171,15.17640251,13.22795979,12.47217738,12.52546653,11.99338947,12.91871399,13.86030032,13.81661281,14.82095023,13.90830836,15.75710185,18.75932586,20.91917562,20.96348743,20.84464548,20.75552435,20.90157222,17.80270056,16.75194575,18.51397603,18.16706954,19.94088381,19.09267551,18.78432249,20.53644458,19.79066142,20.26257741,18.24919201,17.76486262,19.9327627,20.0373359,20.12605261,21.38323658,23.37285065,20.72530211,
COL,NE.IMP.GNFS.KD.ZG,,4.154829171,3.485587716,-0.162184388,24.70918658,-18.0386358,32.95454255,-21.58119432,25.34060137,6.304349355,19.22289585,15.0943436,-4.769001471,2.034429988,-2.147240015,-10.97178434,12.32394051,9.717869064,20.71427919,0.710067077,18.80140937,4.945593697,7.917062369,-9.082967501,-3.938526164,-6.599999623,4.068520906,5.349797568,6.542968,-2.841430135,7.830191894,3.412071854,41.37056318,44.31067561,18.02118819,7.260960644,2.290680248,6.193388656,-3.913082677,-24.68064016,12.23339906,8.740143124,0.329050783,8.170043869,10.27210753,11.90192644,19.96838613,14.04605049,10.47562398,-9.14889211,10.845186,21.48673658,9.074290357,5.977653631,7.872078721,1.417847641,-6.221850427,
COL,NE.IMP.GNFS.KD,2733136799,2846693964,2945917979,2941140160,3667871970,3006237904,3996929853,3134344655,3928606439,4176279514,4979081375,5730641026,5457346671,5568372569,5448806245,4850974975,5448806245,5978314101,7216678775,7267922035,8634393810,9061415846,9778813790,8890607311,8540448416,7976778853,8301315768,8745419357,9317629347,9052875419,9761732936,10094810278,14271090142,20594706600,24306117433,26070975054,26668177730,28319841624,27211662808,20495650230,23002964913,25013456969,25095763945,27146098869,29934575334,33497366472,40186249952,45830830909,50631896424,45999638847,50988385237,61944125260,67565115046,71603923599,77240640832,78335795435,73461859413,
COL,NE.IMP.GNFS.CD,594894694.8,627934716.4,605929809.3,597285655.6,755727700,602333333.3,822044444.4,656344999.2,845798781,920648666.1,1138569279,1304349957,1280485853,1484831408,1918524079,1843020015,2132872143,2583332951,3197339800,3760432262,5203232620,5615791810,5913946559,5123165384,4770997073,4370687816,4190788878,4698963510,5434977201,5463099784,5969019819,5735723971,7765034454,10468179980,17091698826,19392751884,20252680332,22137740206,20576289396,15343463758,16732945250,18181380994,17791627420,18880942910,22352723852,27531480121,33390235134,41049095461,49437130105,42670565558,50988385237,66857508326,74069955354,76517617046,80870482887,68136439872,58541217126,
COL,NE.EXP.GNFS.ZS,15.6565358,12.95578035,12.19137683,11.97623129,11.9199757,11.42068108,12.1127855,11.97638016,12.98421413,13.2264231,14.31067765,12.82988851,14.23945516,15.21631827,14.57888682,15.79825627,17.09658564,16.8987571,16.60276691,15.22521931,16.21145821,11.85208819,10.93181533,10.44484862,11.87579493,13.81425983,18.83724644,16.95297828,16.28968816,18.00126168,20.56542915,21.34318258,17.70846422,16.42893196,14.99836183,14.53374289,15.1994617,14.84154374,15.00735084,18.34657875,15.91513972,15.38713577,14.81556968,16.57529971,16.77075142,16.84991592,17.63749746,16.53923243,17.78948399,16.03080966,15.93598373,18.7361065,18.25876189,17.571925,15.93654442,15.24861381,14.19039615,
COL,NE.EXP.GNFS.KD.ZG,,-6.667605314,8.100064223,-2.414264656,5.823001105,6.410399731,-1.767682541,8.740358869,8.274239897,4.585149889,1.043838658,5.165293068,12.96659998,2.956521281,-5.405405406,14.46428526,-3.276129062,-4.516130609,25.33783524,8.221025464,5.230382914,-11.83431878,-1.610734182,-0.954977081,10.33057427,14.35705788,20.74235794,6.871606403,1.099827975,8.451881973,17.59259868,11.94225866,5.568581443,9.991992659,-3.379976242,3.560838214,9.603018029,3.151398102,7.375476343,5.923905694,-0.968413309,2.810876871,-2.377414562,7.360295716,9.808607595,5.71396953,8.597948217,6.905083221,4.47837456,-2.845142545,1.264361009,11.75472967,5.989167691,5.205144663,-1.542829655,1.23096356,-0.926416405,
COL,NE.EXP.GNFS.KD,4336080309,4046967588,4374774562,4269155925,4517748922,4807354687,4722375917,5135128520,5560021373,5814956686,5875655452,6179150276,6980375974,7186752275,6798279179,7781601673,7526666359,7186752275,9007719726,9748246659,10258117286,9044138986,8898461948,8813483676,9723967152,11120042745,13426601815,14349225044,14507041836,15733159889,18501031568,20710472613,21863752147,24048376657,23235547239,24062927484,26373694749,27204834865,29211321024,30941772134,30642127894,31503440380,30754473001,33018093160,36256708353,38328405621,41623862089,44498024406,46490812611,45168082722,45739170349,51115686177,54177090338,56997086264,56117718315,56808506978,56282223650,
COL,NE.EXP.GNFS.CD,632672494.3,589865537.3,605741204.4,579510844.4,714265144.4,661285714.3,660481481.5,685910648.2,768464923.9,847208992.2,1030134161,1003346159,1234754238,1569678873,1803412613,2069355751,2622856216,3290350341,3862386666,4253988888,5414746300,4312781333,4259914140,4045271359,4542862174,4820404650,6582202894,6166358849,6387602125,7117713305,8282563012,8801832745,8726657740,9167761033,12254186688,13444770139,14767813599,15829917577,14773797430,15812211475,15897088339,15110712975,14509389926,15694253606,19634334392,24696292642,28676832797,34305095532,43403216520,37483506885,45739170349,62843741984,67495284045,66807031386,60271326932,44452697420,40082555019,
COL,MS.MIL.XPRT.KD,,,,,,,,,,,,,,,,,,,,,,,,,,,,,,,,,,,,,,,,,,,5000000,,,,,,,,,,,,,,,
COL,MS.MIL.MPRT.KD,5000000,62000000,3000000,20000000,9000000,18000000,32000000,15000000,32000000,121000000,4000000,35000000,129000000,165000000,1000000,287000000,10000000,8000000,12000000,36000000,15000000,28000000,18000000,301000000,661000000,10000000,6000000,4000000,37000000,220000000,13000000,72000000,36000000,68000000,42000000,35000000,49000000,195000000,157000000,44000000,60000000,276000000,171000000,147000000,18000000,16000000,52000000,230000000,110000000,248000000,255000000,145000000,207000000,164000000,190000000,207000000,29000000,
COL,LP.LPI.TRAC.XQ,,,,,,,,,,,,,,,,,,,,,,,,,,,,,,,,,,,,,,,,,,,,,,,,2.63,,,2.75,,2.66,,2.54872,,2.55337,
COL,LP.LPI.TIME.XQ,,,,,,,,,,,,,,,,,,,,,,,,,,,,,,,,,,,,,,,,,,,,,,,,2.94,,,3.52,,3.45,,2.87381,,3.231435,
COL,LP.LPI.OVRL.XQ,,,,,,,,,,,,,,,,,,,,,,,,,,,,,,,,,,,,,,,,,,,,,,,,2.5,,,2.77,,2.87,,2.639637,,2.612351,
COL,LP.LPI.LOGS.XQ,,,,,,,,,,,,,,,,,,,,,,,,,,,,,,,,,,,,,,,,,,,,,,,,2.44,,,2.75,,2.95,,2.640476,,2.672612,
COL,LP.LPI.ITRN.XQ,,,,,,,,,,,,,,,,,,,,,,,,,,,,,,,,,,,,,,,,,,,,,,,,2.61,,,2.54,,2.76,,2.717677,,2.550313,
COL,LP.LPI.INFR.XQ,,,,,,,,,,,,,,,,,,,,,,,,,,,,,,,,,,,,,,,,,,,,,,,,2.28,,,2.59,,2.72,,2.442362,,2.429151,
COL,LP.LPI.CUST.XQ,,,,,,,,,,,,,,,,,,,,,,,,,,,,,,,,,,,,,,,,,,,,,,,,2.1,,,2.5,,2.65,,2.587416,,2.207971,
COL,LP.IMP.DURS.MD,,,,,,,,,,,,,,,,,,,,,,,,,,,,,,,,,,,,,,,,,,,,,,,,7,,,,,8,,2,,3,
COL,LP.EXP.DURS.MD,,,,,,,,,,,,,,,,,,,,,,,,,,,,,,,,,,,,,,,,,,,,,,,,7,,,,,4,,3,,4,
COL,IC.IMP.TMDC,,,,,,,,,,,,,,,,,,,,,,,,,,,,,,,,,,,,,,,,,,,,,,,,,,,,,,,64,64,64,
COL,IC.IMP.TMBC,,,,,,,,,,,,,,,,,,,,,,,,,,,,,,,,,,,,,,,,,,,,,,,,,,,,,,,112,112,112,
COL,IC.IMP.DURS,,,,,,,,,,,,,,,,,,,,,,,,,,,,,,,,,,,,,,,,,,,,,,48,35,20,15,14,13,13,13,13,13,,,
COL,IC.IMP.DOCS,,,,,,,,,,,,,,,,,,,,,,,,,,,,,,,,,,,,,,,,,,,,,,6,6,6,6,6,6,6,6,6,6,,,
COL,IC.IMP.CSDC.CD,,,,,,,,,,,,,,,,,,,,,,,,,,,,,,,,,,,,,,,,,,,,,,,,,,,,,,,50,50,50,50
COL,IC.IMP.CSBC.CD,,,,,,,,,,,,,,,,,,,,,,,,,,,,,,,,,,,,,,,,,,,,,,,,,,,,,,,545,545,545,545
COL,IC.IMP.COST.CD,,,,,,,,,,,,,,,,,,,,,,,,,,,,,,,,,,,,,,,,,,,,,,1773,1773,1440,1640,1750,1700,2650,2650,2470,2470,,,
COL,IC.EXP.TMDC,,,,,,,,,,,,,,,,,,,,,,,,,,,,,,,,,,,,,,,,,,,,,,,,,,,,,,,60,60,60,
COL,IC.EXP.TMBC,,,,,,,,,,,,,,,,,,,,,,,,,,,,,,,,,,,,,,,,,,,,,,,,,,,,,,,112,112,112,
COL,IC.EXP.DURS,,,,,,,,,,,,,,,,,,,,,,,,,,,,,,,,,,,,,,,,,,,,,,34,34,24,14,14,14,14,14,14,14,,,
COL,IC.EXP.DOCS,,,,,,,,,,,,,,,,,,,,,,,,,,,,,,,,,,,,,,,,,,,,,,4,4,4,4,4,4,4,4,4,4,,,
COL,IC.EXP.CSDC.CD,,,,,,,,,,,,,,,,,,,,,,,,,,,,,,,,,,,,,,,,,,,,,,,,,,,,,,,90,90,90,90
COL,IC.EXP.CSBC.CD,,,,,,,,,,,,,,,,,,,,,,,,,,,,,,,,,,,,,,,,,,,,,,,,,,,,,,,545,545,545,545
COL,IC.EXP.COST.CD,,,,,,,,,,,,,,,,,,,,,,,,,,,,,,,,,,,,,,,,,,,,,,1845,1845,1540,1790,1870,1870,2370,2355,2355,2355,,,
COL,IC.CUS.DURS.EX,,,,,,,,,,,,,,,,,,,,,,,,,,,,,,,,,,,,,,,,,,,,,,,7,,,,8.6,,,,,,,
COL,GC.TAX.IMPT.ZS,,,,,,,,,,,,,,,,,,,,,,,,,,,,,,,,,,,,,,,8.528437548,6.719872075,7.454470001,,,6.416410872,,,,,8.881993158,7.204762138,8.299417033,5.729215692,5.023477005,4.279985915,4.054954826,4.348543389,,
COL,GC.TAX.EXPT.ZS,,,,,,,,,,,,,,,,,,,,,,,,,,,,,,,,,,,,,,,0,0,0,,,0,,,,,0,0,0,0,0,0,0,0,,
COL,EG.IMP.CONS.ZS,,,,,,,,,,,,-39.83977458,-30.98694834,-23.23097908,-14.25634996,-10.5981603,-4.027216579,-1.016963325,-6.279622775,-9.617156231,-0.004811922,-2.868230968,-6.321414733,-8.130950143,-15.51533155,-24.72479041,-51.01524253,-75.79163211,-73.29867209,-88.5432094,-98.90170359,-89.28232353,-91.15051791,-85.32963321,-85.89534496,-114.6533,-129.326059,-143.2535329,-153.0883573,-194.0744052,-180.2000859,-180.4584633,-171.1520016,-185.3248245,-189.6949928,-190.2075421,-193.6856286,-206.0341051,-212.7163667,-219.8589769,-239.4937349,-285.1435921,-294.7624376,-268.5327558,-274.1331607,,,
COL,BX.GSR.TRVL.ZS,,,,,,,,,28.48101266,25.28089888,28.125,31.79723502,31.73076923,30.50847458,34.86842105,40.58487207,38.04300043,38.90676164,39.89081972,38.28123586,35.61867151,38.05395455,36.25202751,27.8436019,26.42934196,22.45614035,37.72563177,29.93138937,32.74147727,25.94887684,25.375,29.37853107,35.56911594,29.96547482,42.52432918,39.15089115,51.6677162,49.0491355,48.28565297,48.46003722,50.00945581,55.27743819,51.44465872,46.15819896,50.02305497,51.39188003,51.05796791,50.12159795,51.09990709,53.10388371,54.61032703,53.33525781,53.6889169,51.41719579,53.45118399,57.18426721,59.57474591,
COL,BX.GSR.TRAN.ZS,,,,,,,,,42.46835443,47.97752809,47.23958333,47.05069124,43.99038462,45.55084746,45.69078947,38.42960548,44.00754125,37.84508928,37.32210747,28.93084038,31.13252226,40.83768057,31.79549034,44.98815166,41.45631068,42.16374269,34.42238267,38.45626072,34.18323864,34.53137103,30.25,32.4168236,32.45751173,38.5928013,32.68215575,34.44465334,27.89276699,31.05341561,32.95639927,32.14187834,29.01645873,26.17326478,29.10551947,32.56717769,27.99309256,26.26551139,24.14136149,27.94554346,25.82625754,23.49990348,22.33187642,26.15801953,23.12768812,24.40214681,24.68454534,21.5680821,20.47493773,
COL,BX.GSR.TOTL.CD,,,,,,,,,787000000,880000000,1019000000,996887620,1228281000,1588000480,1947897920,2180377900,2849839880,3502027040,4099456000,4850980000,5860443700,5014095160,4974154130,4103000000,5328000000,4616000000,6614000000,7029000000,7008000000,7609000000,9026000000,9490400000,9694900000,10509600000,11303419869,12947134738,13856585408,15130865090,14349523237,14863484286,16834808235,15962543644,14949669732,16250781934,20308786887,25788805032,30493863301,36454895954,45009360244,40164906014,47557283613,66683326702,71899566935,70929166234,68052190202,50170094161,46390178116,
COL,BX.GSR.NFSV.CD,,,,,,,,,158000000,178000000,192000000,217646660,225827680,281342680,365602560,431195150,567778560,729950240,779628000,1104980000,1341992780,1148369480,1335097740,844000000,927000000,855000000,1108000000,1166000000,1408000000,1291000000,1600000000,1593000000,1982900000,2519900000,1550740018,1676976106,2168281980,2126765659,1921092215,1913507342,2060415242,2202154550,1879640577,1935168074,2452929856,2995348544,3751215214,3975632485,4583156377,4594819737,5120980393,5643429494,6445026813,7022373419,7155955312,7423883136,8011899937,
COL,BX.GSR.MRCH.CD,,,,,,,,,605000000,672000000,788000000,754166460,978567700,1262548990,1494502640,1683186550,2201906800,2660000000,3155392000,3441000000,3986297060,3157725680,3113768170,2970000000,4273000000,3650000000,5331000000,5661000000,5343000000,6031000000,7079000000,7507000000,7263200000,7428500000,9050197139,10592634724,10972379030,12084264961,11479103737,12026896970,13744694741,12860428586,12367040812,13798246747,17194908681,21708662781,25166243998,30555767082,38476021835,33977347462,40761915542,58262191478,61603864423,60282300134,56898796882,38262847924,33382155449,
COL,BX.GSR.INSF.ZS,,,,,,,,,10.06329114,9.325842697,9.010416667,7.32718894,10.33653846,9.110169492,6.940789474,8.197901808,6.389388145,6.942862297,8.061588347,6.000108599,5.603351979,7.349726849,12.47825249,14.01658768,12.91262136,14.67836257,9.440433213,10.85763293,9.921875,14.03563129,16.5,12.40426868,11.20076655,11.07186793,4.124224516,6.353936684,5.107432105,4.882996843,4.959938897,5.238713191,4.159934206,2.803870214,2.188938389,2.062929414,1.488715709,1.354428326,1.911684867,2.110343624,1.712150236,1.323220125,1.244172749,1.452200027,1.396131035,1.329821179,1.182448414,1.023068291,0.884763427,
COL,BX.GSR.GNFS.CD,,,,,,,,,763000000,850000000,980000000,971813120,1204395380,1543891670,1860105200,2114381700,2769685360,3389950240,3935020000,4545980000,5328289840,4306095160,4448865910,3814000000,5200000000,4505000000,6439000000,6827000000,6751000000,7322000000,8679000000,9100000000,9246100000,9948400000,10600937157,12269610830,13140661010,14211030621,13400195952,13940404312,15805109984,15062583135,14246681389,15733414821,19647838536,24704011325,28917459211,34531399567,43059178212,38572167199,45882895935,63905620973,68048891237,67304673552,64054752194,45686731060,41394055387,
COL,BX.GSR.CMCP.ZS,,,,,,,,,18.98734177,17.41573034,15.625,13.82488479,13.94230769,14.83050847,12.5,12.78762064,11.56007018,16.30528678,14.72548446,26.78781516,27.64545425,13.75863803,19.47422965,13.15165877,19.201726,20.70175439,18.41155235,20.75471698,23.15340909,25.48412084,27.875,25.80037665,20.77260578,20.36985595,20.66929055,20.05051883,15.33208471,15.01445204,13.79800886,14.15937125,16.81415126,15.74542682,17.26088342,19.21169393,20.49513676,20.98818026,22.88898574,19.82251497,21.36168514,22.07299269,21.8136238,19.05452263,21.78726394,22.85083622,20.68182226,20.2245824,19.06555294,
COL,BX.GSR.CCIS.ZS,,,,,,,,,,,,,,,,,,,,,,,,,,,,,,,,,,,17.39649695,16.25363885,12.2055112,11.85509738,9.968758842,9.671820743,12.28990617,11.23890646,11.60822886,13.21035229,14.79141184,16.80745735,19.32869707,16.47778094,17.9851278,18.64360845,17.06161307,14.10760555,16.98315104,17.35437547,17.17878826,16.56318846,15.12263433,
COL,BX.GSR.CCIS.CD,,,,,,,,,,,,,,,,,,,,,,,,,,,,,,,,,,,269774440,272569640,264649900,252130140,191509050,185071000,253223100,247498090,218192980,255642520,362822957,503441929,725061025.2,655096012,824286531.6,856640200.5,873721860.1,796152772.4,1094568638,1218689050,1229306411,1229631755,1211610330,
COL,BN.GSR.MRCH.CD,,,,,,,,,-10000000,24000000,-14000000,-148345680,128999400,279840370,-16854800,268242100,547877720,690305760,603240000,463216000,-297110710,-1572367360,-2243789480,-1494000000,246000000,-23000000,1922000000,1868000000,827000000,1474000000,1971000000,2959000000,1234100000,-1657200000,-2222771378,-2535577465,-2068231473,-2578100549,-2418093033,1800049007,2702195629,630741235.1,342589385.2,602819355,1356442846,1614296443,356227892.3,-560519605.5,964580573.6,2549259679,2356082726,6136645906,4955574180,3180683433,-4639214558,-13787733948,-9856793978,
COL,BN.GSR.GNFS.CD,,,,,,,,,-95000000,-81000000,-156000000,-312724140,-28342990,121474590,-217224400,102178950,468332520,647016800,525956000,627264000,-125595840,-1719060600,-2254764420,-1952000000,-125000000,-595000000,1346000000,1325000000,565000000,1200000000,1821000000,2740000000,1188700000,-1458000000,-3277472545,-3718523193,-3284689501,-4138083503,-3911324472,571576111.8,1315805724,-967925822.5,-1326890838,-1022061949,-441984619.7,-708829178.5,-1933707279,-3409559835,-2362990533,-837503718,-2166064435,640965267.7,-1185746722,-3158933164,-11860851535,-18556978550,-13015689734,
COL,BM.GSR.TRVL.ZS,,,,,,,,,24.69135802,20.84805654,19.76047904,18.90309203,20.96785378,22.50281698,25.9239041,24.27760317,25.02611676,23.796,25.44018522,27.10078943,20.50444506,22.08387251,19.24116014,24.19354839,25.34668721,21.93412754,36.28266033,38.97015799,32.21556886,31.56549521,25.94285714,28.09050773,31.58309915,29.90477011,32.29320258,30.69753024,33.00924198,32.80143527,32.80720734,32.22799042,30.75263076,30.61665293,30.28598857,29.82056279,27.86756277,28.17898505,27.9706884,27.90532777,27.51891397,28.21160617,27.38698265,27.2153334,28.80788575,29.49248664,32.56970837,35.43210375,37.24715897,
COL,BM.GSR.TRAN.ZS,,,,,,,,,34.85596708,38.0565371,43.77245509,46.33882976,45.39256994,45.49364686,42.15821782,40.32210268,44.33928827,40.93501726,40.99599492,37.21884259,45.32021967,46.08688852,51.08936614,42.23502304,39.20647149,34.40784863,30.18408551,27.24985372,34,35.52715655,33.58285714,31.41280353,30.47872603,34.11470677,43.24434473,41.96645444,35.96237557,35.8038873,38.13842032,37.41783732,38.16310844,37.42857417,34.1191124,35.76065451,38.33337755,39.96217161,37.57338634,38.51984219,38.11210026,29.2240105,29.31431858,27.92569028,28.49706918,23.61476317,23.22115484,23.43440126,23.32209068,
COL,BM.GSR.TOTL.CD,,,,,,,,,982000000,1093000000,1348000000,1484975320,1454252030,1677315280,2350725600,2400269700,2737979680,3172629120,3914144000,4514936000,6231279010,7217384360,8197327070,7270000000,7028000000,6886000000,7016000000,7694000000,8188000000,8708000000,9510000000,8839600000,10528000000,13750000000,16039110579,18261858997,19203701536,21594703621,19957554336,15647130886,17675444334,19354249438,18907930838,20505263231,24815049864,31761552805,38117299227,47624673785,56924619517,49372153376,60952787879,81536698609,88097984554,88318018315,92437685861,74376869268,64518551453,
COL,BM.GSR.NFSV.CD,,,,,,,,,243000000,283000000,334000000,382025120,383170070,439708460,565972160,597258300,647323760,773239200,856912000,940932000,1170477910,1295062720,1346072680,1302000000,1298000000,1427000000,1684000000,1709000000,1670000000,1565000000,1750000000,1812000000,2028300000,2320700000,2605441185,2859921835,3384740009,3686748613,3414323653,3141980237,3446805147,3800821607,3549120800,3560049378,4251357321,5318474165,6041150386,6824672715,7910727483,7981583134,9643127554,11139110133,12586347714,13361990016,14377592289,12193127738,11170795693,
COL,BM.GSR.MRCH.CD,,,,,,,,,615000000,648000000,802000000,902512140,849568300,982708620,1511357440,1414944450,1654029080,1969694240,2552152000,2977784000,4283407770,4730093040,5357557650,4464000000,4027000000,3673000000,3409000000,3793000000,4516000000,4557000000,5108000000,4548000000,6029100000,9085700000,11272968517,13128212189,13040610502,14662365510,13897196770,10226847963,11042499113,12229687350,12024451426,13195427392,15838465835,20094366338,24810016105,31116286688,37511441261,31428087783,38405832816,52125545572,56648290244,57101616701,61538011440,52050581872,43238949428,
COL,BM.GSR.INSF.ZS,,,,,,,,,9.176954733,8.939929329,8.023952096,9.057731596,8.160462011,7.916653685,7.139698179,7.140820814,6.982146307,8.21220652,9.014741304,9.522473462,10.20196015,11.27204156,12.13158862,12.06605223,14.02927581,12.82410652,11.79928741,12.01287303,13.60479042,13.99361022,13.16,12.79249448,12.35517428,12.31524971,11.37591649,11.71707303,12.43391834,14.26841724,11.09632146,10.02005821,13.08603386,14.96528439,17.90589273,14.96642392,13.62411609,11.47179476,10.95493029,10.39046923,10.57439804,12.65830344,15.00092465,15.17574703,14.89136518,14.39063836,14.31906896,13.3746859,12.83994776,
COL,BM.GSR.GNFS.CD,,,,,,,,,858000000,931000000,1136000000,1284537260,1232738370,1422417080,2077329600,2012202750,2301352840,2742933440,3409064000,3918716000,5453885680,6025155760,6703630330,5766000000,5325000000,5100000000,5093000000,5502000000,6186000000,6122000000,6858000000,6360000000,8057400000,11406400000,13878409702,15988134024,16425350511,18349114123,17311520424,13368828200,14489304259,16030508958,15573572227,16755476770,20089823156,25412840503,30851166491,37940959402,45422168744,39409670917,48048960370,63264655705,69234637958,70463606716,75915603729,64243709610,54409745120,
COL,BM.GSR.CMCP.ZS,,,,,,,,,31.27572016,32.15547703,28.44311377,25.70034662,25.47911427,24.08688248,24.7781799,28.25947333,23.65244866,27.05677622,24.54907855,26.15789451,23.97337511,20.55719742,17.5378851,21.50537634,21.41756549,30.83391731,21.73396675,21.76711527,20.17964072,18.91373802,27.31428571,27.70419426,25.58300054,23.66527341,13.0865362,15.61894229,18.59446411,17.12626019,17.95805088,20.33411404,17.99822694,16.98948851,17.68900629,19.45235878,20.17494359,20.38704858,23.50099497,23.18436081,23.79458773,29.90607989,28.29777412,29.68322929,27.80367989,32.50211183,29.89006782,27.75880909,26.59080259,
COL,BG.GSR.NFSV.GD.ZS,,,,,,,,,6.775416426,7.197021168,7.307219511,7.668063516,7.023094866,6.98980143,7.53090131,7.851608478,7.920411632,7.720160651,7.034793384,7.322411906,7.522201657,6.71487184,6.880434426,5.540949702,5.816518906,6.539729176,7.990272088,7.904147933,7.849527756,7.2230506,8.317979296,8.25663686,8.139678877,8.67451581,5.086907122,4.904368576,5.715331148,5.450535416,5.41976145,5.865776658,5.513473918,6.112789601,5.543320075,5.803708704,5.726495815,5.672398512,6.022730077,5.207061959,5.120812804,5.378630158,5.143962654,5.003512518,5.148349858,5.361598893,5.6937578,6.729225452,6.791234993,
