CPV,TX.VAL.TRVL.ZS.WT,,,,,,,,,,,,,,,,,,46.3190184,4.392298436,3.553961526,4.124475179,1.854038734,1.337165709,1.774778153,3.047902705,3.601899903,3.192285677,13.25545106,14.43661757,15.14926253,17.58181186,26.57582802,22.96886521,24.03031237,21.18256116,16.24352066,15.95446154,18.39457407,25.37404159,28.84109438,40.82825018,43.88795207,44.7715975,45.33183851,44.33827049,46.83744768,57.13090991,64.15957058,60.54453732,60.54269875,57.08683928,64.72662376,68.18621768,66.54812788,65.78492232,70.88211739,64.9616033,
CPV,TX.VAL.TRAN.ZS.WT,,,,,,,,,,,,,,,,,,43.03680982,58.5078219,78.56537333,80.66683132,86.98630137,78.12046988,81.34149898,88.10672623,88.7470314,84.63475849,49.82356993,59.7943561,58.89910232,44.31535833,47.23778397,55.24439265,48.47312513,53.83832093,57.36597343,63.34178104,65.52591993,56.29926571,44.13089988,44.40479291,41.30613842,42.80858981,43.38617206,44.17629237,40.63759701,33.79443413,26.74518634,30.91466897,29.81505259,35.275426,26.0708495,21.98444407,21.34335759,18.68268863,17.50157754,16.79883661,
CPV,TX.VAL.TECH.MF.ZS,,,,,,,,,,,,,,,,,,,,,,,,,,,,,,,,,,,,,,,3.555472843,5.910202678,0.815744885,0.927467757,0.029811443,,,0.003011483,,,,,,0.601738941,,,0.002948806,,,
CPV,TX.VAL.TECH.CD,,,,,,,,,,,,,,,,,,,,,,,,,,,,,,,,,,,,,,,403305,578892,81378,86560,2969,,,297,,,,,,62511,,,331,,,
CPV,TX.VAL.SERV.CD.WT,,,,,,,,,,,,,,,,,,957514.2226,4681591.234,8193305.372,10078427.88,17389994.8,27454254.35,33483603.22,23734088.67,24814565.56,28337417.95,19632148.48,22712179.55,25014592.78,33677211.15,30421519.43,30905978.97,35899442.41,41373006.75,59568138.45,70373250.83,81618717.13,79978173.89,99686936.66,102833889.4,122553118.8,146109559.6,191496516.1,224355881.4,260569517.6,365457487.4,473432631.3,580705785.9,468181712.7,487193844.1,569299636.5,577702298.5,633506957.5,615678695.9,490015079.1,568951218.6,
CPV,TX.VAL.OTHR.ZS.WT,,,,,,,,,,,,,,,,,,8.895705521,37.00361011,17.70459733,15.18893554,11.1596599,20.53236691,16.87705703,8.811119384,7.626000528,12.16150764,36.92097901,25.76902634,25.95163515,38.10282981,26.18638801,21.78674214,27.4965625,24.9791179,26.39050592,20.70375742,16.07950601,18.09774647,23.97922976,13.69198249,12.75427772,12.1071284,10.59595606,10.68590874,11.02692781,7.615851361,7.819556731,6.988223611,7.773643893,6.310750683,7.171268075,8.82878896,10.89241816,14.1593362,10.42833416,17.03796072,
CPV,TX.VAL.MRCH.XD.WD,,,,,,,,,,,,,,,,,,,,,39.72618723,28.77311177,30.43123159,33.36930851,22.46647911,60.89972431,45.2515596,73.62251475,30.94347789,64.4674765,53.01824478,38.97710699,41.66724691,36.53697413,40.83592875,81.30290909,115.16,126.3872727,94.82904331,104.0735269,100,90.90909091,95.81818182,115.8363636,137.2181818,160.1363636,187.7363636,174.7181818,290.7454545,319.2727273,404.5181818,623.1545455,512.3454545,626.4818182,732.7818182,607.4909091,542.8363636,
CPV,TX.VAL.MRCH.WR.ZS,,,,,,,,,,,6.25,12.5,11.11111111,5.263157895,,,26.66666667,38.88888889,30,33.33333333,18.42105263,17.24137931,8.108108108,3.225806452,26.92307692,32.65306122,37.95029331,24.17576033,39.15103805,2.65856974,2.934739648,9.950651409,9.40912583,5.778618304,7.296502685,3.43581028,4.797698524,0.439017211,0.001381072,0.068443675,2.311694703,1.802572007,5.919962888,1.434654951,0.851316232,0.541653773,4.640066595,0.72017093,6.40702168,0.607118281,0.662191145,3.380069476,1.274122901,4.140325017,0.70868932,1.522606872,0.147383299,
CPV,TX.VAL.MRCH.WL.CD,,,,,,,,,,,1600000,1600000,1800000,1900000,1900000,2300000,1500000,1800000,1000000,2400000,3800000,2900000,3700000,3100000,2600000,4900000,4491267,8726042,6573251,6753180,6904667,5287081,6492516,12356812,6927401,12739906,16187178,13902644,10354278,11394771,11354354,9773923,10562600,12382629,15286329,18291020,21592147,21027508,36163199,37975796,48122510,210699101,215431180,233743268,268902599,561935399,220963978,
CPV,TX.VAL.MRCH.RS.ZS,,,,,,,,,,,12.5,12.5,5.555555556,5.263157895,5.263157895,4.347826087,0,5.555555556,0,4.166666667,0,0,0,3.225806452,3.846153846,2.040816327,2.337892626,16.02935214,3.502498231,3.987839803,3.294250106,7.296767347,4.759680223,2.629318954,5.438894038,3.473965977,3.629996532,0.129313532,0.177588433,0.176975913,0.54176574,0.024483516,0,0,0,0.002531297,0.022378506,0.16655326,0.845901382,1.483784566,1.738566837,0.54114659,0.62600177,0.487100232,0.838392417,0.227386458,0.656684865,
CPV,TX.VAL.MRCH.R6.ZS,,,,,,,,,,,6.25,12.5,11.11111111,5.263157895,,,26.66666667,38.88888889,30,33.33333333,18.42105263,17.24137931,8.108108108,3.225806452,26.92307692,32.65306122,37.95029331,24.17576033,39.15103805,2.65856974,2.934739648,9.950651409,9.40912583,5.778618304,7.296502685,3.43581028,4.797698524,0.439017211,0.001381072,0.068443675,2.311694703,1.802572007,5.919962888,1.434654951,0.851316232,0.541653773,4.640066595,0.72017093,6.40702168,0.607118281,0.662191145,3.380069476,1.274122901,4.140325017,0.70868932,1.522606872,0.147383299,
CPV,TX.VAL.MRCH.R5.ZS,,,,,,,,,,,,,,,,,,,,,,,,,,,,,,,,,,,,,,,,,,,,,0.025826999,0.00308348,,,0.327902407,0.335326743,0.572632226,0.143665065,3.209550725,0.41751534,0.151728545,0.059692983,6.10959E-05,
CPV,TX.VAL.MRCH.R4.ZS,,,,,,,,,,,,,,,,,,,,,,,16.21621622,35.48387097,23.07692308,38.7755102,,,9.285298857,52.67755339,,,,1.066763822,9.15992881,4.619594524,2.289528169,,,,,,,,,12.46145923,8.551553488,6.669149763,2.408614349,,,0.109855713,0.186299402,0.262804146,2.181973704,0.538797699,0.11067098,
CPV,TX.VAL.MRCH.R3.ZS,,,,,,,,,,,,,,,,,,,,,,,,,,,,0.515697724,0.001384399,,0.657917319,0.251670061,0.247715986,0.073570756,0.158789711,0.246108566,0.531414432,0.124285711,,,0.159419021,0.138736513,0.591492625,0.142393025,1.288079041,0.149816686,6.265138895,7.80987457,0.168834621,0.074905606,2.030027112,1.25641827,6.819448791,1.670559342,2.644977782,0.390878739,0.170865859,
CPV,TX.VAL.MRCH.R2.ZS,,,,,,,,,,,,,,,,,,,,,,,,,,,,,,,,,,22.07100828,0.104959999,0.049953273,0.897722877,,,,0.435427678,0.166483816,0.009543105,0.00077528,0.0013149,0.002569567,0.018534516,0.044080354,0.217696449,0.005382376,0.000629643,0.003980083,0.025452212,0.004963993,0.526623768,0.677930418,1.138062422,
CPV,TX.VAL.MRCH.R1.ZS,,,,,,,,,,,,,,,,,,,,,,,,,,,,,,,0.00734286,0.326702012,0.307523308,0.051534328,1.468386196,0.095974021,0.793461343,,,,,,,,,,,,0.27676755,0.002311999,0.097316204,0.1924199,0.215026906,3.707111257,1.750309598,0.661441868,,
CPV,TX.VAL.MRCH.OR.ZS,,,,,,,,,,,,,,,,,,,,,,,16.21621622,35.48387097,23.07692308,38.7755102,,0.515697724,9.286683256,52.67755339,0.665260178,0.578372073,0.555239294,23.26287719,10.89206472,5.011630384,4.51212682,0.124285711,,,0.594846699,0.30522033,0.60103573,0.143168305,1.31522094,12.61692896,14.8352269,14.52310469,3.399815376,0.417926724,2.700605185,1.706339032,10.45577804,6.062954078,7.255613398,2.328741706,1.419660357,
CPV,TX.VAL.MRCH.HI.ZS,,,,,,,,,,,81.25,75,83.33333333,89.47368421,94.73684211,95.65217391,73.33333333,55.55555556,70,62.5,81.57894737,82.75862069,75.67567568,58.06451613,46.15384615,26.53061224,59.71181406,59.27918981,48.05978046,40.67603707,93.10575007,82.17420917,85.27595465,68.32918555,76.37253856,88.07859336,87.06017812,99.30738355,99.8210305,99.75458041,96.55169286,97.86772415,93.47900138,98.42217674,97.83346283,86.83888597,80.502328,84.59017112,89.34726156,97.49117043,94.89863683,94.3724449,87.64409729,89.30962067,91.19730487,95.92126496,97.77627148,
CPV,TX.VAL.MRCH.CD.WT,10660200,967270,771826,838817,957774,973913,1147830,1078260,1426090,1565220,1660210,1609370,1774270,1949770,2070850,2444040,1570430,2179280,2109880,2447310,5000000,3000000,4000000,3000000,3000000,6000000,4000000,8000000,3000000,7000000,6000000,6000000,5000000,4000000,5000000,8000000,13000000,14000000,10000000,11000000,11000000,10000000,10540421,12742000,15094000,17615256.38,20651000,19219000,31982000,35120304.78,44497000,68547000,56358000,68913000,80606000,66824000,59712000,
CPV,TX.VAL.MRCH.AL.ZS,,,,,,,,,,,,,,,,,,,,,,,16.21621622,35.48387097,23.07692308,38.7755102,,,9.285298857,52.67755339,0.005720768,0.008208688,0.007362323,1.071360477,9.16968716,4.626125185,2.295594698,,,,0.063473448,0.581946471,1.446433643,0.670762243,,12.46145923,8.551553488,6.669511195,2.496322297,0.005000554,0.000486259,0.201915907,0.232912896,0.641519652,2.701149794,0.785248448,0.303597449,
CPV,TX.VAL.MMTL.ZS.UN,,,,,,,,,,,,,,,,,,,18.13899272,24.48257017,10.21315737,,,,8.660477677,,,,,,,,,,,0.41520378,0.045554428,0,0.172889638,0,0,,0.041923266,0.014635779,0.092899291,0.024661506,0.252610585,0,,0.665352818,0.886651706,0.942327818,8.96489E-05,0.195295232,0.001327261,0.000752104,,
CPV,TX.VAL.MANF.ZS.UN,,,,,,,,,,,,,,,,,,,14.65767927,1.218002542,4.678489022,,,,2.913259737,,,,,,,,,,,76.66214616,76.29883737,77.55142954,84.36033363,83.12194704,89.80712635,95.68318683,93.82580516,87.68466637,89.52451592,55.80952467,37.62241321,58.81468284,,26.65807417,17.50440301,15.30683303,12.87731578,13.62926541,13.93671779,13.85445891,,
CPV,TX.VAL.INSF.ZS.WT,,,,,,,,,,,,,,,,,,1.748466258,0.096269555,0.176067819,0.019757965,0,0.009997501,0.006665833,0.034251675,0.025068168,0.011448197,0,0,0,0,0,0,0,0,0,0,0,0.228946228,3.048775986,1.074974427,2.051631788,0.312684297,0.686033376,0.799528402,1.498027501,1.458804606,1.275686349,1.552570096,1.86860477,1.326984034,2.031258666,1.000549285,1.216096376,1.373052845,1.187970918,1.201599365,
CPV,TX.VAL.ICTG.ZS.UN,,,,,,,,,,,,,,,,,,,,,,,,,,,,,,,,,,,,,,,,,1.690041939,,,,,0.547057174,1.36142845,0.325210643,,0.205442192,0.54485134,0.183559134,0.167857799,0.101544759,0.268620024,0.348291997,,
CPV,TX.VAL.FUEL.ZS.UN,,,,,,,,,,,,,,,,,,,0,1.318838992,,,,,2.766789191,,,,,,,,,,,0,0,0,0,0,0,,,,,0,0,0,,0,0,0.000589382,0,0,0,0,,
CPV,TX.VAL.FOOD.ZS.UN,,,,,,,,,,,,,,,,,,,65.09822202,72.34044554,83.7871403,,,,84.25240699,,,,,,,,,,,21.98598,23.3318739,22.14163771,15.46284996,16.87807842,10.16097816,3.471313977,6.131875898,6.398571407,10.38258478,44.16582514,62.12497136,40.81950336,,72.63372902,81.60894314,83.7497871,87.08980998,86.15272816,86.06173022,86.13989659,,
CPV,TX.VAL.AGRI.ZS.UN,,,,,,,,,,,,,,,,,,,2.312254254,0.640142753,1.321213301,,,,1.405956494,,,,,,,,,,,0.936658436,0.323742253,0.306947077,0.003926775,0,0.031904494,,0.00039568,5.902126441,,0,0,0,,0.042841146,0,0.000467085,0.032784596,0.022709756,0.000224728,0.00489091,,
CPV,TX.QTY.MRCH.XD.WD,,,,,,,,,,,,,,,,,,,,,50.93100927,18.32682279,32.03287536,53.82146533,38.7353088,108.7495077,61.15075622,83.66194858,33.27255687,72.43536685,51.97867135,37.47798749,36.87366983,34.1467048,36.13799005,62.1687023,96.10233392,111.0740974,83.17886278,92.06710186,100,92.54936801,98.94679053,117.4841795,136.9081552,131.0864885,139.016579,121.760846,186.3375508,206.7154881,235.7042503,320.6666344,261.0824322,347.2761564,409.8613046,366.9092346,332.0295933,
CPV,TT.PRI.MRCH.XD.WD,,,,,,,,,,,,,,,,,,,,,100,218.0555556,135.7142857,100,100,100,100,100,100,100,100,100,100,100,100,100,100,100,100,100,100,99.48017291,98.91764078,93.31201702,87.54271419,98.79846776,101.2703395,97.66748628,95.37853286,104.7200669,108.5709209,105.5764931,108.5516017,100.9242506,101.190385,109.65213,113.2171985,
CPV,TM.VAL.TRVL.ZS.WT,,,,,,,,,,,,,,,,,,52.36947791,23.47560976,23.59824476,23.65878041,8.755980861,9.706362153,10.59670782,12.21821461,15.26843508,19.12419094,28.97045844,28.22608763,18.58648386,17.21772786,39.02435066,32.88350175,37.34312007,38.94030693,29.68477506,27.81366702,25.73169912,26.95991249,34.92723385,37.17694655,40.03033358,40.5960502,38.64390509,39.48098974,32.47103099,32.82313933,36.60376497,37.21235833,43.05129184,43.49110111,40.6604058,35.03843834,34.79939327,29.65398815,36.40300356,21.5286174,
CPV,TM.VAL.TRAN.ZS.WT,,,,,,,,,,,,,,,,,,30.61044177,40.70121951,38.70794734,47.03098967,23.49760766,36.75367047,27.50114312,52.36136159,39.67381647,31.26719256,33.25372514,33.88796343,45.98875212,49.6765832,32.71151646,39.069863,29.96542946,40.1626209,46.22090319,58.1189916,55.52508477,45.11691492,39.02277315,45.56936111,42.47589137,46.65635024,47.837138,46.28482008,47.31128883,50.69841707,44.95546728,45.24116922,40.09259675,34.32944325,34.68281942,27.26284922,24.59703844,25.50163094,24.61731226,26.97282325,
CPV,TM.VAL.SERV.CD.WT,,,,,,,,,,,,,,,,,,3656764.439,4619620.712,5479122.699,7469835.034,17168204.59,12618938.7,12203247.97,10452659.95,8598555.812,12337650.86,15947653.49,14327123.88,23327195.57,24128770.93,17258629.95,22900254.96,25104381.71,29871231.01,54540379.94,63968230.78,67038457.41,88347765.73,117068121.7,100801429.4,118077827.1,138742060.1,187979016.2,197015012.2,207070700.4,250914731.3,291989182.9,356609070.6,312163820.7,297398168.9,325916970.9,363321256.6,343808166.2,369688936.8,277048983.6,313551342.3,
CPV,TM.VAL.OTHR.ZS.WT,,,,,,,,,,,,,,,,,,16.46586345,34.26829268,37.54266212,28.29056981,67.21291866,53.01794454,61.69410151,32.98016231,43.79997462,48.74595469,37.77581642,37.88594894,35.42476402,33.10568894,28.26413288,28.04663525,32.69145048,20.89707217,24.09432175,14.06734138,18.74321611,25.16664459,20.65742753,13.93848603,12.02244531,8.900274149,9.723201841,9.25690747,14.72545969,11.53233401,13.43517645,12.2694311,11.30191411,16.01260999,17.61064384,32.04970349,35.87135214,38.21101583,33.9390773,46.13664601,
CPV,TM.VAL.MRCH.XD.WD,,,,,,,,,,,,,,,,,,,,,29.49043949,30.81012075,38.18124087,41.26261396,42.37068516,37.43906152,46.54116501,43.70302387,46.18362447,48.59115109,58.9794001,63.76661563,78.23221867,66.99187487,90.89489526,109.7658153,101.7816132,102.2165774,99.23707287,107.0947004,100,101.7816132,120.0501079,152.6724198,187.6074361,190.6034693,235.8110342,326.1700536,358.9772253,308.4839759,322.899993,412.1146218,333.0346579,315.2920349,335.6200849,262.7435799,289.6504628,
CPV,TM.VAL.MRCH.WR.ZS,,,,,,,,,,,18.18181818,23.76237624,21.81069959,15.04424779,20.57142857,12.46819338,4,1.347708895,0.764818356,6.066176471,6.881405564,2.253521127,0.972222222,2.01511335,1.418439716,1.10701107,3.543825905,2.881612734,1.82431207,2.95073731,4.049764261,7.82637251,10.85931773,8.208205968,2.032114766,3.291094687,3.016472822,3.53816706,2.540822885,3.511033028,1.841785079,2.251582583,2.369584267,5.449448713,2.698225244,3.169541196,1.862192751,2.238664891,1.948186068,2.326495393,1.487246541,1.012341371,1.55863061,1.440902275,0.982187215,1.367882834,2.207800868,
CPV,TM.VAL.MRCH.WL.CD,,,,,,,,,,,16500000,20200000,24300000,33900000,35000000,39300000,30000000,37100000,52300000,54400000,68300000,71000000,72000000,79400000,70500000,81300000,80557823,100483662,106181011,111650603,144505794,151522458,183973547,189334150,228213341,260490986,340150653,233573058,230216519,262078822,237467501,231016310,269146284,350189900,425354667,432194067,540691236,745940675,826125916,708174753,742521209,946563805,754759975,726370496,768744480,606296080,672160167,
CPV,TM.VAL.MRCH.RS.ZS,,,,,,,,,,,7.272727273,7.425742574,6.995884774,5.899705015,9.428571429,11.45038168,20,29.64959569,8.221797323,10.11029412,7.027818448,10,12.63888889,11.58690176,11.63120567,5.535055351,9.655686698,15.19257429,9.60377275,8.936058321,7.360319407,11.83069509,8.011835528,7.725589916,9.743961025,7.78701187,5.848782833,2.322505449,1.737000897,1.482914938,1.495706143,2.972312648,0.003268111,1.286427735,1.101027534,0.031678362,1.141040503,0.827778831,0.900231049,1.096842971,1.000767239,0.926352661,1.122191727,1.209768713,1.495884692,2.093793679,2.323827083,
CPV,TM.VAL.MRCH.R6.ZS,,,,,,,,,,,18.18181818,23.76237624,21.81069959,15.04424779,20.57142857,12.46819338,4,1.347708895,0.764818356,6.066176471,6.881405564,2.253521127,0.972222222,2.01511335,1.418439716,1.10701107,3.543825905,2.881612734,1.82431207,2.95073731,4.049764261,7.82637251,10.85931773,8.208205968,2.032114766,3.291094687,3.016472822,3.53816706,2.540822885,3.511033028,1.841785079,2.251582583,2.369584267,5.449448713,2.698225244,3.169541196,1.862192751,2.238664891,1.948186068,2.326495393,1.487246541,1.012341371,1.55863061,1.440902275,0.982187215,1.367882834,2.207800868,
CPV,TM.VAL.MRCH.R5.ZS,,,,,,,,,,,,,,,,,,,,,,,,,0.141843972,,,,,,,0.005081755,,,0.002842516,0.004145249,0.003778032,0.527836562,1.385141263,0.593601951,0.104730121,1.011237691,0.124910511,0.048275521,0.051369132,0.058627135,0.060155035,0.04254534,0.036559802,0.079290457,0.140831667,0.079093348,0.097246148,0.112287463,0.204153921,0.319678795,0.23681558,
CPV,TM.VAL.MRCH.R4.ZS,,,,,,,,,,,,,,,,,,,,,,,,4.0302267,4.539007092,3.07503075,,,,,0.001473989,,,,0.003142673,0.140985685,0.018996877,0.037035093,0.310591961,0.064988845,0.159906092,0.118445317,0.138729019,0.396593677,0.775572071,0.711376031,0.070580763,0.305476974,0.635604077,0.454953525,0.479308194,0.73672667,0.567195021,0.579373615,0.843174315,0.890448112,1.00872535,
CPV,TM.VAL.MRCH.R3.ZS,,,,,,,,,,,,,,,0.285714286,,,4.312668464,1.7208413,5.330882353,3.953147877,0.985915493,3.194444444,1.133501259,2.695035461,13.40713407,4.226879368,5.549668363,6.142024773,8.267576486,4.420212383,4.655005663,7.535473021,7.750222556,4.988431855,5.871880726,4.011464885,3.956089833,3.186399061,3.018637652,2.895231967,2.608521017,4.035660399,3.72551093,5.424010077,8.70543371,7.346791543,7.044880479,7.092609597,5.366023406,5.012690621,4.803011774,5.386397974,5.196548347,4.523117226,5.077290125,4.188392794,
CPV,TM.VAL.MRCH.R2.ZS,,,,,,,,,,,,,,,,,,0.269541779,,,,,,,0.283687943,,,,2.745615221,4.200406334,2.112378276,2.03452349,2.237841291,0.464786728,0.392352172,0.762898183,0.999480662,2.135757884,1.727538066,2.325719779,3.198075934,2.691870977,2.890910803,3.166898588,1.881475536,1.263135803,0.891100628,0.721499334,1.488601527,0.801040841,0.572047094,0.883483391,0.883175078,1.382822273,0.799522749,1.44397305,2.595339006,
CPV,TM.VAL.MRCH.R1.ZS,,,,,,,,,,,,,,,,,,0.269541779,0.382409178,2.205882353,0.439238653,,0.138888889,0.377833753,0.141843972,0.73800738,0.009292704,0.020489898,0.016988913,0.586930999,0.824160725,0.233053901,0.335679238,1.672008985,0.400849046,0.85682581,0.598859941,2.724163932,1.999010332,3.366848925,4.401859604,2.92940572,3.54162014,3.304919988,3.132910494,2.859905293,3.468610503,3.656264354,3.331640549,4.49298028,6.527736503,4.61792536,4.520884802,6.437349295,6.146886544,8.585581322,6.91242583,
CPV,TM.VAL.MRCH.OR.ZS,,,,,,,,,,,,,,,0.285714286,,,4.851752022,2.103250478,7.536764706,4.39238653,0.985915493,3.333333333,5.541561713,7.80141844,17.2201722,4.236172072,5.570158261,8.904628908,13.05491382,7.358225373,6.927664809,10.10899355,9.887018269,5.787618262,7.636735653,5.632580397,9.380883304,8.608680683,9.369797152,10.75980372,9.359480722,10.73183087,10.6421987,11.26533731,13.59847797,11.83723847,11.77066648,12.58501555,11.19428851,12.73261408,11.12024054,11.45489902,13.70838099,12.51685476,16.3169714,14.94169856,
CPV,TM.VAL.MRCH.HI.ZS,,,,,,,,,,,74.54545455,68.81188119,71.19341564,79.0560472,69.71428571,76.08142494,76,64.1509434,88.91013384,76.28676471,81.69838946,86.76056338,83.05555556,80.85642317,79.14893617,76.13776138,82.56431532,76.35565471,79.66728627,75.05829055,81.23169096,73.41526759,71.0198532,74.17918585,82.43630595,81.28515779,85.50216395,84.75844419,87.11349554,85.63625488,85.90270506,85.41662405,86.89531675,82.62192485,84.93540991,83.20030247,85.15952827,85.1628898,84.56656733,85.38237313,84.77937214,86.94106543,85.86427864,83.64094802,85.00507334,80.22135208,80.52667349,
CPV,TM.VAL.MRCH.CD.WT,12131500,6452870,6858780,3968700,6820870,5725220,5634780,7060870,7394780,11290400,16327000,20222000,24281600,33983000,34293500,39818600,30100500,37691500,53431800,53025400,68000000,71000000,72000000,87000000,83000000,84000000,107000000,100000000,106000000,112000000,136000000,147000000,180000000,154000000,209000000,252000000,234000000,235000000,228000000,246000000,230000000,234000000,276000000,351000000,431317000,438205438.8,542139000,749878000,825303000,709217000,742360000,947468000,765660000,724869000,771604000,604058000,665918000,
CPV,TM.VAL.MRCH.AL.ZS,,,,,,,,,,,,,,,,,,,,,,,,4.156171285,4.822695035,3.07503075,,,0.514884907,0.158506085,0.001473989,,,,0.003142673,0.140985685,0.018996877,0.037067203,0.310583273,0.537017829,0.172946192,0.169937785,0.182017003,3.5198528,4.955262663,6.395683817,5.652361822,0.469353679,0.65939936,0.473697203,0.506506475,0.771934122,0.639953516,0.681828492,0.921036207,1.010732413,1.128647214,
CPV,TM.VAL.MMTL.ZS.UN,,,,,,,,,,,,,,,,,,,,0.013689542,,,,,,,,,,,,,,,,0.185884199,0.268153776,0.288177759,0.766560351,0.363955939,0.276904467,0.419633457,0.454502656,0.566700004,0.317595128,0.50343467,0.571618773,0.890345101,1.297956005,1.2351783,1.140470463,0.597436505,0.764864858,0.453959918,0.467879783,0.563992128,,
CPV,TM.VAL.MANF.ZS.UN,,,,,,,,,,,,,,,,,,,26.53043048,44.17280858,40.13046726,,,,,,,,,,,,,,,51.64022023,49.34738314,56.67406197,57.90843877,59.75985811,60.55614038,57.67346423,61.33866703,53.01805545,59.96312963,58.29456807,59.93198857,59.88364292,58.16063331,56.45623757,57.83134025,53.73792134,55.41435106,44.90414702,54.31137175,52.40061122,,
CPV,TM.VAL.INSF.ZS.WT,,,,,,,,,,,,,,,,,,0.554216867,1.554878049,0.151145783,1.019660113,0.533492823,0.522022838,0.208047554,2.440261497,1.257773829,0.862661812,0,0,0,0,0,0,0,0,0,0,0,2.756528002,5.39256547,3.315206306,5.471329748,3.847325414,3.795755069,4.977282714,5.492220492,4.946109603,5.005591303,5.277041348,5.5541973,6.166845647,7.046130941,5.649008948,4.73221616,6.633365089,5.040606881,5.361913337,
CPV,TM.VAL.ICTG.ZS.UN,,,,,,,,,,,,,,,,,,,,,,,,,,,,,,,,,,,,,,,,,6.403521484,4.503860975,3.769886923,3.076186271,3.764175265,3.850862459,3.988083641,3.068183736,2.779938606,3.574692382,7.549912938,3.324689242,3.665882056,3.892508949,4.406492204,4.534050667,,
CPV,TM.VAL.FUEL.ZS.UN,,,,,,,,,,,,,,,,,,,4.602540712,8.554068373,9.931454126,,,,,,,,,,,,,,,14.23561086,20.29403587,5.86745034,4.447198357,5.498937899,6.011493112,5.60057052,6.233524954,13.14414562,7.648376315,8.880412251,8.91397383,11.05487471,11.18638452,11.58775165,11.93736613,19.25429642,14.59790242,21.24768477,15.41627862,12.8368057,,
CPV,TM.VAL.FOOD.ZS.UN,,,,,,,,,,,,,,,,,,,41.30691302,45.19454507,46.43006033,,,,,,,,,,,,,,,31.14827297,27.8873419,34.74737995,34.42185694,31.81851397,31.00029689,33.74094959,29.8186393,30.76455537,30.20693301,30.50574503,29.1713985,25.68639851,27.6558622,29.44350517,27.7454705,25.39526335,27.93838371,32.14375919,28.44166858,32.46402295,,
CPV,TM.VAL.AGRI.ZS.UN,,,,,,,,,,,,,,,,,,,1.006115493,1.470284342,2.096814689,,,,,,,,,,,,,,,2.603528915,2.185699277,2.419878189,2.415862475,2.464264043,2.153645728,2.453800341,2.153287829,2.504670597,1.862640297,1.806920315,1.410603754,1.43500025,1.687534287,1.271331566,1.308981635,1.014640365,1.083138458,1.194337348,1.359209298,1.662315426,,
CPV,TM.TAX.TCOM.WM.FN.ZS,,,,,,,,,,,,,,,,,,,,,,,,,,,,,,,,,,,,,,,,,,,,,,14.13,13.76,12.25,12.65,12.13,12.2,10.83,11.55,10.6,,11.46,,
CPV,TM.TAX.TCOM.WM.AR.ZS,,,,,,,,,,,,,,,,,,,,,,,,,,,,,,,,,,,,,,,,,,,,,,14.13,13.76,12.25,12.65,12.13,12.2,10.83,11.55,10.6,,11.46,,
CPV,TM.TAX.TCOM.SR.ZS,,,,,,,,,,,,,,,,,,,,,,,,,,,,,,,,,,,,,,,,,,,,,,0,0,0,0,0,0,0.254741,0,0,,0,,
CPV,TM.TAX.TCOM.SM.FN.ZS,,,,,,,,,,,,,,,,,,,,,,,,,,,,,,,,,,,,,,,,,,,,,,9.48,9.45,9.91,9.91,9.84,9.91,9.94,9.92,10.84,,10.84,,
CPV,TM.TAX.TCOM.SM.AR.ZS,,,,,,,,,,,,,,,,,,,,,,,,,,,,,,,,,,,,,,,,,,,,,,15.59,15.48,15.8,15.82,16.15,16.22,16.43,16.3,16.62,,16.48,,
CPV,TM.TAX.TCOM.IP.ZS,,,,,,,,,,,,,,,,,,,,,,,,,,,,,,,,,,,,,,,,,,,,,,40.23579,41.33217,43.29664,45.47677,46.81856,45.3066,47.49505,46.66476,44.65731,,44.24161,,
CPV,TM.TAX.TCOM.BR.ZS,,,,,,,,,,,,,,,,,,,,,,,,,,,,,,,,,,,,,,,,,,,,,,,,,16.1,16.1,16.1,16.1,16.1,17.01,,17.01,,
CPV,TM.TAX.TCOM.BC.ZS,,,,,,,,,,,,,,,,,,,,,,,,,,,,,,,,,,,,,,,,,,,,,,,,,99.91,99.91,99.91,99.91,99.91,99.92,,99.92,,
CPV,TM.TAX.MRCH.WM.FN.ZS,,,,,,,,,,,,,,,,,,,,,,,,,,,,,,,,,,,,,,,,,,,,,,13.75,13.19,11.16,12.23,11.93,11.05,10.3,10.6,10.89,,10.89,,
CPV,TM.TAX.MRCH.WM.AR.ZS,,,,,,,,,,,,,,,,,,,,,,,,,,,,,,,,,,,,,,,,,,,,,,13.75,13.19,11.16,12.23,11.93,11.05,10.3,10.6,10.89,,10.89,,
CPV,TM.TAX.MRCH.SR.ZS,,,,,,,,,,,,,,,,,,,,,,,,,,,,,,,,,,,,,,,,,,,,,,0,0,0.0687685,0.025565,0,0.0096989,0.0469881,0,0,,0,,
CPV,TM.TAX.MRCH.SM.FN.ZS,,,,,,,,,,,,,,,,,,,,,,,,,,,,,,,,,,,,,,,,,,,,,,10.42,10.41,10.43,10.43,10.42,10.17,10.16,10.12,10.31,,10.27,,
CPV,TM.TAX.MRCH.SM.AR.ZS,,,,,,,,,,,,,,,,,,,,,,,,,,,,,,,,,,,,,,,,,,,,,,15.42,15.26,15.21,15.27,15.48,14.87,15.02,14.78,15.13,,14.82,,
CPV,TM.TAX.MRCH.IP.ZS,,,,,,,,,,,,,,,,,,,,,,,,,,,,,,,,,,,,,,,,,,,,,,46.33845,46.54277,46.2336,46.83506,47.39524,44.44983,44.35204,43.6633,43.80984,,43.47313,,
CPV,TM.TAX.MRCH.BR.ZS,,,,,,,,,,,,,,,,,,,,,,,,,,,,,,,,,,,,,,,,,,,,,,,,,15.76,15.76,15.76,15.76,15.76,15.96,,15.96,,
CPV,TM.TAX.MRCH.BC.ZS,,,,,,,,,,,,,,,,,,,,,,,,,,,,,,,,,,,,,,,,,,,,,,,,,99.98,99.98,99.98,99.98,99.98,99.98,,99.98,,
CPV,TM.TAX.MANF.WM.FN.ZS,,,,,,,,,,,,,,,,,,,,,,,,,,,,,,,,,,,,,,,,,,,,,,13.48,12.8,10.45,11.92,11.78,10.22,9.85,9.79,11.22,,10.4,,
CPV,TM.TAX.MANF.WM.AR.ZS,,,,,,,,,,,,,,,,,,,,,,,,,,,,,,,,,,,,,,,,,,,,,,13.48,12.8,10.45,11.92,11.78,10.22,9.85,9.79,11.22,,10.4,,
CPV,TM.TAX.MANF.SR.ZS,,,,,,,,,,,,,,,,,,,,,,,,,,,,,,,,,,,,,,,,,,,,,,0,0,0.0846961,0.0315119,0,0.0116516,0.0056367,0,0,,0,,
CPV,TM.TAX.MANF.SM.FN.ZS,,,,,,,,,,,,,,,,,,,,,,,,,,,,,,,,,,,,,,,,,,,,,,10.66,10.66,10.58,10.58,10.58,10.24,10.22,10.17,10.13,,10.07,,
CPV,TM.TAX.MANF.SM.AR.ZS,,,,,,,,,,,,,,,,,,,,,,,,,,,,,,,,,,,,,,,,,,,,,,15.38,15.22,15.09,15.15,15.34,14.6,14.74,14.48,14.83,,14.49,,
CPV,TM.TAX.MANF.IP.ZS,,,,,,,,,,,,,,,,,,,,,,,,,,,,,,,,,,,,,,,,,,,,,,47.80384,47.77924,46.92814,47.15447,47.53731,44.27614,43.72358,43.08327,43.6345,,43.31712,,
CPV,TM.TAX.MANF.BR.ZS,,,,,,,,,,,,,,,,,,,,,,,,,,,,,,,,,,,,,,,,,,,,,,,,,15.6,15.6,15.6,15.6,15.6,15.55,,15.55,,
CPV,TM.TAX.MANF.BC.ZS,,,,,,,,,,,,,,,,,,,,,,,,,,,,,,,,,,,,,,,,,,,,,,,,,100,100,100,100,100,100,,100,,
CPV,TM.QTY.MRCH.XD.WD,,,,,,,,,,,,,,,,,,,,,37.80825575,42.79183437,54.54462981,66.55260316,73.05290544,66.855467,62.89346623,49.66252713,49.65981126,54.59679898,57.82294127,61.31405349,69.23205192,62.60922885,80.43796041,87.11400038,82.20471827,86.0508968,84.09921429,91.53393196,100,103.079429,122.6281257,144.4882858,163.8655703,154.1519341,176.8335169,222.0054573,219.4345373,209.1576318,204.27298,223.8944158,184.221549,176.3904335,189.9544291,174.0075309,200.5831706,
CPV,TG.VAL.TOTL.GD.ZS,,,,,,,,,,,,,,,,,,,,,51.31922914,53.05872257,54.04223141,64.99309947,65.14210654,65.34611595,58.22150364,45.90798889,41.23974384,44.49454537,46.27048378,47.83835385,51.79737082,32.21745463,52.63408349,53.37176171,49.20523885,50.75328288,45.60168312,43.38162626,44.69358469,43.33737707,46.1436576,44.68773507,48.29623171,46.89623868,50.7983157,50.80122258,47.91084953,43.48228963,47.27824962,54.4831553,46.92182014,42.88508257,45.86405666,42.61492913,44.86210875,
CPV,ST.INT.XPND.MP.ZS,,,,,,,,,,,,,,,,,,,,,,,,,,,,,,,,,,,,6.799654532,8.647147791,8.710613555,10.54990827,13.44253904,12.55103462,15.99460195,15.29403799,16.4788212,14.72430443,12.77362422,13.19099002,11.9086875,12.09509251,13.50786641,12.3934342,10.33366802,11.26733918,10.96162289,9.31209676,12.03586736,7.432096365,
CPV,ST.INT.XPND.CD,,,,,,,,,,,,,,,,,,,,,,,,,,,,,,,,,,,,20000000,24000000,25000000,32000000,47000000,41000000,55000000,63000000,89000000,93000000,82000000,106000000,123000000,143000000,145000000,138000000,142000000,135000000,127000000,115000000,109000000,75000000,
CPV,ST.INT.TVLX.CD,,,,,,,,,,,,,,,,,,,,,,,,,,,,,,,,,,,,16000000,18000000,17000000,24000000,41000000,36000000,47000000,56000000,73000000,78000000,67000000,82000000,107000000,133000000,136000000,129000000,132000000,127000000,120000000,110000000,101000000,67000000,
CPV,ST.INT.TVLR.CD,,,,,,,,,,,,,,,,,,,,,,,,,,,,,,,,,,,,10000000,11000000,15000000,20000000,29000000,41000000,54000000,65000000,87000000,99000000,122000000,209000000,304000000,352000000,286000000,278000000,368000000,394000000,422000000,405000000,347000000,370000000,
CPV,ST.INT.TRNX.CD,,,,,,,,,,,,,,,,,,,,,,,,,,,,,,,,,,,,4000000,6000000,8000000,8000000,6000000,5000000,8000000,7000000,16000000,15000000,15000000,24000000,16000000,10000000,9000000,9000000,10000000,8000000,7000000,5000000,8000000,8000000,
CPV,ST.INT.TRNR.CD,,,,,,,,,,,,,,,,,,,,,,,,,,,,,,,,,,,,19000000,26000000,35000000,25000000,27000000,23000000,23000000,35000000,48000000,54000000,55000000,71000000,71000000,80000000,63000000,109000000,70000000,58000000,61000000,48000000,33000000,32000000,
CPV,ST.INT.RCPT.XP.ZS,,,,,,,,,,,,,,,,,,,,,,,,,,,,,,,,,,,,34.73797307,36.49069747,37.16221247,39.80433362,45.11708228,45.48867908,48.07516332,53.59420881,54.92314514,53.57154835,50.01568251,59.30334758,66.28900171,60.83666492,62.04750547,61.46656151,55.98522007,58.60952294,57.4129478,50.67651983,57.5770253,54.70539629,
CPV,ST.INT.RCPT.CD,,,,,,,,,,,,,,,,,,,,,,,,,,,,,,,,,,,,29000000,37000000,50000000,45000000,56000000,64000000,77000000,100000000,135000000,153000000,177000000,280000000,375000000,432000000,349000000,387000000,438000000,452000000,483000000,453000000,380000000,402000000,
CPV,ST.INT.DPRT,,,,,,,,,,,,,,,,,,,,,,,,,,,,,,,,,,,,,,,,,,,,,,,,,,,,,,,,,,
CPV,ST.INT.ARVL,,,,,,,,,,,,,,,,,,,,,,,,,,,,,,,,,,,,28000,37000,45000,52000,67000,115000,134000,126000,150000,157000,198000,242000,267000,285000,287000,336000,428000,482000,503000,494000,520000,598000,
CPV,NY.EXP.CAPM.KN,,,,,,,,,,,,,,,,,,,,,,,,,,,,,,,,,,,,,,,,,,,,,,,,43931780465,47086281851,40851088880,42885926601,46909971965,53237420144,54478089893,,,,
CPV,NE.TRD.GNFS.ZS,,,,,,,,,,,,,,,,,,,,,84.05058205,92.16438745,102.1159219,102.436767,100.473455,101.8212851,93.05252412,83.83261889,76.20162485,81.43779264,85.95158403,80.95396931,83.93988997,60.306432,71.56344205,77.51555138,75.48996786,85.97934615,81.88141375,80.96901996,87.52060836,92.1637225,101.0897023,98.76838081,101.56717,104.3438399,117.8166972,102.2242419,99.98436952,88.03723519,94.43834597,99.84914998,100.2771418,95.33908878,101.0465562,,,
CPV,NE.RSB.GNFS.ZS,,,,,,,,,,,,,,,,,,,,,-49.90104561,-49.22611207,-56.26106101,-53.18087537,-54.92734328,-56.54432771,-57.83279958,-47.63453683,-42.78630035,-42.98690218,-51.68764509,-47.82582222,-49.37387479,-33.78476985,-41.47084296,-43.241646,-35.09165274,-31.09589355,-36.289108,-39.01712871,-33.50617128,-32.54489673,-35.99978887,-36.03967847,-37.55882386,-28.78911894,-27.55228671,-30.18941544,-26.19245286,-25.88233187,-29.09770988,-28.81067044,-19.41353328,-14.35420309,-20.32431053,,,
CPV,NE.RSB.GNFS.CD,,,,,,,,,,,,,,,,,,,,,-70982678.24,-68654730.39,-79120356.88,-73642876.27,-72514565.04,-77877459.44,-110258931,-112061758.8,-113087674.7,-114967830.7,-158624786.3,-152959920.5,-176344217.7,-165686386.4,-168612423.8,-210651243.3,-176152751.8,-152559146,-189396687,-231143987.6,-180674415.2,-183235704.1,-223549566.6,-293349947.3,-347163153.8,-279823639.9,-305249322.2,-457047836,-468670398.6,-443058204,-484276319.3,-537268320.1,-340103468.9,-265689311,-377650429.1,,,
CPV,NE.IMP.GNFS.ZS,,,,,,,,,,,,,,,,,,,,,66.97581383,70.69524976,79.18849144,77.80882119,77.70039912,79.18280638,75.44266185,65.73357786,59.4939626,62.21234741,68.81961456,64.38989577,66.65688238,47.04560093,56.5171425,60.37859869,55.2908103,58.53761985,59.08526088,59.99307434,60.51338982,62.35430961,68.54474558,67.40402964,69.56299692,66.5664794,72.68449197,66.20682865,63.08841119,56.95978353,61.76802793,64.32991021,59.84533756,54.84664594,60.68543339,,,
CPV,NE.IMP.GNFS.KD.ZG,,,,,,,,,,,,,,,,,,,,,,,,,,,,,,,,,,,,,,,,,,,,,,,,,-0.29977892,-7.004619748,8.292555853,4.782627688,-7.250891557,-6.35733435,,,,
CPV,NE.IMP.GNFS.KD,,,,,,,,,,,,,,,,,,,,,,,,,,,,,,,,,,,,,,,,,,,,,,,,1023863497,1020794170,949291419.8,1028011941,1077177925,999072921.5,935558515.5,,,,
CPV,NE.IMP.GNFS.CD,,,,,,,,,,,,,,,,,,,,,95271002.54,98597331.95,111363376.2,107746729.5,102579340.4,109057018.5,143832346.2,154640326.9,157247386.1,166385998.1,211201277.1,205936309.7,238072377.9,230719808,229787766.7,294133735.8,277548294.9,287190631.1,308372216.2,355408993.1,326304704.5,351069967.2,425645501,548644421.4,642983643.3,647010928.1,805264991.1,1002327714,1128862233,975047361,1028011941,1199639657,1048423623,1015184714,1127609221,,,
CPV,NE.EXP.GNFS.ZS,,,,,,,,,,,,,,,,,,,,,17.07476822,21.46913769,22.92743044,24.62794582,22.77305584,22.63847867,17.60986227,18.09904103,16.70766225,19.22544523,17.13196947,16.56407354,17.28300759,13.26083108,15.04629954,17.13695269,20.19915756,27.4417263,22.79615288,20.97594563,27.00721854,29.80941288,32.54495671,31.36435117,32.00417307,37.77736046,45.13220526,36.01741321,36.89595833,31.07745166,32.67031804,35.51923977,40.43180428,40.49244284,40.36112285,,,
CPV,NE.EXP.GNFS.KD.ZG,,,,,,,,,,,,,,,,,,,,,,,,,,,,,,,,,,,,,,,,,,,,,,,,,8.051342782,-17.39764331,7.197232113,11.3229656,14.24717307,0.590524296,,,,
CPV,NE.EXP.GNFS.KD,,,,,,,,,,,,,,,,,,,,,,,,,,,,,,,,,,,,,,,,,,,,,,,,568305170.7,614061368.1,507229161.6,543735621.7,605302619,691541130.8,695624849.2,,,,
CPV,NE.EXP.GNFS.CD,,,,,,,,,,,,,,,,,,,,,24288324.3,29942601.56,32243019.35,34103853.2,30064775.4,31179559.04,33573415.15,42578568.1,44159711.38,51418167.41,52576490.8,52976389.2,61728160.19,65033421.61,61175342.83,83482492.55,101395543.1,134631485.1,118975529.2,124265005.5,145630289.3,167834263,202095934.4,255294474.1,295820489.5,367187288.2,500015668.8,545279877.9,660191834.3,531989157,543735621.7,662371336.6,708320154.5,749495403.5,749958791.5,,,
CPV,MS.MIL.XPRT.KD,,,,,,,,,,,,,,,,,,,,,,,,,,,,,,,,,,,,,,,,,,,,,,,,,,,,,,,,,,
CPV,MS.MIL.MPRT.KD,,,,,,,,,,,,,,,,,2000000,,,18000000,,,26000000,,,,,,,,,,3000000,,,,,,9000000,,1000000,,,,,,,,,2000000,,,10000000,,,,,
CPV,LP.LPI.TRAC.XQ,,,,,,,,,,,,,,,,,,,,,,,,,,,,,,,,,,,,,,,,,,,,,,,,,,,,,,,,,,
CPV,LP.LPI.TIME.XQ,,,,,,,,,,,,,,,,,,,,,,,,,,,,,,,,,,,,,,,,,,,,,,,,,,,,,,,,,,
CPV,LP.LPI.OVRL.XQ,,,,,,,,,,,,,,,,,,,,,,,,,,,,,,,,,,,,,,,,,,,,,,,,,,,,,,,,,,
CPV,LP.LPI.LOGS.XQ,,,,,,,,,,,,,,,,,,,,,,,,,,,,,,,,,,,,,,,,,,,,,,,,,,,,,,,,,,
CPV,LP.LPI.ITRN.XQ,,,,,,,,,,,,,,,,,,,,,,,,,,,,,,,,,,,,,,,,,,,,,,,,,,,,,,,,,,
CPV,LP.LPI.INFR.XQ,,,,,,,,,,,,,,,,,,,,,,,,,,,,,,,,,,,,,,,,,,,,,,,,,,,,,,,,,,
CPV,LP.LPI.CUST.XQ,,,,,,,,,,,,,,,,,,,,,,,,,,,,,,,,,,,,,,,,,,,,,,,,,,,,,,,,,,
CPV,LP.IMP.DURS.MD,,,,,,,,,,,,,,,,,,,,,,,,,,,,,,,,,,,,,,,,,,,,,,,,,,,,,,,,,,
CPV,LP.EXP.DURS.MD,,,,,,,,,,,,,,,,,,,,,,,,,,,,,,,,,,,,,,,,,,,,,,,,,,,,,,,,,,
CPV,IC.IMP.TMDC,,,,,,,,,,,,,,,,,,,,,,,,,,,,,,,,,,,,,,,,,,,,,,,,,,,,,,,48,48,48,
CPV,IC.IMP.TMBC,,,,,,,,,,,,,,,,,,,,,,,,,,,,,,,,,,,,,,,,,,,,,,,,,,,,,,,60,60,60,
CPV,IC.IMP.DURS,,,,,,,,,,,,,,,,,,,,,,,,,,,,,,,,,,,,,,,,,,,,,,22,22,21,18,18,18,18,18,18,20,,,
CPV,IC.IMP.DOCS,,,,,,,,,,,,,,,,,,,,,,,,,,,,,,,,,,,,,,,,,,,,,,7,7,7,7,7,7,7,7,7,7,,,
CPV,IC.IMP.CSDC.CD,,,,,,,,,,,,,,,,,,,,,,,,,,,,,,,,,,,,,,,,,,,,,,,,,,,,,,,125,125,125,125
CPV,IC.IMP.CSBC.CD,,,,,,,,,,,,,,,,,,,,,,,,,,,,,,,,,,,,,,,,,,,,,,,,,,,,,,,588,588,588,588
CPV,IC.IMP.COST.CD,,,,,,,,,,,,,,,,,,,,,,,,,,,,,,,,,,,,,,,,,,,,,,1070,1070,820,925,925,925,925,925,925,925,,,
CPV,IC.EXP.TMDC,,,,,,,,,,,,,,,,,,,,,,,,,,,,,,,,,,,,,,,,,,,,,,,,,,,,,,,48,48,48,
CPV,IC.EXP.TMBC,,,,,,,,,,,,,,,,,,,,,,,,,,,,,,,,,,,,,,,,,,,,,,,,,,,,,,,90,90,90,
CPV,IC.EXP.DURS,,,,,,,,,,,,,,,,,,,,,,,,,,,,,,,,,,,,,,,,,,,,,,22,22,21,19,19,19,19,19,19,20,,,
CPV,IC.EXP.DOCS,,,,,,,,,,,,,,,,,,,,,,,,,,,,,,,,,,,,,,,,,,,,,,7,7,7,7,7,7,7,7,7,7,,,
CPV,IC.EXP.CSDC.CD,,,,,,,,,,,,,,,,,,,,,,,,,,,,,,,,,,,,,,,,,,,,,,,,,,,,,,,125,125,125,125
CPV,IC.EXP.CSBC.CD,,,,,,,,,,,,,,,,,,,,,,,,,,,,,,,,,,,,,,,,,,,,,,,,,,,,,,,630,780,780,780
CPV,IC.EXP.COST.CD,,,,,,,,,,,,,,,,,,,,,,,,,,,,,,,,,,,,,,,,,,,,,,1074,1074,824,1125,1125,1125,1125,1125,1125,1125,,,
CPV,IC.CUS.DURS.EX,,,,,,,,,,,,,,,,,,,,,,,,,,,,,,,,,,,,,,,,,,,,,,,,,,,,,,,,,,
CPV,GC.TAX.IMPT.ZS,,,,,,,,,,,,,,,,,,,,,,,,,,,,,,,,,,,,,,,,,,,,,,0.159018067,22.07137896,21.08306472,20.53855418,20.85143114,,,,,,,,
CPV,GC.TAX.EXPT.ZS,,,,,,,,,,,,,,,,,,,,,,,,,,,,,,,,,,,,,,,,,,,,,,0,0,0,0,0,,,,,,,,
CPV,EG.IMP.CONS.ZS,,,,,,,,,,,,,,,,,,,,,,,,,,,,,,,,,,,,,,,,,,,,,,,,,,,,,,,,,,
CPV,BX.GSR.TRVL.ZS,,,,,,,,,,,,,,,,,,46.3190184,4.392298436,3.553961526,4.124475179,1.854038734,1.337165709,1.774778153,3.047902705,3.601899903,2.804750667,10.02445248,11.70653892,12.96723743,15.28328591,22.81798025,17.77421112,20.58776402,17.88476874,14.02358417,13.61600719,15.90930027,22.06716525,26.28457195,38.13965319,40.78004358,42.2903989,42.46984877,40.98508821,44.10270623,54.04087664,61.23232232,57.89647314,58.71694517,54.86883122,62.91369415,65.74834181,64.15398668,63.25071929,68.01521024,63.06588522,
CPV,BX.GSR.TRAN.ZS,,,,,,,,,,,,,,,,,,43.03680982,58.5078219,78.56537333,80.66683132,86.98630137,78.12046988,81.34149898,88.10672623,88.7470314,74.36032342,37.67914097,48.48677008,50.41556595,38.52187118,40.55831565,42.75028345,41.5289342,45.45653907,49.52599708,54.05774076,56.67277382,48.96205421,40.21906373,41.48067562,38.38106008,40.43617919,40.64702043,40.83536005,38.26485199,31.96659827,25.52495061,29.56253993,28.91593609,33.90486179,25.34063043,21.19842972,20.57550711,17.96298381,16.7937065,16.30861075,
CPV,BX.GSR.TOTL.CD,,,,,,,,,,,,,,,,,,3333676.818,8650521.468,14436459.81,22675840.44,26528572.6,33087831.66,38103762.95,32284015.77,32835810.04,38893296.41,51001276.46,48382974.29,57485126.7,63242976.95,53987816.55,56382038.47,53954414.86,65398894.87,87477402.85,104370952,139419883.4,115558677.9,126031301.2,145886863,167692989.6,192996819.6,261979615.8,303367209.1,373107411.9,491212251.5,592421355.2,737776935.1,585130617.1,643510092.1,796639026.5,783764531.8,855136298.4,907869091.4,672364266.5,759119604,
CPV,BX.GSR.NFSV.CD,,,,,,,,,,,,,,,,,,957514.2226,4681591.234,8193305.372,10078427.88,17389994.8,27454254.35,33483603.22,23734088.67,24814565.56,32252825.35,25959820.15,28008880.56,29223852.43,38742086.88,35431578.95,39938496.3,41902307.33,49001821.53,68997787.99,82459366.26,94368797.62,91963307.82,109382810.4,110083008.4,131893076.4,154681879.6,204401225.6,242711488.3,276727035.4,386354183.8,496065365.1,607266059.9,482739425.7,506888083,585704652.6,599122861.4,657148592.1,640346475.7,510669690.4,586053509.5,
CPV,BX.GSR.MRCH.CD,,,,,,,,,,,,,,,,,,1242418.761,3073174.51,4124702.802,9115140.252,6259412.393,3973010.064,3300512.654,6926418.827,6121246.294,4003996.926,20875217.06,15092517.43,20659138.2,18095757.14,12707620.49,10760305.85,7242628.92,12173645.81,14484342.47,18936338.86,40176474.8,21089709.05,14738691.25,30611338.59,28272786.15,31905444.31,41396788.4,42887873.15,77161967.31,85794542.08,69639337.54,102832037.3,79732824.16,122722538.5,196644687.9,172082869.8,184125055.3,253558633.7,149315777.8,148791729.3,
CPV,BX.GSR.INSF.ZS,,,,,,,,,,,,,,,,,,1.748466258,0.096269555,0.176067819,0.019757965,0,0.009997501,0.006665833,0.034251675,0.025068168,0.010058416,0,0,0,0,0,0,0,0,0,0,0,0.199108771,2.778527427,1.004185867,1.906346271,0.295355636,0.642721202,0.739062253,1.410560781,1.379902401,1.217483799,1.484664626,1.812254262,1.275426419,1.974365092,0.96477644,1.172345988,1.320159347,1.139922095,1.166534134,
CPV,BX.GSR.GNFS.CD,,,,,,,,,,,,,,,,,,2199932.984,7754765.745,12318008.17,19193568.13,23649407.19,31427264.41,36784115.88,30660507.49,30935811.86,36256822.28,46835037.2,43101397.99,49882990.63,56837844.01,48139199.44,50698802.15,49144936.25,61175467.34,83482130.46,101395705.1,134545272.4,113053016.9,124121501.6,140694347,160165862.6,186587323.9,245798014,285599361.5,353889002.7,472148725.8,565704702.6,710098097.2,562472249.9,629610621.6,782349340.5,771205731.2,841273647.3,893905109.4,659985468.2,734845238.8,
CPV,BX.GSR.CMCP.ZS,,,,,,,,,,,,,,,,,,8.895705521,37.00361011,17.70459733,15.18893554,11.1596599,20.53236691,16.87705703,8.811119384,7.626000528,22.8248675,52.29640655,39.80669101,36.61719662,46.19484291,36.62370411,39.47550543,37.88330178,36.65869219,36.45041875,32.32625205,27.41792591,28.77167176,30.71783689,19.37548532,18.93255007,16.97806627,16.2404096,17.44048949,16.221881,12.61262268,12.02524327,11.0563223,10.55486447,9.950880574,9.771310331,12.08845203,14.09816022,17.46613756,14.05116116,19.4589699,
CPV,BX.GSR.CCIS.ZS,,,,,,,,,,,,,,,,,,,,,,,,,,,,13.81033383,9.580734495,9.044154431,17.8478232,15.97835667,12.5233755,16.07953568,16.6895933,16.36672569,9.402769865,7.451407204,7.453001051,11.90607655,9.967242128,8.319737008,8.220938652,7.181040167,7.097898595,7.765853261,6.110604897,5.943032967,5.599792533,6.016571319,4.804446116,5.372008439,5.801048899,7.645407388,11.34022882,7.539700607,14.3626594,
CPV,BX.GSR.CCIS.CD,,,,,,,,,,,,,,,,,,,,,,,,,,,,3585137.824,2683456.482,2643050.344,6914619.17,5661384.059,5001647.858,6737696.456,8178204.724,11292678.7,7753464.442,7031803.384,6854026.298,13023201.13,10972239.99,10973157.09,12716302.43,14678134.11,17227415.32,21490215.5,23608577.67,29481328.18,34005639.48,29044361.83,24353164.82,31464103.37,34755410.16,50241687.01,72616755.59,38502965.75,84172869.45,
CPV,BN.GSR.MRCH.CD,,,,,,,,,,,,,,,,,,-43837115.87,-55674880.11,-67122592.37,-70850178.08,-79643218.97,-92736161.94,-101287795.1,-75540261.26,-80614052.64,-81930336.61,-72105153,-86952926.08,-89865507.08,-101733605,-115361605.8,-156875758.8,-144484789.6,-182983972.6,-219130248.1,-186818694.7,-173431617.4,-188700862.2,-213501743.2,-191734023.1,-191933232.1,-236836185.1,-305120261.4,-379205968,-350114685.2,-458799822.1,-661840057.7,-713011258.8,-670568847.7,-682916925.9,-843622401,-653583355.3,-621126608.3,-604704714.1,-473380387.5,-534449647.3,
CPV,BN.GSR.GNFS.CD,,,,,,,,,,,,,,,,,,-46536366.08,-55612909.59,-64408409.69,-68241585.24,-79421428.77,-77900846.3,-80007439.87,-62258832.54,-64398042.89,-66453372.48,-66317321.96,-78070975.13,-88449596.41,-92109341.53,-101217878.4,-143144015.5,-132201291,-168612522.8,-210650459.8,-176152459.7,-152460916.5,-190267155.9,-225514827.1,-185971949.7,-183700150.4,-225337898.5,-294289161.5,-346009421.4,-288058799.9,-331430079.3,-467154712.4,-472199598.6,-510976329.1,-483882198.3,-591799700.5,-426947602.7,-317313920.3,-341047694,-245640996,-274291299.7,
CPV,BM.GSR.TRVL.ZS,,,,,,,,,,,,,,,,,,52.36947791,23.47560976,23.59824476,23.65878041,8.755980861,9.706362153,10.59670782,12.21821461,15.26843508,14.06470807,22.9035833,21.14289445,15.5916086,14.26763962,31.63808358,28.73460045,31.6513723,33.58886566,26.75268383,24.78219074,23.50215456,25.46624804,33.68207538,35.92269711,38.22331402,39.33676701,37.52770855,37.12550338,31.32139148,31.80040141,35.46321164,36.21259435,41.58806861,42.01407457,39.69042414,34.17624166,33.86102415,29.10288883,35.64628878,20.71318532,
CPV,BM.GSR.TRAN.ZS,,,,,,,,,,,,,,,,,,30.61044177,40.70121951,38.70794734,47.03098967,23.49760766,36.75367047,27.50114312,52.36136159,39.67381647,22.99516549,26.28986578,25.38395131,38.57849761,41.16498951,26.52010025,34.1404304,25.39817139,34.64320095,41.65546838,51.78446749,50.71406743,42.6172951,37.6316084,44.03197435,40.55847626,45.20907748,46.45540269,43.5234085,45.63622878,49.11870244,43.55467946,44.02569958,38.72993338,33.16356109,33.85543715,26.59198775,23.93377684,25.02770037,24.10558844,25.95118285,
CPV,BM.GSR.TOTL.CD,,,,,,,,,,,,,,,,,,48880219.92,63626824.79,77551892.72,87527250.63,105426330.1,115460887.5,124985643.4,99038717.37,101309954.7,108038043.6,117541600.1,125705623.2,141945140.6,153067055.7,154008495.7,198244620.6,185192591.6,234352969.9,300700425.1,284924350.5,295467320.1,311387397.7,360106412.5,344962503.6,356527513,430161203.3,569442693.5,667873782.7,694672241.3,862949197.7,1091729737,1258004530,1139113926,1206493605,1460216445,1285327255,1237187990,1341399058,977154267.3,1093520008,
CPV,BM.GSR.NFSV.CD,,,,,,,,,,,,,,,,,,3656764.439,4619620.712,5479122.699,7469835.034,17168204.59,12618938.7,12203247.97,10452659.95,8598555.812,16775861.23,20171989.1,19126929.61,27807941.76,29117823.45,21287851.56,26206752.91,29618808.68,34630371.73,60517999.65,71793131.17,73398096.81,93529601.56,121395894.3,104320935,123659994.7,143183593,193570125.7,209514941.7,214671150,258984441,301380019.8,366454399.6,323146907.2,307853355.5,333881952.2,372487108.9,353335904.1,376689455.6,282930298.9,325895161.9,
CPV,BM.GSR.MRCH.CD,,,,,,,,,,,,,,,,,,45079534.63,58748054.62,71247295.17,79965318.33,85902631.36,96709172.01,104588307.8,82466680.09,86735298.93,85934333.54,92980370.06,102045443.5,110524645.3,119829362.1,128069226.3,167636064.7,151727418.5,195157618.4,233614590.6,205755033.6,213608092.2,209790571.2,228240434.4,222345361.7,220206018.3,268741629.4,346517049.8,422093841.1,427276652.5,544594364.1,731479395.3,815843296.1,750301671.8,805639464.4,1040267089,825666225.1,805251663.5,858263347.8,622696165.4,683241376.6,
CPV,BM.GSR.INSF.ZS,,,,,,,,,,,,,,,,,,0.554216867,1.554878049,0.151145783,1.019660113,0.533492823,0.522022838,0.208047554,2.440261497,1.257773829,0.634436594,0,0,0,0,0,0,0,0,0,0,0,2.603807629,5.200320112,3.203360228,5.224347049,3.727981975,3.686117891,4.68033166,5.297767977,4.791993516,4.849619811,5.135265978,5.365421769,5.957409821,6.878040691,5.510002844,4.604611479,6.510088485,4.935827018,5.15882198,
CPV,BM.GSR.GNFS.CD,,,,,,,,,,,,,,,,,,48736299.07,63367675.33,76726417.87,87435153.36,103070836,109328110.7,116791555.7,92919340.03,95333854.74,102710194.8,113152359.2,121172373.1,138332587,148947185.5,149357077.8,193842817.6,181346227.2,229787990.1,294132590.2,277548164.8,287006189,303320172.8,349636328.7,326666296.7,343866013,411925222.4,540087175.5,631608782.8,641947802.6,803578805.1,1032859415,1182297696,1073448579,1113492820,1374149041,1198153334,1158587568,1234952803,905626464.2,1009136539,
CPV,BM.GSR.CMCP.ZS,,,,,,,,,,,,,,,,,,16.46586345,34.26829268,37.54266212,28.29056981,67.21291866,53.01794454,61.69410151,32.98016231,43.79997462,62.30568985,50.80655092,53.47315424,45.82989379,44.56737088,41.84181616,37.12496914,42.95045631,31.7679334,31.59184779,23.43334177,25.78377801,29.31264923,23.4859961,16.84196831,15.99386267,11.72617353,12.33077087,14.67075645,17.74461176,14.28890263,16.13248909,14.62644009,14.31657624,18.86495452,19.57609802,33.72176775,37.60058753,39.35932231,35.31229576,48.17680985,
CPV,BG.GSR.NFSV.GD.ZS,,,,,,,,,,,,,,,,,,,,,12.33648391,24.77856641,28.49532595,32.99255627,25.89531187,24.26019671,25.71643112,19.60943136,17.83365814,21.32440129,22.11204845,17.73440645,18.51972974,14.58372348,20.56964412,26.58648368,30.72887036,34.19566527,35.54112973,38.95546892,39.76133114,45.38934346,47.96741183,48.89300195,48.92539038,50.55656058,58.24928515,52.6737206,54.41804584,47.0778271,48.95368422,49.31224421,55.46071774,54.59271066,54.7346236,50.41006809,56.38126934,
