CRI,TX.VAL.TRVL.ZS.WT,,,,,,,,,,,,,,,,,,50.6916192,53.55029586,50.03389831,46.39344262,58.36385836,56.9897084,50.32184778,47.11613406,47.55434783,48.21927374,45.61790668,44.49620005,45.07191201,48.87669353,51.39664804,54.44870684,58.47347995,54.50636395,61.2444924,54.45690356,53.06010991,43.91226392,30.76740947,63.84225511,57.48319067,57.95457849,59.48860961,59.29566097,59.1399158,53.75819663,55.26922442,56.00159615,49.16878111,45.01322037,42.08801548,40.93332117,42.29804471,42.35536374,42.5933234,45.00431481,
CRI,TX.VAL.TRAN.ZS.WT,,,,,,,,,,,,,,,,,,28.64117168,20.85798817,22.23728814,26.39344262,20.32967033,24.39965695,22.18856494,23.53858145,19.21583851,18.95949721,17.96973518,17.84751165,17.00507614,16.29223118,15.89913936,16.52023264,14.70793114,14.83488132,12.05826814,11.44329739,13.19175583,9.719131099,6.964520229,12.72256222,12.41371911,11.34689592,10.57793259,9.276062606,8.87200332,8.874701282,9.052659649,9.713085109,9.707189644,8.178467987,8.411278346,8.744473562,7.808309601,6.168343184,6.468460192,4.962819742,
CRI,TX.VAL.TECH.MF.ZS,,,,,,,,,,,,,,,,,,,,,,,,,,,,,,,,,,,5.670898766,6.201086226,4.20282767,13.20314479,43.71322979,63.40367378,51.71386805,36.39523957,36.58188401,44.81794394,35.7148192,38.02692246,44.71990369,45.37415403,39.42621181,44.18050683,39.97234195,40.84476379,39.61323371,43.32211704,36.04953422,16.83027242,18.25830753,
CRI,TX.VAL.TECH.CD,,,,,,,,,,,,,,,,,,,,,,,,,,,,,,,,,,,33775275,41977804,29619791,220195579,1188819271,2706840214,1859069884,1071008570,1146425260,1700616695,1309056581,1776832950,2090631242,2530343873,2426063976,1791400685,2193335855,2511568834,2719083321,3065086038,2387759041,861602448,941695593,
CRI,TX.VAL.SERV.CD.WT,,,,,,,,,,,,,,,,,,122900000,135200000,147500000,183000000,163800000,233200000,264100000,256600000,257600000,286400000,317200000,407900000,472800000,583100000,662300000,808100000,1004900000,1162800000,1112100000,1303820000,1398904000,2080330000,3569799079,2278016762,2286064495,2239106571,2424376945,2746131001,3160046420,3549442460,4088186219,4574061392,4127534257,4989767977,5756704144,6178696264,6922563993,7074295666,7668990925,8618759819,
CRI,TX.VAL.OTHR.ZS.WT,,,,,,,,,,,,,,,,,,20.58584215,25.0739645,26.77966102,26.50273224,20.26862027,17.88164666,26.24006058,29.18939984,33.22981366,32.82122905,36.41235813,37.65628831,37.92301184,34.83107529,31.22452061,29.03106051,26.81858891,30.65875473,26.84111141,33.94256876,33.37855921,46.02635159,62.01222957,23.31043891,29.92755515,30.49088228,29.74867472,31.00382592,31.61485419,37.0198955,35.34356613,33.93401377,40.79001601,46.50158789,49.19292834,50.0278035,49.26940967,50.23339884,50.06076774,49.21391615,
CRI,TX.VAL.MRCH.XD.WD,,,,,,,,,,,,,,,,,,,,,17.12395507,17.23336239,14.87939552,14.91700429,17.20430108,16.68461631,19.15482845,19.80101544,21.29510915,24.18243671,24.75682514,27.31251175,31.46828042,44.88264355,49.20252321,59.4201412,64.24944869,74.09781698,94.45954493,113.8930202,100,85.83346155,89.98752073,104.3164607,107.7229602,120.1155615,140.1781288,159.615023,162.4647418,150.1564183,161.5142657,177.9304922,195.4527583,196.2664752,192.3175547,161.0509941,164.6922064,
CRI,TX.VAL.MRCH.WR.ZS,5.555555556,6.242197253,4.513064133,5.683060109,14.56483126,19.94633274,22.43867244,22.60321903,24.72367656,23.0913829,23.84322,25.20101109,23.70272413,26.12076029,28.98734723,28.95272003,29.39046683,27.68850418,27.96784464,25.80232853,34.45075738,33.86184814,27.70359301,28.91732213,25.82555169,22.68100559,17.10067796,16.2326724,16.44212499,17.04931688,15.93149423,17.32651885,21.21781198,14.21220055,19.84448586,20.27547529,22.66291521,16.46520935,14.19520621,12.15665129,17.77880483,21.870343,22.55027382,21.324129,24.01580213,24.00492523,23.41903025,24.35770577,26.76972996,25.96023957,27.65919055,28.64172191,27.59037621,26.57946294,27.32130679,32.19623643,30.8968983,
CRI,TX.VAL.MRCH.WL.CD,86400000,80100000,84200000,91500000,112600000,111800000,138600000,142900000,171900000,194172000,226534000,231828000,281301000,344186000,440299000,493211000,592437000,827979000,814421000,933377000,980350000,1008108000,871248000,860339000,984796000,922803000,1090179000,1113686000,1244164000,1422095100,1455953200,1589848500,1833912000,2743322399,2220648517,2701758504,2779797909,4205522246,5525571000,6662360471,5849419031,5020602435,5263274600,6102098139,6299985197,7025501775,8197548749,9337521540,9503406785,8787275934,9451590973,10370586566,11452502775,11487040551,11249566920,9568508434,9914297450,
CRI,TX.VAL.MRCH.RS.ZS,3.935185185,2.746566792,2.850356295,3.278688525,2.131438721,3.309481216,3.391053391,2.099370189,2.385107621,4.020147086,5.19348089,3.905050296,6.768550414,8.175521375,5.414956654,2.737976241,2.742232507,4.706158006,5.51225963,4.251658226,3.942061509,5.711788816,3.910138101,6.496276468,3.625420899,3.997711321,2.808529608,4.854510158,3.059001868,4.026889622,5.581257694,5.285874723,4.794886559,1.276892829,7.22095522,6.831872861,5.445611766,34.28513351,46.21547581,60.97995359,0.09759653,0.15081216,0.14491771,0.118548028,0.10365791,0.100166169,0.15981542,0.119696142,0.466116983,0.51061294,0.16849193,0.020326844,0.085485262,0.020122215,0.081921394,0.014392943,0.023205779,
CRI,TX.VAL.MRCH.R6.ZS,,,,,,,,1.469559132,0.116346713,0.41200585,0.002207174,0.084976793,0.060788977,0.085709471,0.075403305,0.058190105,0.012321985,0.037199011,0.001841799,0.010392371,0.032233386,0.065469176,0.195007621,0.556408578,0.201767676,0.196033173,0.06934641,0.13495725,0.160991638,0.111947506,0.077832172,0.070604212,0.06674257,0.107513138,0.103338506,0.167121784,0.206949972,0.115221671,0.141679711,0.069213352,0.062507182,0.067757964,0.070126077,0.054063831,0.128720826,0.133104884,0.074981683,0.082192249,0.108511329,0.120432214,0.13871288,0.120420932,0.081635099,0.114105682,0.07364584,0.097437632,0.078188394,
CRI,TX.VAL.MRCH.R5.ZS,,,,,,,,,,0.000515007,,,,,,,,,0.001473439,,0.000918039,0.058624671,0.121779333,0.019410953,,0.005201544,0.020088444,0.010415862,0.027809839,0.034871086,,0.00545335,,0.012395991,0.040392209,0.020823919,0.044740627,0.015712508,0.010393749,0.013873641,0.083370878,0.091261717,0.106598295,0.153551693,0.129673336,0.111404441,0.132432845,0.313775555,0.317562972,0.355327831,0.243483473,0.244911239,0.282922263,0.278582198,0.154357275,0.151662687,0.205412639,
CRI,TX.VAL.MRCH.R4.ZS,,,,,,,,2.589223233,2.966841187,,,0.006901668,0.173835145,1.059892035,0.502385879,0.515398075,0.560228345,0.565110951,0.207632171,0.358268952,0.250012751,0.537740004,0.793344719,0.479694632,0.298132811,0.386214609,0.035407029,0.120231376,0.33580782,0.206048105,0.029369076,0.08230973,0.090353299,0.085575578,0.476057824,0.094469213,0.113004726,0.20177085,0.030539124,0.056502181,0.109578233,0.019649614,0.012535675,0.014227303,0.022843292,0.055485176,0.012365892,0.036760022,0.03055982,0.145541475,0.140569096,0.030425444,0.03459883,0.171422691,0.107583599,0.076152695,0.112950414,
CRI,TX.VAL.MRCH.R3.ZS,5.555555556,6.242197253,4.513064133,5.683060109,14.56483126,19.94633274,22.43867244,22.60321903,24.72367656,23.0913829,23.84322,25.20101109,23.70272413,26.12076029,28.98734723,28.95272003,29.39046683,27.68850418,27.96784464,25.80232853,34.45075738,33.86184814,27.70359301,28.91732213,25.82555169,22.68100559,17.10067796,16.2326724,16.44212499,17.04931688,15.93149423,17.32651885,21.21781198,14.21220055,19.84448586,20.27547529,22.66291521,16.46520935,14.19520621,12.15665129,17.77880483,21.870343,22.55027382,21.324129,24.01580213,24.00492523,23.41903025,24.35770577,26.76972996,25.96023957,27.65919055,28.64172191,27.59037621,26.57946294,27.32130679,32.19623643,30.8968983,
CRI,TX.VAL.MRCH.R2.ZS,,,,,,,,0.069979006,,,,,0.050479735,0.006101352,0.003633894,0.344882819,0.356324808,1.125511637,0.441049531,0.655897885,,0.627908915,1.326602758,0.786434185,0.160540863,0.061985061,0.037241591,0.006913978,0.007153398,0.020582308,6.86835E-06,,0.022847334,,0.196243123,1.243132832,0.979733092,0.546323516,1.003675367,0.45214649,0.413619162,0.548881242,0.237348741,0.360881888,0.085074851,0.332240924,0.113634811,0.03545851,0.380838922,0.223297369,0.513607531,0.638872561,0.524077053,0.569225648,0.606895888,0.622349214,0.869918221,
CRI,TX.VAL.MRCH.R1.ZS,,,,,,,,,0.116346713,0.004120059,0.024720351,0.032351571,0.02915027,0.018594597,0.292301368,0.466940113,0.008270922,0.02934857,0.070479519,0.080996211,0.078951395,0.153554976,0.188694838,0.153544126,0.17435083,0.121694446,0.099433212,0.19071803,0.198607258,0.275572288,0.803665942,0.452810441,0.219966934,0.140761254,0.086347523,1.332741655,0.139374484,0.439039575,0.379393587,0.117233555,2.003944569,4.569615957,3.152043198,5.453194728,5.644386659,5.116558525,8.310218772,11.11875685,9.481026724,11.23526371,5.195386358,4.002847586,5.03127259,6.145260591,7.024456227,1.054610054,0.645288789,
CRI,TX.VAL.MRCH.OR.ZS,,,,,,,,4.128761372,3.199534613,0.416640916,0.026927525,0.124230033,0.314254126,1.170297455,0.873724446,1.385411112,0.937146059,1.75717017,0.722476459,1.105555419,0.362115571,1.443297742,2.625429269,1.995492474,0.83479218,0.771128832,0.261516687,0.463236496,0.730369951,0.649021293,0.910874058,0.611177732,0.399910137,0.346245961,0.902379185,2.858289402,1.4838029,1.31806812,1.565681538,0.708969219,2.673020024,5.297166494,3.578651986,6.035919443,6.010698965,5.74879395,8.643634002,11.58694319,10.31849977,12.0798626,6.231759337,5.037477762,5.954505835,7.278596809,7.966938829,2.002212281,1.911758457,
CRI,TX.VAL.MRCH.HI.ZS,90.50925926,91.01123596,92.63657957,91.03825137,83.30373002,76.74418605,74.17027417,71.16864941,69.69168121,72.4718291,70.93637158,70.76970858,69.21447133,64.53342088,64.72397166,66.92389261,66.9301546,65.84816765,65.79741927,68.84045782,61.24506554,58.98306531,65.76083962,62.59090893,69.71423523,72.55015426,79.82927574,78.44958094,79.76850319,78.2747722,77.57637402,76.7764287,73.58739133,84.16466066,72.03217973,70.03436244,70.40767013,47.93158902,38.02363644,26.15442591,79.45057862,72.68167835,73.72615649,72.52140353,69.869841,70.14611465,67.77752033,63.9356549,62.44565329,61.44928489,65.94055819,66.30047348,66.36963269,66.12181804,64.62983299,65.78715835,67.16813747,
CRI,TX.VAL.MRCH.CD.WT,84300000,84200000,93000000,95000000,113900000,111800000,135500000,143800000,170800000,189700000,231200000,225400000,280900000,344500000,440300000,493300000,592900000,828200000,864900000,934400000,1002000000,1008000000,870000000,873000000,1006000000,976000000,1121000000,1158000000,1246000000,1415000000,1448000000,1598000000,1841000000,2625000000,2869000000,3453000000,3730000000,4268000000,5511000000,6577000000,5865000000,5021000000,5264000000,6102200000,6301470000,7026400000,8200000000,9337000000,9503700000,8783700000,9448100000,10408400000,11433400000,11479876000,11249693000,9421550000,9634416000,
CRI,TX.VAL.MRCH.AL.ZS,,,,,,,0.144300144,3.289013296,4.072134962,1.493521208,,0.006901668,0.462493912,1.34810829,0.502385879,0.45315291,0.43616452,0.661369431,0.728861363,0.766249865,0.419442036,0.934919671,1.447463868,1.748496813,0.80016572,0.886863177,0.355813128,0.519895195,1.000832688,0.591261442,0.211449104,0.384061752,0.12541496,0.111316009,0.514789572,0.207705167,0.18470429,0.217773643,0.073245625,0.092841989,0.144390818,0.039246525,0.031920641,0.025490544,0.036119958,0.038613441,0.030017095,0.047280898,0.055589728,0.086335971,0.309263478,0.117517413,0.185031887,0.3152914,0.227826557,0.230273529,0.207363559,
CRI,TX.VAL.MMTL.ZS.UN,,,,,,0.172368346,0.085898278,0.055964184,0.053042265,0.041830011,0.062127023,0.067301421,0.03521698,0.114579891,0.131050706,0.140604983,0.115548109,0.151630504,0.091355242,0.122209116,0.075939188,0.112711052,0.236364998,0.598631153,0.599835987,0.473556335,0.451935439,0.875046256,0.619387285,0.866991824,0.917459805,0.727618134,0.920101351,1.009748152,0.950731644,1.061860901,1.187428802,0.951452035,0.785779365,0.537039965,0.760986514,0.809081561,0.815977006,0.712714751,1.034422431,1.172483027,1.613969548,1.533596056,1.416347916,0.739078583,1.14588806,1.482869331,2.345632735,1.471930766,1.61713998,1.236502464,1.118844056,
CRI,TX.VAL.MANF.ZS.UN,,,,,,14.58996832,17.1814945,17.48508215,18.98389597,18.04358656,18.6545565,21.28941059,19.47517158,21.24046413,24.71126641,23.90071502,25.23707557,21.09563446,20.21339401,22.02454952,28.31821716,28.79389302,25.01551119,26.92155971,23.51344453,22.40388176,20.49996457,24.21230777,25.32401194,27.0978684,26.80642199,23.97901474,25.2476005,26.88207049,26.82355937,25.05567123,25.35294686,42.90154755,52.85085927,68.01642747,65.5658722,62.46463621,63.40170516,65.52867062,61.62454136,65.55459018,64.86271481,62.69179171,63.26422229,45.99374982,60.87272773,60.40563394,61.19784504,61.86058972,59.05229539,53.5592793,52.14287566,
CRI,TX.VAL.INSF.ZS.WT,,,,,,,,,,,,,,,,,,0.081366965,0.517751479,0.949152542,0.710382514,1.037851038,0.728987993,1.249526694,0.155884645,0,0,0,0,0,0,1.479691982,0,0,0,-0.143871954,0.157230293,0.369575039,0.342253392,0.255840729,0.124743762,0.175535072,0.207643321,0.184783074,0.424450505,0.373226693,0.347206587,0.334549799,0.351304968,0.334013236,0.306723753,0.307777833,0.294401764,0.624236014,1.242894237,0.877448673,0.818949295,
CRI,TX.VAL.ICTG.ZS.UN,,,,,,,,,,,,,,,,,,,,,,,,,,,,,,,,,,,,,,,,,30.29174399,18.81143944,19.7793283,25.77288762,21.25512931,23.73604427,27.97161217,27.18978294,22.49977559,17.67206196,19.9145935,19.48511619,19.44961691,21.86913908,16.42640279,1.695665623,,
CRI,TX.VAL.FUEL.ZS.UN,,,,,,0.00098369,0.000433181,0.01701008,0.16630685,0.084011618,0.416617552,0.817667977,0.230851086,0.114732592,0.134296129,0.066086621,0.125785501,0.093575946,0.102597193,0.087613011,0.600008675,1.240525465,0.913849689,1.74299901,1.906839286,1.808798182,1.35372564,1.059510038,0.821513806,1.062615488,1.015770957,0.503827035,0.543526431,0.393656896,0.580687785,0.77617056,0.868752587,0.544278842,0.389648821,0.366666793,0.617905398,0.84765952,1.018918725,0.487683935,0.075155536,0.489710662,0.616116904,0.58070074,0.848616989,0.574196565,0.582055575,0.342014273,0.056626986,0.048842854,0.043355735,0.055046129,0.052186378,
CRI,TX.VAL.FOOD.ZS.UN,,,,,,82.0341155,78.86082723,79.44168533,78.05131207,79.40215082,79.03075009,75.80281278,78.12826087,75.78108808,72.18017939,73.05683436,70.37422415,74.40507386,69.21273382,74.26090155,63.69707122,65.85196546,69.30942793,69.28232851,72.01143168,71.6460662,73.68768739,68.93207477,66.99865014,58.30129969,58.21664018,60.93430159,60.79483125,65.99794032,61.18506219,63.41904312,65.58627499,50.4232655,41.46379516,28.60596956,30.03852819,32.48157755,31.32901147,30.13395268,32.35993822,29.76277254,29.76828306,30.08986813,31.9091384,24.73047258,34.72693447,35.19432833,34.00365074,34.45932423,37.0928417,42.60914344,44.4345813,
CRI,TX.VAL.AGRI.ZS.UN,,,,,,1.977064902,2.598654615,1.88487429,1.952751142,1.568782488,0.817393393,0.614172499,0.543346778,0.782254823,0.708108657,0.509826891,0.877436801,1.137196502,1.971574758,1.09880917,1.314758494,0.965854038,1.269603984,1.450402862,1.96844179,2.453517331,2.667043493,3.473380103,4.79942792,4.394200685,5.45624778,4.873075473,4.868095561,5.003830302,5.172567489,4.955440765,6.723004573,4.797465675,4.472075063,2.458610799,3.003913039,3.380576842,3.417675974,3.075456376,3.336019571,3.00560687,3.118454267,2.245383296,2.548380332,1.942477548,2.662646207,2.561670897,2.394057893,2.157916083,2.193529315,2.529776802,2.23904079,
CRI,TX.QTY.MRCH.XD.WD,,,,,,,,,,,,,,,,,,,,,20.63127117,20.76308722,18.59924441,19.12436448,20.98085497,19.86263846,19.34831157,22.75978786,23.66123239,27.48004171,30.56398165,31.7587346,34.96475603,47.74749314,49.69951839,52.12293088,59.49023027,66.15876516,85.87231358,108.469543,100,106.4755851,111.1287337,118.7520449,129.3896084,140.7222315,159.4672939,171.9851492,184.3005115,172.8172656,199.5004509,214.5988445,231.8179279,233.8628075,250.9105201,263.8181992,287.1274329,
CRI,TT.PRI.MRCH.XD.WD,,,,,,,,,,,,,,,,,,,,,81.37254902,73.45132743,74.07407407,73.58490566,82,84,112.5,92.55319149,91.83673469,85.4368932,75,79.62962963,84.11214953,87.85046729,98.01980198,104.587156,99.08256881,105.6603774,108.9108911,107.1428571,100,82.7606762,82.28003061,88.03514632,78.81601245,76.11121501,75.18009422,81.04034084,74.98879123,79.67465047,73.30435203,70.86538527,71.1401059,70.73786392,69.5910062,61.88901528,63.59399278,
CRI,TM.VAL.TRVL.ZS.WT,,,,,,,,,,,,,,,,,,26.11788618,27.26870297,24.34715822,21.54065621,22.80206864,18.62537123,21.0124548,21.4257736,21.0679259,22.41263441,20.19910925,18.32611833,24.958159,28.7962963,29.47247706,32.48999428,33.68302735,35.86378148,36.00902233,32.9099047,35.42075958,36.94257733,39.35204139,36.02874405,30.77889546,29.24813587,27.45729569,28.34218444,30.92067998,28.98611631,32.57417348,31.71408809,24.93441084,22.36754409,20.83854246,19.18304666,17.91611376,17.65620812,22.49887129,23.00222899,
CRI,TM.VAL.TRAN.ZS.WT,,,,,,,,,,,,,,,,,,54.92886179,53.91766268,56.06758833,59.45078459,56.65256229,52.65167586,50.70309361,49.70622797,49.87286596,48.01747312,44.27560912,38.96103896,40.25104603,41.2037037,42.69877676,39.5511721,42.50031223,41.70509637,41.3793642,39.17710547,38.02970307,37.5650477,38.69760046,28.31336599,32.47850528,35.07190813,40.49457127,40.9323629,40.02117326,38.24714012,38.78573012,36.04405615,38.2972762,41.70403757,43.99551218,44.59554562,42.30715471,37.74438037,32.88040711,29.96906183,
CRI,TM.VAL.SERV.CD.WT,,,,,,,,,,,,,,,,,,196800000,225900000,260400000,280400000,212700000,235700000,248900000,255300000,275300000,297600000,381700000,415800000,478000000,540000000,523200000,699600000,800700000,845700000,896442000,1021030000,982390000,1106880000,1136129116,1329610241,1168485603,1164195609,1269731090,1413188158,1498596195,1652359740,1919850593,1848674523,1456366629,1868796250,1919768684,2200115502,2371193934,2549027013,3067472811,3518154955,
CRI,TM.VAL.OTHR.ZS.WT,,,,,,,,,,,,,,,,,,11.02642276,11.11111111,12.01996928,12.12553495,12.3648331,22.5286381,21.25351547,20.36819428,20.95895387,20.93413978,28.34686927,35.16113516,28.05439331,23.98148148,25.47782875,21.82675815,17.38478831,16.04587915,17.99335596,23.87784884,22.37400625,22.23998988,18.16870962,18.69667555,22.69304291,24.22818409,22.11641008,20.1371408,16.3689159,18.02043011,15.40903533,18.53013611,23.30305082,25.20482621,24.69376587,26.23919887,27.07866445,30.44116096,32.06955825,36.28540082,
CRI,TM.VAL.MRCH.XD.WD,,,,,,,,,,,,,,,,,,,,,24.11207639,18.91680363,13.91562965,15.46215857,17.11982468,17.19026376,17.9619629,21.64044768,22.06777804,26.88267982,31.14502622,29.37465759,38.20458637,55.02230571,59.30187055,64.02128825,67.72481803,77.78977851,97.65516162,99.469359,100,102.8253894,112.5146748,119.94991,129.4200517,153.7763168,180.7643422,202.7455584,240.6136026,178.3595523,212.4066682,253.8858887,275.3494561,283.7285748,274.0705956,254.7076779,236.690929,
CRI,TM.VAL.MRCH.WR.ZS,8.553230209,8.740601504,8.489722967,8.624898291,11.19186047,13.86861314,19.42728804,23.93026941,30.87818697,27.98926056,28.49392416,28.56812055,30.1562182,30.21017801,30.30897662,31.7187944,29.24537866,25.84384396,27.74696939,26.54814266,30.90256979,33.99160376,37.76488619,33.321714,32.41053509,30.83153702,26.9720433,28.207521,30.30326003,30.03321763,27.12466496,28.96414389,23.84412627,23.23763734,28.38766876,30.38500418,30.7438589,23.70240785,18.5667134,19.25196457,21.55870363,20.67242849,20.11729672,21.0920808,23.58283591,23.31822199,22.39240887,23.73930066,23.26821975,20.91597434,21.01592064,20.28256591,19.58983841,19.64440151,19.14015302,20.31623744,20.27023873,
CRI,TM.VAL.MRCH.WL.CD,109900000,106400000,111900000,122900000,137600000,178100000,178100000,189300000,211800000,244333000,316664000,349799000,373452000,455138000,719569000,693201000,769366000,1021427000,1091694000,1397804000,1470745000,1208875000,893261000,989730000,1091210000,1096692000,1144663000,1384496000,1409851612,1737420900,2026137100,1849740500,2789232000,3146371089,3024345219,3214186598,3561068698,4969652300,6238733436,6354597700,6347655196,6524147903,7149874396,7605799035,8225599083,9766546717,11534342952,12944940056,15372002439,11394622734,13566519208,16144348604,17571484757,18122588145,17180413156,15626174963,15367607270,
CRI,TM.VAL.MRCH.RS.ZS,4.276615105,5.733082707,5.4512958,4.475183076,4.215116279,5.727119596,3.930376193,3.011093502,2.219074599,2.961532008,3.201816436,2.617503195,1.854053533,3.081922406,3.765309512,3.556111431,4.436250107,7.416682739,3.717067237,9.639906596,3.446756576,3.012718437,3.092041408,5.41521425,3.074476957,2.998471768,1.850238891,2.013873641,1.586408088,1.848889926,1.583392358,1.450181796,1.191259816,2.418090487,1.231589395,1.446002109,0.962601593,25.00556743,31.95144934,36.14930459,34.57324359,36.11795851,35.01858426,0.61441087,0.86062399,0.826663941,1.265515874,1.595477747,2.358787851,5.437530179,2.265758167,1.722807249,2.141193617,0.004630635,2.694322499,3.065769596,3.115148127,
CRI,TM.VAL.MRCH.R6.ZS,,,,,0.072674419,0.168444694,0.280741157,0.158478605,0.094428706,0.013915435,0.036000303,0.005431691,0.011246425,0.023069926,0.015981789,0.019619129,0.020666367,0.032797253,0.005221243,0.005294018,0.027061115,0.01397994,0.011866632,0.001616603,0.000916414,0.001185383,0.003931288,0.006861703,0.000363513,0.013894158,0.00103152,0.0211381,0.016169325,0.209434927,0.074278789,0.118920787,0.213757376,0.088490114,0.057350246,0.026055497,0.019952864,0.019241823,0.016903877,0.0733712,0.07441706,0.018185251,0.129293763,0.055099869,0.06199221,0.101747853,0.018416198,0.037154531,0.073318039,0.054494926,0.052918011,0.069951194,0.048695739,
CRI,TM.VAL.MRCH.R5.ZS,0.454959054,0.563909774,0.35746202,0.244100895,0.218023256,0.280741157,,,,0.012687603,0.061263674,0.0185821,0.03427482,0.024168494,0.020984784,0.025966495,0.014817395,0.016937089,0.0119997,0.011875771,0.012170703,0.010009306,0.007836455,0.008083013,0.013562926,0.031640606,0.027781102,0.02983035,0.072300233,0.038378726,0.064122018,0.046471383,0.047360707,0.055180459,0.092751482,0.079737903,0.176264979,0.100453607,0.116365094,0.106976827,0.156471637,0.156865021,0.208193769,0.203267203,0.27221841,0.357155533,0.342964451,0.461256497,0.43506678,0.460184793,0.833241381,0.872571402,0.577652842,0.621834956,0.75937342,1.006373066,1.324156822,
CRI,TM.VAL.MRCH.R4.ZS,,,,,,,,,0.047214353,0.012687603,0.018315944,0.02229852,0.013656374,0.014501096,0.001945609,0.008655498,0.00818856,0.008419593,0.012366103,0.012448097,0.014550449,0.008189432,0.00347043,0.003536318,0.003390731,0.028449191,0.003931288,0.004044793,0.00262439,0.003177123,0.00902703,0.00680636,0.003800329,0.00749117,0.007638711,0.01215113,0.014551194,0.00867109,0.009597204,0.009887062,0.002432615,0.010858031,0.006568479,0.005133859,0.007736592,0.021130683,0.019328461,0.047190802,0.021018036,0.773133969,0.501908728,0.44297013,0.104096422,0.137055192,0.040787669,0.039713289,0.05837031,
CRI,TM.VAL.MRCH.R3.ZS,8.553230209,8.740601504,8.489722967,8.624898291,11.19186047,13.86861314,19.42728804,23.93026941,30.87818697,27.98926056,28.49392416,28.56812055,30.1562182,30.21017801,30.30897662,31.7187944,29.24537866,25.84384396,27.74696939,26.54814266,30.90256979,33.99160376,37.76488619,33.321714,32.41053509,30.83153702,26.9720433,28.207521,30.30326003,30.03321763,27.12466496,28.96414389,23.84412627,23.23763734,28.38766876,30.38500418,30.7438589,23.70240785,18.5667134,19.25196457,21.55870363,20.67242849,20.11729672,21.0920808,23.58283591,23.31822199,22.39240887,23.73930066,23.26821975,20.91597434,21.01592064,20.28256591,19.58983841,19.64440151,19.14015302,20.31623744,20.27023873,
CRI,TM.VAL.MRCH.R2.ZS,,,,,,,,,,0.0163711,0.011368517,0.016580951,0.014727462,0.220592436,0.034048159,0.421234245,0.168970295,0.263748658,0.100577634,0.094934626,0.016998188,0.008520318,0.004142126,0.003940469,0.026209437,0.015865895,0.021840489,0.123799563,0.027024121,0.124051691,0.033433078,0.032209924,0.146456085,0.206793789,0.412434861,0.45709854,0.154190567,0.639683404,0.60323975,0.446736652,0.559855835,0.447906952,0.504636823,0.444549926,0.459423777,0.826696317,0.488663188,0.475324627,0.678237584,0.313338193,0.276747657,0.707556891,0.475324966,0.439069891,0.595714521,0.842601195,0.839437902,
CRI,TM.VAL.MRCH.R1.ZS,,,,0.16273393,,,0.280741157,0.158478605,0.188857413,0.238608784,0.157896066,0.611494029,0.019011814,0.055367823,0.319913726,0.036497351,0.100212383,0.123454735,0.073005806,0.274859709,0.138297258,0.043842415,0.079931845,0.076384468,0.144701753,0.055530632,0.199185262,0.077790041,0.322161564,0.153647283,0.113669504,0.149821015,0.17786258,0.348971456,0.910249492,1.965483959,0.915133764,2.076353028,2.506560067,2.708263294,3.148516166,3.717840745,1.839189428,2.567899942,4.181773054,5.598699539,6.089927219,7.812852733,7.821962661,7.91303786,8.4799935,9.282890501,9.433426935,11.18635352,11.78019511,14.47785957,16.12242971,
CRI,TM.VAL.MRCH.OR.ZS,0.454959054,0.563909774,0.35746202,0.406834825,0.290697674,0.449185851,0.561482313,0.316957211,0.330500472,0.294270524,0.284844504,0.674387291,0.092916894,0.337699775,0.392874068,0.511972718,0.312855,0.445357329,0.203170486,0.399412221,0.209077712,0.084541412,0.10724749,0.09356087,0.188781261,0.132671707,0.25666943,0.242326449,0.42447382,0.33314898,0.22128315,0.256446783,0.391649027,0.827871801,1.497353335,2.633392319,1.473897879,2.913651243,3.293112362,3.297919332,3.887229117,4.352712572,2.575492377,3.29422213,4.995568892,6.821867322,7.070177082,8.851724527,9.018277271,9.561442668,10.11030746,11.34314345,10.6638192,12.43880848,13.22898873,16.43649831,18.39309048,
CRI,TM.VAL.MRCH.HI.ZS,86.71519563,84.96240602,85.70151921,86.49308381,84.30232558,79.95508141,76.08085345,72.74167987,66.57223796,68.75493691,68.0194149,68.13998897,67.89681137,66.37019981,65.5328398,64.21312145,66.00551623,66.29411598,68.33279289,63.41253852,65.44159593,62.91113639,59.03582492,61.16951088,64.32620669,66.0373195,70.92104838,69.53627891,67.68585806,67.78474347,71.07065953,69.32922753,74.57296489,73.51640037,68.88338851,65.5356014,66.81964162,48.37837347,46.1887249,41.30081151,39.98082367,38.85690042,42.28862665,74.9992862,70.56097121,69.03324675,69.27189818,65.81349707,65.35471513,64.08505281,66.60801372,66.65148339,67.60514877,67.91215938,64.93653575,60.18149465,58.22152267,
CRI,TM.VAL.MRCH.CD.WT,110400000,107200000,113400000,123900000,138600000,178200000,178500000,190700000,213900000,245100000,316700000,349700000,372800000,455300000,719700000,694000000,770400000,1021400000,1165700000,1396800000,1540000000,1209000000,889000000,988000000,1094000000,1098000000,1148000000,1383000000,1410000000,1717000000,1990000000,1877000000,2440000000,3515000000,3789000000,4036000000,4300000000,4924000000,6230000000,6320000000,6372000000,6569000000,7188000000,7663000000,8268000000,9824000000,11548130000,12952400000,15371600000,11394500000,13569600000,16219500000,17590700000,18126861000,17511113000,16273224000,15121482000,
CRI,TM.VAL.MRCH.AL.ZS,,,,,,,,,0.047214353,0.012687603,0.020210697,0.021726763,0.015530778,0.016917946,0.005836827,0.011396406,0.009878263,0.011552465,0.015022525,0.020746829,0.015910304,0.008189432,0.005149671,0.003536318,0.003390731,0.006200465,0.037827727,0.016106944,0.017023068,0.006762898,0.018740094,0.005525099,0.003800329,0.00516468,0.00690318,0.015314108,0.02661232,0.008194718,0.012756115,0.012936932,0.008080055,0.114999861,0.008774588,0.009453063,0.016454206,0.031577436,0.027294264,0.053125391,0.043997072,0.846241708,0.599250506,0.556994024,0.080674105,0.194166075,0.136200083,0.149816472,0.154792217,
CRI,TM.VAL.MMTL.ZS.UN,,,,,,1.58617237,1.319698551,1.390881848,1.455504796,1.623270929,2.147322264,1.410401924,1.783868837,1.860980434,2.104490513,1.626470686,1.998904241,1.802195354,1.620428387,1.75567556,2.071545294,2.367773309,1.476188265,2.458280171,2.666523014,2.122645861,3.124112462,2.8597442,2.784827153,2.33015937,1.979380207,1.830223558,1.717908164,1.702968028,1.781711513,1.972015889,1.680373815,1.928463437,1.467808966,1.4957426,1.84398215,1.459029549,1.245936256,1.34220611,1.642582742,1.419443274,2.402154354,2.320519225,2.11109804,1.210512278,1.906644363,1.945070982,2.118210968,2.158048121,2.179288457,2.253460532,1.760108701,
CRI,TM.VAL.MANF.ZS.UN,,,,,,83.59893112,79.71739741,81.11626501,79.95147197,82.77120545,82.03474057,80.46292128,81.50596104,79.1987513,75.59984744,75.95990339,74.5635359,74.74917681,75.47081837,72.82767732,68.11930846,65.62887244,58.82902796,66.18492614,70.38249059,70.70845305,75.99853486,76.41063413,75.06341013,64.48597356,65.75292246,63.21770493,69.47675301,78.74165054,77.32791152,77.8559666,71.71893458,79.96601046,85.52403745,68.82444827,81.76222091,82.75422621,83.22795023,82.25490716,79.321401,80.34148961,78.35404671,74.29121824,73.71497848,59.87542569,72.99101056,75.72534573,73.6631596,73.88377447,72.6178693,76.24632125,76.2543477,
CRI,TM.VAL.INSF.ZS.WT,,,,,,,,,,,,,,,,,,7.926829268,7.70252324,7.565284178,6.883024251,8.180535966,6.194314807,7.030936119,8.499804152,8.100254268,8.635752688,7.178412366,7.551707552,6.736401674,6.018518519,2.350917431,6.132075472,6.431872112,6.385242994,4.618257511,4.035140985,4.175531103,3.252385082,3.781648529,16.96121442,14.04955635,11.45177191,9.931722962,10.58831186,12.68923087,14.74631346,13.23106107,13.71171965,13.46526214,10.72359214,10.47217949,9.982208852,12.69806708,14.15825056,12.55116334,10.74330836,
CRI,TM.VAL.ICTG.ZS.UN,,,,,,,,,,,,,,,,,,,,,,,,,,,,,,,,,,,,,,,,,16.59880958,20.27892332,22.17661123,23.14730705,20.52602205,23.69106001,24.35976552,18.19583289,18.27653459,17.10323961,17.72173513,18.21352339,18.31427352,18.46647261,13.55038163,9.156279485,,
CRI,TM.VAL.FUEL.ZS.UN,,,,,,4.900105536,4.948411234,4.59162615,4.563139201,4.313326744,3.873061171,4.52197358,5.386302131,6.907963792,9.045211121,10.62849165,9.228548767,9.648524541,9.710328585,13.10561004,15.39094492,16.11003548,19.98419967,19.25226858,15.34836396,16.59252537,10.51285195,10.2521648,9.728238198,8.369967344,9.649801335,9.413088262,8.714323086,8.494399789,9.032642198,8.583205353,9.46088238,7.422398088,4.36471144,5.454410252,8.109639504,7.412032214,6.74875583,7.73742405,9.394527133,10.85900131,11.89139858,11.95359869,14.47235663,8.452294136,12.15101682,12.46619324,12.47719253,12.58812003,12.80491942,8.49151894,7.618014811,
CRI,TM.VAL.FOOD.ZS.UN,,,,,,9.462641789,10.52491259,11.94210489,12.81693197,10.34292787,10.87855441,12.22057498,10.14092321,10.39390074,11.48165154,9.921473877,8.325333611,7.583125889,7.387074713,7.480523294,8.807153735,8.475694029,8.707673319,10.29715702,9.517181051,8.223853487,7.660768727,7.803470158,9.753779871,8.801176466,7.58052508,7.832344076,7.618069691,9.635078702,10.48852374,10.24493764,12.93672444,9.793634924,7.910391589,7.318092752,7.468443513,7.525637817,8.039128164,7.765416153,8.606324678,6.300920003,6.340989499,8.006500768,8.514000908,7.169774786,8.976834885,8.759136692,10.73767734,10.45271145,11.44802567,11.9639856,13.25351602,
CRI,TM.VAL.AGRI.ZS.UN,,,,,,0.447634575,0.6057497,0.953060017,1.130204018,0.9449489,1.060781645,1.112877342,1.17930957,1.147134943,1.518678906,1.300732664,1.551901419,1.480575503,1.123648071,1.306241283,1.526572504,1.546983404,1.876918419,1.806193409,1.925254472,1.497866556,1.679860026,1.660766567,1.996673909,1.69025614,1.600409708,1.43235227,1.325201315,1.178002055,1.164345724,1.251156713,1.234258553,0.860050477,0.717784996,0.768692886,0.804340975,0.839658953,0.725557099,0.881082246,1.024653377,1.069378247,0.961154203,1.034332605,1.127554552,0.730488871,1.100316024,1.083579611,0.981611836,0.90043032,0.931760247,1.017251495,1.091095319,
CRI,TM.TAX.TCOM.WM.FN.ZS,,,,,,,,,,,,,,,,,,,,,,,,,,,,,,,,,,,,10.59,,,,8.66,7.82,7.92,7.18,7.38,7.09,6.12,5.64,5.99,5.76,6.14,6.05,5.97,6.74,6.2,6.31,,8.2,
CRI,TM.TAX.TCOM.WM.AR.ZS,,,,,,,,,,,,,,,,,,,,,,,,,,,,,,,,,,,,10.5,,,,6.46,6.05,7.92,7.18,5.26,5.84,6.12,4.48,5.12,4.43,3.64,3,2.77,2.47,2.67,2.42,,2.59,
CRI,TM.TAX.TCOM.SR.ZS,,,,,,,,,,,,,,,,,,,,,,,,,,,,,,,,,,,,0.6346968,,,,0,0,0,0,0,0,0,0,0,0,0.06002,0,0,0,0,0,,0,
CRI,TM.TAX.TCOM.SM.FN.ZS,,,,,,,,,,,,,,,,,,,,,,,,,,,,,,,,,,,,11.06,,,,10.01,8.67,8.43,8.38,8.85,8.4,8.4,8.75,8.57,8.89,7.98,7.97,7.79,8.39,8.38,8.54,,8.55,
CRI,TM.TAX.TCOM.SM.AR.ZS,,,,,,,,,,,,,,,,,,,,,,,,,,,,,,,,,,,,12.45,,,,9.52,8.33,9.85,10.63,8.63,8.85,10.45,8.11,8.49,7.7,6.59,6.08,5.98,5.56,5.56,5.21,,5.14,
CRI,TM.TAX.TCOM.IP.ZS,,,,,,,,,,,,,,,,,,,,,,,,,,,,,,,,,,,,35.14339,,,,34.935,3.423663,3.775129,4.860108,5.026263,3.914861,4.807447,4.064178,3.367845,3.500256,5.421807,4.475173,4.367018,4.619367,4.376516,2.776457,,2.60139,
CRI,TM.TAX.TCOM.BR.ZS,,,,,,,,,,,,,,,,,,,,,,,,,,,,,,,,,,,,43.03,,,,43.4,43.47,43.47,43.57,43.57,43.57,43.57,43.57,43.69,43.69,43.69,43.69,43.69,43.76,43.76,43.76,,43.76,
CRI,TM.TAX.TCOM.BC.ZS,,,,,,,,,,,,,,,,,,,,,,,,,,,,,,,,,,,,100,,,,100,100,100,100,100,100,100,100,100,100,100,100,100,100,100,100,,100,
CRI,TM.TAX.MRCH.WM.FN.ZS,,,,,,,,,,,,,,,,,,,,,,,,,,,,,,,,,,,,8.81,,,,5.25,4.59,4.44,4.23,4.47,4.58,4.14,4.08,4.21,4.39,3.76,3.86,4.09,4.17,4.1,4.4,,5.25,
CRI,TM.TAX.MRCH.WM.AR.ZS,,,,,,,,,,,,,,,,,,,,,,,,,,,,,,,,,,,,8.56,,,,4.07,3.7,4.44,4.23,3.44,4.04,4.14,3.32,3.76,3.31,2.18,2.07,2.13,1.76,1.8,1.73,,1.78,
CRI,TM.TAX.MRCH.SR.ZS,,,,,,,,,,,,,,,,,,,,,,,,,,,,,,,,,,,,0.0770658,,,,0,0,0,0,0,0,0,0,0,0,0.0071097,0.0042809,0,0,0,0,,0,
CRI,TM.TAX.MRCH.SM.FN.ZS,,,,,,,,,,,,,,,,,,,,,,,,,,,,,,,,,,,,10.01,,,,6.67,5.64,5.55,5.83,6.41,5.86,5.85,6.41,5.83,6.38,5.41,5.4,5.35,5.57,5.57,5.62,,5.62,
CRI,TM.TAX.MRCH.SM.AR.ZS,,,,,,,,,,,,,,,,,,,,,,,,,,,,,,,,,,,,9.7,,,,5.75,5.02,6.04,7.03,6.18,6.34,6.98,6.14,6.04,5.9,4.54,4.53,4.54,4.4,4.34,4.19,,3.81,
CRI,TM.TAX.MRCH.IP.ZS,,,,,,,,,,,,,,,,,,,,,,,,,,,,,,,,,,,,27.02726,,,,20.59341,0.4277097,0.459551,0.5538425,0.5907213,0.8199664,0.5480049,0.4696369,0.3363042,0.3981777,0.6422461,0.5079945,0.511943,0.5582603,0.5311213,0.310867,,0.302094,
CRI,TM.TAX.MRCH.BR.ZS,,,,,,,,,,,,,,,,,,,,,,,,,,,,,,,,,,,,42.89,,,,42.81,42.68,42.68,42.74,42.74,42.74,42.74,42.74,43.08,43.08,43.08,43.08,43.08,43.08,43.08,43.08,,43.08,
CRI,TM.TAX.MRCH.BC.ZS,,,,,,,,,,,,,,,,,,,,,,,,,,,,,,,,,,,,100,,,,100,100,100,99.96,99.96,99.96,99.96,99.96,99.98,99.98,99.98,99.98,99.98,100,100,100,,100,
CRI,TM.TAX.MANF.WM.FN.ZS,,,,,,,,,,,,,,,,,,,,,,,,,,,,,,,,,,,,8.34,,,,4.51,3.87,3.71,3.59,3.83,3.93,3.65,3.64,3.65,3.89,3.06,3.13,3.49,3.25,3.36,3.68,,4.34,
CRI,TM.TAX.MANF.WM.AR.ZS,,,,,,,,,,,,,,,,,,,,,,,,,,,,,,,,,,,,8.04,,,,3.54,3.17,3.71,3.59,3.04,3.57,3.65,2.99,3.33,2.91,1.75,1.77,1.92,1.51,1.48,1.47,,1.53,
CRI,TM.TAX.MANF.SR.ZS,,,,,,,,,,,,,,,,,,,,,,,,,,,,,,,,,,,,0,,,,0,0,0,0,0,0,0,0,0,0,0,0.0048341,0,0,0,0,,0,
CRI,TM.TAX.MANF.SM.FN.ZS,,,,,,,,,,,,,,,,,,,,,,,,,,,,,,,,,,,,9.72,,,,5.7,4.76,4.71,5.08,5.69,5.1,5.08,5.7,4.99,5.6,4.62,4.61,4.6,4.57,4.57,4.57,,4.57,
CRI,TM.TAX.MANF.SM.AR.ZS,,,,,,,,,,,,,,,,,,,,,,,,,,,,,,,,,,,,9.39,,,,5.32,4.64,5.6,6.66,5.92,6.09,6.61,5.95,5.8,5.71,4.33,4.38,4.39,4.27,4.21,4.1,,3.68,
CRI,TM.TAX.MANF.IP.ZS,,,,,,,,,,,,,,,,,,,,,,,,,,,,,,,,,,,,25.9099,,,,18.59383,0.0117691,0,0,0,0.4248626,0,0,0,0,0,0,0,0,0,0,,0,
CRI,TM.TAX.MANF.BR.ZS,,,,,,,,,,,,,,,,,,,,,,,,,,,,,,,,,,,,42.84,,,,42.63,42.43,42.43,42.48,42.48,42.48,42.48,42.48,42.88,42.88,42.88,42.88,42.88,42.83,42.83,42.83,,42.83,
CRI,TM.TAX.MANF.BC.ZS,,,,,,,,,,,,,,,,,,,,,,,,,,,,,,,,,,,,100,,,,100,100,100,99.95,99.95,99.95,99.95,99.95,99.97,99.97,99.97,99.97,99.97,100,100,100,,100,
CRI,TM.QTY.MRCH.XD.WD,,,,,,,,,,,,,,,,,,,,,23.63929058,16.74053419,12.88484227,14.58694204,17.11982468,17.19026376,20.41132148,23.02175285,22.51814086,26.09968914,28.83798724,27.19875703,35.7052209,51.42271561,58.71472332,58.73512684,62.13286058,73.3865835,96.68827883,101.4993459,100,105.5644772,114.3267065,120.2110166,122.5200448,137.1202345,154.5991126,177.0393435,204.6840232,163.5534725,192.3228562,216.9949938,232.3292798,239.1498176,248.8373122,258.2242061,262.4214602,
CRI,TG.VAL.TOTL.GD.ZS,38.36348657,39.03531925,43.07350994,42.76207975,46.53705626,48.90543215,48.5087701,47.82283718,49.71302299,50.93540482,55.63395833,53.39074878,52.79217483,52.31156604,69.60509144,60.54985576,56.50854631,60.19996544,57.63496033,57.76703847,52.61363727,84.49554168,67.48199404,46.80049148,45.71270629,43.23870437,41.42101671,43.5018346,43.8012104,45.61340841,46.43776349,48.47259419,50.19585244,64.37882425,63.81906356,65.04553577,69.11518289,73.23094118,86.22053642,90.8519451,81.85550059,72.83186939,75.4447399,80.04946519,78.62737435,84.45402892,87.3794364,83.34394546,81.25748735,66.0230403,61.76158537,63.00567962,62.45351038,59.51690533,56.77669843,46.85398494,43.10207954,
CRI,ST.INT.XPND.MP.ZS,,,,,,,,,,,,,,,,,,,,,,,,,,,,,,,,,,,,8.483687334,8.313403675,8.585032499,8.600769271,9.849072892,8.439455266,6.751328958,6.320381949,5.907414472,6.028831357,6.092017717,5.489945247,6.122910354,4.943001803,4.325565957,4.122273639,4.058081216,3.922435035,3.860634728,3.786500664,5.237850306,5.728387044,
CRI,ST.INT.XPND.CD,,,,,,,,,,,,,,,,,,,,,,,,,,,,,,,,,,,,336000000,357000000,401000000,466000000,509000000,551000000,434000000,430000000,434000000,481000000,556000000,577000000,751000000,718000000,462000000,533000000,620000000,647000000,649000000,657000000,898000000,1038000000,
CRI,ST.INT.TVLX.CD,,,,,,,,,,,,,,,,,,,,,,,,,,,,,,,,,,,,323000000,336000000,348000000,409000000,447000000,485000000,364000000,345000000,353000000,406000000,470000000,485000000,634000000,593000000,367000000,424000000,400000000,422000000,425000000,450000000,690000000,809000000,
CRI,ST.INT.TVLR.CD,,,,,,,,,,,,,,,,,,,,,,,,,,,,,,,,,,,,681000000,710000000,742000000,914000000,1098000000,1302000000,1173000000,1161000000,1293000000,1459000000,1671000000,1707000000,2026000000,2283000000,1815000000,1999000000,2423000000,2529000000,2928000000,2996000000,3266000000,3879000000,
CRI,ST.INT.TRNX.CD,,,,,,,,,,,,,,,,,,,,,,,,,,,,,,,,,,,,13000000,21000000,53000000,57000000,62000000,66000000,70000000,85000000,81000000,75000000,86000000,92000000,117000000,125000000,95000000,109000000,220000000,225000000,224000000,207000000,208000000,229000000,
CRI,ST.INT.TRNR.CD,,,,,,,,,,,,,,,,,,,,,,,,,,,,,,,,,,,,82000000,87000000,118000000,124000000,158000000,175000000,166000000,131000000,131000000,127000000,139000000,158000000,195000000,250000000,186000000,180000000,223000000,244000000,243000000,141000000,142000000,77000000,
CRI,ST.INT.RCPT.XP.ZS,,,,,,,,,,,,,,,,,,,,,,,,,,,,,,,,,,,,20.6551164,19.60465986,19.93738733,19.7613785,20.19548936,22.78200277,20.57706377,19.76889102,20.16094261,20.07283974,20.64786138,18.84008083,20.20207304,20.90272775,18.56838157,17.41248707,18.78779428,18.32638816,20.04995371,18.94130965,19.90033597,21.02691081,
CRI,ST.INT.RCPT.CD,,,,,,,,,,,,,,,,,,,,,,,,,,,,,,,,,,,,763000000,797000000,860000000,1038000000,1256000000,1477000000,1339000000,1292000000,1424000000,1586000000,1810000000,1865000000,2221000000,2533000000,2001000000,2179000000,2646000000,2773000000,3171000000,3137000000,3408000000,3956000000,
CRI,ST.INT.DPRT,,,,,,,,,,,,,,,,,,,,,,,,,,,,,,,,,,,,273000,283000,288000,330000,353000,381000,361000,364000,373000,425000,487000,485000,577000,528000,579000,662000,717000,773000,790000,798000,919000,1036000,
CRI,ST.INT.ARVL,,,,,,,,,,,,,,,,,,,,,,,,,,,,,,,,,,,,785000,781000,811000,943000,1032000,1088000,1131000,1113000,1239000,1453000,1679000,1725000,1980000,2089000,1923000,2100000,2192000,2343000,2428000,2527000,2660000,2925000,
CRI,NY.EXP.CAPM.KN,2.62538E+11,2.6909E+11,2.98934E+11,3.08429E+11,3.5389E+11,3.4932E+11,4.07014E+11,4.26521E+11,5.14776E+11,5.62295E+11,6.73414E+11,6.4732E+11,7.41624E+11,7.96718E+11,7.2312E+11,7.53465E+11,9.29494E+11,1.19272E+12,1.18043E+12,1.12435E+12,1.07867E+12,9.92338E+11,9.67387E+11,1.01607E+12,1.17157E+12,1.18458E+12,1.49464E+12,1.53712E+12,1.70052E+12,1.88738E+12,1.94413E+12,2.08506E+12,2.52532E+12,2.77542E+12,2.97579E+12,3.30435E+12,3.38156E+12,3.87149E+12,4.5534E+12,4.56598E+12,4.56717E+12,4.65721E+12,4.6878E+12,4.90689E+12,5.28851E+12,5.47939E+12,5.79323E+12,6.05698E+12,5.9543E+12,5.85093E+12,6.66934E+12,7.0012E+12,7.51848E+12,7.81299E+12,8.34611E+12,8.8575E+12,1.00259E+13,
CRI,NE.TRD.GNFS.ZS,47.59306432,47.1784853,49.93407708,50.31135652,54.01583016,56.95303006,55.97658828,57.07287475,61.30844522,59.47695331,63.20944327,64.89281343,67.77428857,68.34212127,81.87156172,68.60978582,63.81967005,67.20368481,64.21263938,64.11618942,63.29690474,91.4445351,87.24876915,60.77948138,58.03479822,55.84058597,53.98014528,57.41168656,60.9217738,64.36063807,66.50058764,71.71149251,76.41254257,79.73148099,78.40226371,80.22558741,84.49225589,88.04966468,92.48985619,87.90394017,86.89600867,81.17188891,80.77460673,83.69477623,85.63212088,89.63585907,90.26285213,86.91153383,86.93442958,70.17782049,68.21857605,69.45106888,68.14453677,65.61837454,67.0138071,61.90837056,63.52421231,
CRI,NE.RSB.GNFS.ZS,-4.761450462,-3.61865547,-2.75534077,-4.556177128,-3.492095395,-10.0139972,-5.710757192,-6.182696947,-4.511674264,-5.191590098,-6.76986763,-10.38812009,-6.436378685,-6.100920982,-14.81041273,-8.485770613,-6.001761013,-5.465864285,-7.850259288,-10.27052642,-10.34113709,-4.90782323,2.919026615,-0.934216097,-0.02636378,-1.600122241,0.071445105,-4.054284847,-2.224820598,-3.820948375,-6.062875767,-4.645069173,-5.555727479,-7.312665264,-6.260321585,-3.535829901,-4.054057246,-4.416957076,-4.13252812,-2.432994558,-0.6671274,0.165035238,-1.973686238,-1.9930226,-0.844877286,-2.304240851,-3.202389067,-5.320168912,-8.842798324,-0.497675542,-1.872660671,-3.737902958,-3.805399112,-2.952339729,-2.459816323,-1.836609782,-0.303303038,
CRI,NE.RSB.GNFS.CD,-24165019.61,-17743179,-13203064.62,-23323168.07,-18947354.18,-59381116.98,-36966052.83,-43245283.02,-34913207.55,-44316981.13,-66671698.11,-111895937.1,-79698568.2,-93277968.35,-246822156.4,-166394375.7,-144795811,-167934690.8,-276581026.8,-414469078.2,-499626557.8,-128771813.1,76087968.2,-37148673.05,-1211128.003,-76751918.81,3913688.172,-236816168.6,-134907767.5,-262361676.7,-448862419.7,-333004982.4,-473825389.6,-697430642,-653115523.5,-407096810.1,-471011987.9,-554419604.5,-562743108.2,-345378745.4,-99732307.99,26262656.98,-325752876.4,-342717526.3,-156553800.5,-459745740.1,-723753759.5,-1422819286,-2707039909,-152101396.5,-697915075.5,-1579738633,-1768488011,-1468644000,-1246044628,-1007198712,-174203638.5,
CRI,NE.IMP.GNFS.ZS,26.17725739,25.39857038,26.34470893,27.43376683,28.75396278,33.48351363,30.84367274,31.62778585,32.91005974,32.3342717,34.98965545,37.64046676,37.10533363,37.22152112,48.34098722,38.54777822,34.91071553,36.33477455,36.03144933,37.19335792,36.81902092,48.17617916,42.16487127,30.85684874,29.030581,28.7203541,26.95435009,30.7329857,31.5732972,34.09079322,36.2817317,38.17828084,40.98413502,43.52207313,42.33129265,41.88070865,44.27315657,46.23331088,48.31119216,45.16846736,43.78156804,40.50342684,41.37414649,42.84389942,43.23849908,45.97004996,46.7326206,46.11585137,47.88861395,35.33774801,35.04561836,36.59448592,35.97496794,34.28535714,34.73681171,31.87249017,31.91375768,
CRI,NE.IMP.GNFS.KD.ZG,,-2.215677887,6.390090975,10.78433229,8.910579005,23.72270089,0.226461516,6.138437345,12.5248346,12.28479555,24.65037783,7.078491265,0.357667531,6.201264757,9.404232234,-7.325604112,16.17927717,25.07372998,7.503282762,2.916467784,-3.432069258,-26.33809761,-18.11433763,15.80938582,11.91574376,6.978110089,18.83055715,18.78450613,3.316049752,16.19037137,9.812221799,1.700754901,23.06102316,14.19195024,4.686315218,3.344288431,3.141480547,14.99015615,16.32813302,-3.08092389,-3.897298607,0.010073646,6.129696383,4.543605662,4.811516272,6.945546872,7.816208368,10.08846416,6.658714081,-18.73628821,18.72644466,10.67093218,7.824973053,1.680636781,5.064811458,4.641940699,7.691934631,
CRI,NE.IMP.GNFS.KD,594876342.8,581695799.2,618866689.9,685607330.2,746698913,923836062.7,925928195.9,982765718,1105855499,1241707586,1547793197,1657353604,1663281419,1766425904,1932544698,1790974124,2080740792,2602460119,2797730061,2879324957,2780504530,2048172533,1677159645,1942308284,2173748762,2325435344,2763327776,3282405251,3391251442,3940307645,4326939370,4400530004,5415337247,6183879214,6473675287,6690173661,6900344165,7934716530,9230307599,8945928848,8597279287,8598145347,9125185551,9539797998,9998806931,10693278753,11529087702,12692195583,13537332598,11000938946,13061023690,14454756671,15585837485,15847778802,16650438919,17423342420,18763534529,
CRI,NE.IMP.GNFS.CD,132853201.6,124535586.4,126238793.4,140434038.6,156012781.8,198550928.3,199652830.2,221222641.5,254671698.1,276015109.4,344588679.2,405445380.2,459457422.8,569085860.9,805624186.6,755869299.9,842240361.7,1116359428,1269463197,1500945146,1778891482,1264049997,1099078497,1227008386,1333638392,1377608679,1476531124,1795154558,1914528768,2340810917,2686102521,2737000735,3495370105,4150829595,4416262645,4821923955,5143782196,5803238177,6578730899,6411945533,6545131899,6445457476,6828718248,7367380193,8011993538,9172016299,10561774083,12333165317,14660109210,10800050161,13061023690,15465817011,16718693002,17055281117,17596280345,17478906710,18329828592,
CRI,NE.EXP.GNFS.ZS,21.41580693,21.77991491,23.58936816,22.8775897,25.26186738,23.46951643,25.13291555,25.4450889,28.39838548,27.14268161,28.21978782,27.25234667,30.66895494,31.12060014,33.53057449,30.06200761,28.90895452,30.86891026,28.18119004,26.9228315,26.47788383,43.26835593,45.08389788,29.92263264,29.00421722,27.12023186,27.02579519,26.67870085,29.3484766,30.26984485,30.21885594,33.53321167,35.42840754,36.20940786,36.07097106,38.34487875,40.21909932,41.8163538,44.17866404,42.7354728,43.11444064,40.66846207,39.40046025,40.85087682,42.3936218,43.66580911,43.53023153,40.79568246,39.04581563,34.84007247,33.17295769,32.85658296,32.16956883,31.33301741,32.27699539,30.03588039,31.61045464,
CRI,NE.EXP.GNFS.KD.ZG,,-1.834855518,11.94826479,2.530170719,12.25102287,2.622614347,17.64898113,7.375906528,29.09529224,9.635258554,15.39959471,8.532723754,17.06405417,7.288338133,7.261060291,-1.971740696,5.420111594,8.155147995,9.939697552,3.259112902,-4.343752692,11.11936116,-5.457702581,-1.311734922,10.08161297,-3.827641416,1.635850206,20.24568154,11.75558314,16.65087613,9.932638543,5.544891803,17.06781858,8.09480887,3.941272021,11.01838539,6.256557353,8.69546091,14.45886381,5.118522135,2.240461004,1.702017729,2.680097091,5.67102943,10.38334156,6.011896849,8.041497057,7.522935628,2.172059817,-8.461752653,9.327452509,7.04810415,5.569503497,3.308131695,5.186279555,0.032656524,9.488477745,
CRI,NE.EXP.GNFS.KD,402900137.3,395507501.9,442763785.5,453966465.1,509582000.6,522946371.2,615241077.6,660620684.4,852830203.1,935002598.2,1078989209,1171056377,1370886072,1470800884,1577596623,1546490509,1630312020,1763266378,1938529723,2001708595,1914759324,2127668329,2011546520,1985160361,2185296546,2101651230,2136031096,2568485150,2870425557,3348376560,3680958701,3885063879,4548159533,4916324355,5110090071,5673139489,6028082715,6552252291,7499633526,7883503928,8060130759,8197315614,8417011631,8894342838,9817872834,10408113222,11245081340,12091041571,12353666226,11308329547,12363108615,13234473386,13971567844,14433765708,15182341148,15187299173,16628342675,
CRI,NE.EXP.GNFS.CD,108688182,106792407.4,113035728.8,117110870.5,137065427.6,139169811.3,162686777.4,177977358.5,219758490.6,231698128.3,277916981.1,293549443.1,379758854.6,475807892.5,558802030.3,589474924.2,697444550.8,948424737.5,992882170.4,1086476068,1279264924,1135278184,1175166465,1189859713,1332427264,1300856760,1480444812,1558338389,1779621000,2078449241,2237240102,2403995753,3021544716,3453398954,3763147122,4414827145,4672770208,5248818573,6015987791,6066566788,6445399591,6471720133,6502965372,7024662666,7855439738,8712270559,9838020324,10910346032,11953069301,10647948764,12363108615,13886078378,14950204991,15586637117,16350235718,16471707998,18155624953,
CRI,MS.MIL.XPRT.KD,,,,,,,,,,,,,,,,,,,,,,,,,,,,,,,,,,,,,,,,,,,,,,,,,0,,,,,,,,,
CRI,MS.MIL.MPRT.KD,,,,1000000,,,0,,,,,,,2000000,,3000000,,,6000000,2000000,1000000,,,,0,2000000,1000000,,,2000000,,,,3000000,,,,,,,,,,,,,,,,,,,1000000,,1000000,,,
CRI,LP.LPI.TRAC.XQ,,,,,,,,,,,,,,,,,,,,,,,,,,,,,,,,,,,,,,,,,,,,,,,,2.57,,,3.13,,2.81,,2.82807,,2.773504,
CRI,LP.LPI.TIME.XQ,,,,,,,,,,,,,,,,,,,,,,,,,,,,,,,,,,,,,,,,,,,,,,,,2.89,,,3.71,,3.19,,3.038596,,2.975127,
CRI,LP.LPI.OVRL.XQ,,,,,,,,,,,,,,,,,,,,,,,,,,,,,,,,,,,,,,,,,,,,,,,,2.55,,,2.91,,2.75,,2.700719,,2.64897,
CRI,LP.LPI.LOGS.XQ,,,,,,,,,,,,,,,,,,,,,,,,,,,,,,,,,,,,,,,,,,,,,,,,2.43,,,2.8,,2.53,,2.861821,,2.551282,
CRI,LP.LPI.ITRN.XQ,,,,,,,,,,,,,,,,,,,,,,,,,,,,,,,,,,,,,,,,,,,,,,,,2.53,,,2.64,,2.85,,2.632331,,2.893244,
CRI,LP.LPI.INFR.XQ,,,,,,,,,,,,,,,,,,,,,,,,,,,,,,,,,,,,,,,,,,,,,,,,2.43,,,2.56,,2.6,,2.432331,,2.317628,
CRI,LP.LPI.CUST.XQ,,,,,,,,,,,,,,,,,,,,,,,,,,,,,,,,,,,,,,,,,,,,,,,,2.49,,,2.61,,2.47,,2.389128,,2.325641,
CRI,LP.IMP.DURS.MD,,,,,,,,,,,,,,,,,,,,,,,,,,,,,,,,,,,,,,,,,,,,,,,,4,,,2,,1,,2,,4,
CRI,LP.EXP.DURS.MD,,,,,,,,,,,,,,,,,,,,,,,,,,,,,,,,,,,,,,,,,,,,,,,,4,,,2,,2,,1,,3,
CRI,IC.IMP.TMDC,,,,,,,,,,,,,,,,,,,,,,,,,,,,,,,,,,,,,,,,,,,,,,,,,,,,,,,26,26,26,
CRI,IC.IMP.TMBC,,,,,,,,,,,,,,,,,,,,,,,,,,,,,,,,,,,,,,,,,,,,,,,,,,,,,,,80,80,80,
CRI,IC.IMP.DURS,,,,,,,,,,,,,,,,,,,,,,,,,,,,,,,,,,,,,,,,,,,,,,35,35,18,18,14,14,14,14,14,14,,,
CRI,IC.IMP.DOCS,,,,,,,,,,,,,,,,,,,,,,,,,,,,,,,,,,,,,,,,,,,,,,5,5,5,5,5,5,5,5,5,5,,,
CRI,IC.IMP.CSDC.CD,,,,,,,,,,,,,,,,,,,,,,,,,,,,,,,,,,,,,,,,,,,,,,,,,,,,,,,75,75,75,75
CRI,IC.IMP.CSBC.CD,,,,,,,,,,,,,,,,,,,,,,,,,,,,,,,,,,,,,,,,,,,,,,,,,,,,,,,400,400,420,420
CRI,IC.IMP.COST.CD,,,,,,,,,,,,,,,,,,,,,,,,,,,,,,,,,,,,,,,,,,,,,,1100,1100,1100,1190,1190,1190,1190,1020,1070,1070,,,
CRI,IC.EXP.TMDC,,,,,,,,,,,,,,,,,,,,,,,,,,,,,,,,,,,,,,,,,,,,,,,,,,,,,,,24,24,24,
CRI,IC.EXP.TMBC,,,,,,,,,,,,,,,,,,,,,,,,,,,,,,,,,,,,,,,,,,,,,,,,,,,,,,,20,20,20,
CRI,IC.EXP.DURS,,,,,,,,,,,,,,,,,,,,,,,,,,,,,,,,,,,,,,,,,,,,,,36,36,18,18,14,14,14,14,14,14,,,
CRI,IC.EXP.DOCS,,,,,,,,,,,,,,,,,,,,,,,,,,,,,,,,,,,,,,,,,,,,,,5,5,5,5,5,5,5,5,5,5,,,
CRI,IC.EXP.CSDC.CD,,,,,,,,,,,,,,,,,,,,,,,,,,,,,,,,,,,,,,,,,,,,,,,,,,,,,,,80,80,80,80
CRI,IC.EXP.CSBC.CD,,,,,,,,,,,,,,,,,,,,,,,,,,,,,,,,,,,,,,,,,,,,,,,,,,,,,,,347,347,375,375
CRI,IC.EXP.COST.CD,,,,,,,,,,,,,,,,,,,,,,,,,,,,,,,,,,,,,,,,,,,,,,1070,1070,1070,1160,1160,1160,1160,1000,1020,1020,,,
CRI,IC.CUS.DURS.EX,,,,,,,,,,,,,,,,,,,,,,,,,,,,,,,,,,,,,,,,,,,,,,3.4,,,,,10,,,,,,,
CRI,GC.TAX.IMPT.ZS,,,,,,,,,,,,,22.34042553,21.25984252,20.55555556,15.31100478,15.07936508,16.35802469,17.27748691,18.49148418,17.04781705,12.72984441,8.022690438,8.739837398,17.75739892,20.44156833,21.71918018,23.78865352,39.78996499,38.56433099,27.46447927,27.25420821,20.95534938,21.00994084,20.51376147,19.38118423,11.30820399,12.56451134,10.96980037,7.342245489,6.901195085,6.495726496,6.345145838,5.837075048,6.260269607,6.320255157,6.578167873,6.702455093,6.563608933,5.255486147,5.146979683,5.336433275,5.075956674,4.678894249,4.743051716,4.448451082,,
CRI,GC.TAX.EXPT.ZS,,,,,,,,,,,,,2.127659574,1.57480315,12.77777778,16.74641148,14.28571429,14.19753086,12.04188482,12.40875912,11.85031185,26.59123055,26.2560778,17.02235772,13.13047103,11.30567187,13.27623126,15.33966399,17.5807079,18.17714579,12.12831405,5.500160823,4.320092781,2.640726962,2.322411533,4.366263546,1.186904917,1.280769543,1.305031795,1.032065065,0.31981148,0.299145299,0.190605171,0.256574727,0.166242488,0.174520337,0.079890054,0.117867012,0.189037777,0.201288349,0.154894963,0.139708596,0.1228311,0.142742095,0.132859584,0.111728368,,
CRI,EG.IMP.CONS.ZS,,,,,,,,,,,,58.28408701,58.42525014,60.98044624,59.1986491,61.10698526,59.44001244,64.92202974,65.53390494,64.90635907,60.47466307,56.10688058,54.16365016,49.23328507,48.82820739,52.62895134,53.83864136,55.730671,55.6775835,59.14331352,59.34937491,59.49460751,58.85796963,58.3026787,57.37456781,59.38989898,57.70607381,58.43798785,63.75767191,60.59017112,57.6055546,56.46518398,53.8170966,56.38651683,47.46354156,46.91544756,47.90322342,49.37481867,48.86697271,48.10265684,47.56954063,48.19643162,47.91574482,49.04993582,49.8341838,,,
CRI,BX.GSR.TRVL.ZS,,,,,,,,,,,,,,,,,,47.95996921,51.02184637,47.6744186,43.71781668,55.97189696,54.87200661,48.29215116,44.36697248,44.59410266,45.57755776,42.92494809,42.17987451,42.79975899,46.79802956,49.2334394,52.30001189,56.53805446,53.0376569,60.563756,53.96313889,52.59018679,43.60352448,30.57239458,63.14095232,56.83283848,57.25089087,58.72720025,58.55736091,58.45461415,53.17542744,54.84628332,55.63430517,48.86134234,44.72911185,41.90219715,40.73648506,42.13609107,42.16569093,42.45710119,44.85326579,
CRI,BX.GSR.TRAN.ZS,,,,,,,,,,,,,,,,,,27.09776751,19.87315011,21.18863049,24.87126674,19.49648712,23.49298101,21.29360465,22.16513761,18.01965781,17.92079208,16.9089291,16.918429,16.14782085,15.59934319,15.22996818,15.86829906,14.22111036,14.43514644,11.92423973,11.33954019,13.07492398,9.650797591,6.920376598,12.58280575,12.27327302,11.2091213,10.44254303,9.160564819,8.769196301,8.778494511,8.983385257,9.649381058,9.646493277,8.12684821,8.374142605,8.702424,7.778412612,6.140720544,6.447772726,4.946162916,
CRI,BX.GSR.TOTL.CD,,,,,,,,,,,,,,,,,,969100000,1025000000,1111300000,1218600000,1199300000,1143400000,1172600000,1313700000,1270200000,1440200000,1492300000,1658800000,1951200000,2093500000,2300900000,2693200000,3017300000,3471600000,3840400000,4207850000,4498944000,5435370000,6417432599,6828328898,6748867876,6711075019,7223519286,8101357122,9085793006,10350291168,11533071115,12568404496,11067310212,12785671893,14378962229,15434698895,16061176865,16906272223,17443847022,19130487712,
CRI,BX.GSR.NFSV.CD,,,,,,,,,,,,,,,,,,129900000,141900000,154800000,194200000,170800000,242200000,275200000,272500000,274700000,303000000,337100000,430300000,497900000,609000000,691400000,841300000,1039300000,1195000000,1124600000,1315750000,1411404000,2095060000,3592570079,2303318558,2312224495,2266628092,2455809455,2780754636,3197093709,3588342113,4119711819,4604258795,4153504973,5021461778,5782232666,6208551333,6949171456,7106117782,7693596630,8647784577,
CRI,BX.GSR.MRCH.CD,,,,,,,,,,,,,,,,,,827800000,863900000,942100000,1000900000,1002600000,869000000,852500000,997500000,939100000,1084800000,1106700000,1180700000,1333400000,1354200000,1498100000,1739100000,1866800000,2122000000,2569400000,2749610000,2902100000,3157610000,2626640447,4179869135,4195020731,4268892785,4607352359,5120469210,5568947320,6310766159,6874209427,7513776854,6622878484,7492546077,8301379073,8922635328,8866326406,9455567011,9431742383,10166201156,
CRI,BX.GSR.INSF.ZS,,,,,,,,,,,,,,,,,,0.076982294,0.493305144,0.904392765,0.669412976,0.995316159,0.701899257,1.199127907,0.146788991,0,0,0,0,0,0,1.417413943,0,0,0,-0.142272808,0.155804674,0.366301923,0.339847069,0.254219119,0.123373461,0.173549107,0.205122104,0.18241799,0.419165601,0.368901816,0.343442672,0.331989696,0.349000906,0.331924744,0.304787814,0.306418996,0.292986074,0.621845897,1.237328395,0.874642412,0.816200637,
CRI,BX.GSR.GNFS.CD,,,,,,,,,,,,,,,,,,957700000,1005800000,1096900000,1195100000,1173400000,1111200000,1127700000,1270000000,1213800000,1387800000,1443800000,1611000000,1831300000,1963200000,2189500000,2580400000,2906100000,3317000000,3694000000,4065360000,4313504000,5252670000,6219210526,6483187693,6507245226,6535520877,7063161814,7901223846,8766041030,9899108272,10993921246,12118035649,10776383457,12514007855,14083611738,15131186661,15815497861,16561684793,17125339013,18813985733,
CRI,BX.GSR.CMCP.ZS,,,,,,,,,,,,,,,,,,24.86528099,28.61169838,30.23255814,30.7415036,23.53629977,20.93311313,29.21511628,33.32110092,37.38623953,36.50165017,40.16612281,40.90169649,41.05242016,37.60262726,34.11917848,31.83168905,29.24083518,32.52719665,27.65427708,34.54151625,33.96858731,46.40583086,62.25300971,24.15286847,30.72033939,31.33486573,30.64783874,31.86290867,32.40728773,37.70263538,35.83834173,34.36731286,41.16023964,46.83925213,49.41724125,50.26810487,49.46365042,50.45626013,50.22048367,49.38437065,
CRI,BX.GSR.CCIS.ZS,,,,,,,,,,,,,,,,,,,,,,,,,,,,,,,,,,,,12.48443891,13.53980619,13.02702841,9.812606799,5.261219568,8.950760924,15.27830208,15.18784532,15.6186494,16.46273344,18.32284434,24.31169495,25.15222077,24.8066986,31.14850221,36.44166261,38.55699206,38.81870975,40.12287251,43.64242609,46.90267841,46.12310752,
CRI,BX.GSR.CCIS.CD,,,,,,,,,,,,,,,,,,,,,,,,,,,,,,,,,,,,140400000,178150000,183864000,205580000,189013000,206164537.5,353268643.2,344251968.7,383564268.7,457788223.3,585798503.9,872386788.4,1036199012,1142164602,1293754588,1829904159,2229454990,2410079522,2788207204,3101282201,3608502886,3988626979,
CRI,BN.GSR.MRCH.CD,,,,,,,,,,,,,,,,,,-97300000,-185500000,-315100000,-374300000,-88000000,64100000,-41800000,4600000,-61900000,39600000,-138500000,-97900000,-238600000,-442500000,-199500000,-471800000,-760800000,-605800000,-476700000,-509770000,-772660000,-1142700000,-1395111553,-1001068046,-1045688560,-1350055394,-1448498488,-1422036935,-2046085270,-2532540001,-3455241307,-5145159854,-2581921426,-3547874028,-5027329796,-5347973288,-5558816831,-5328762130,-4627747777,-4420985871,
CRI,BN.GSR.GNFS.CD,,,,,,,,,,,,,,,,,,-166400000,-272300000,-427100000,-466300000,-134200000,66000000,-20000000,15800000,-68900000,39000000,-192500000,-91300000,-236700000,-383200000,-42900000,-341100000,-537900000,-270900000,-266542000,-228910000,-357416000,-165450000,1051211410,-45669711.17,78881229.51,-267865429.1,-283537864.9,-77105144.68,-360655999.1,-611014762.4,-1271487793,-2407550799,95700175.17,-415750007.2,-1194544784,-1363669067,-995209335.8,-789427970.8,-19099020.63,693701751.2,
CRI,BM.GSR.TRVL.ZS,,,,,,,,,,,,,,,,,,25.82914573,26.93484915,23.76311844,21.10412299,22.35023041,18.26883063,20.63930545,20.93379258,20.58927938,21.96969697,19.71362823,17.98442294,24.05241935,28.28815718,28.83320868,31.98705319,33.03527683,35.26334147,35.30021587,32.46915131,34.93113556,36.58135103,39.00467829,35.53933401,30.28211486,28.74827362,27.00810594,27.89539083,30.65337265,28.73470525,32.30314728,31.40869195,24.60468391,22.12435672,20.5212903,18.97492329,17.80819168,17.53406522,22.3714237,22.9049491,
CRI,BM.GSR.TRAN.ZS,,,,,,,,,,,,,,,,,,54.32160804,53.25754263,54.72263868,58.24598183,55.52995392,51.64377861,49.8026835,48.56486797,48.73979411,47.0685112,43.21145487,38.23459995,38.79032258,40.47662361,41.77262528,38.93892485,41.68299853,41.00685967,40.5648472,38.65241717,37.50401542,37.19773486,38.35601415,27.9287607,31.95429247,34.4725153,39.83209719,40.28709441,39.67519274,37.91540357,38.46302204,35.69696386,37.79084181,41.25061742,43.32571144,44.11171344,42.05230724,37.48327062,32.69415205,29.84231815,
CRI,BM.GSR.TOTL.CD,,,,,,,,,,,,,,,,,,1210500000,1404800000,1681700000,1897000000,1635502533,1446000000,1521500000,1605703890,1614910000,1672100000,1974730000,2092700000,2557500000,2709400000,2517700000,3236900000,3780600000,3870900000,4332442000,4621000000,5105320000,6069330000,7187848620,7562763243,7404084934,7741447895,8304127156,8966376243,10199763837,11621861539,13491924963,15564580127,11972788069,14387610287,16991634199,18254067125,18884468165,19809609581,19842849511,21301234393,
CRI,BM.GSR.NFSV.CD,,,,,,,,,,,,,,,,,,199000000,228700000,266800000,286200000,217000000,240300000,253400000,261300000,281700000,303600000,391100000,423700000,496000000,549700000,534800000,710600000,816400000,860100000,914442000,1034890000,996160000,1117810000,1146247116,1347920224,1187654706,1184438127,1290848832,1435822845,1511664439,1666816875,1935958305,1866649740,1475883372,1889337758,1949447654,2224247112,2385563960,2566783623,3084947874,3533096955,
CRI,BM.GSR.MRCH.CD,,,,,,,,,,,,,,,,,,925100000,1049400000,1257200000,1375200000,1090600000,804900000,894300000,992900000,1001000000,1045200000,1245200000,1278600000,1572000000,1796700000,1697600000,2210900000,2627600000,2727800000,3046100000,3259380000,3674760000,4300310000,4021752000,5180937181,5240709291,5618948179,6055850847,6542506146,7615032590,8843306159,10329450733,12658936708,9204799910,11040420104,13328708868,14270608616,14425143237,14784329141,14059490160,14587187026,
CRI,BM.GSR.INSF.ZS,,,,,,,,,,,,,,,,,,7.83919598,7.608220376,7.383808096,6.743535989,8.01843318,6.07573866,6.906077348,8.304630693,7.916222932,8.465085639,7.005880849,7.410903941,6.491935484,5.912315809,2.299925206,6.037151703,6.308182264,6.278339728,4.527351106,3.981099441,4.1178124,3.220583104,3.748267664,16.73081536,13.8227923,11.25605658,9.769244172,10.42139494,12.57953326,14.61841132,13.12097496,13.57968034,13.28720061,10.60700168,10.31274792,9.873908488,12.62157717,14.06030598,12.48006575,10.69787328,
CRI,BM.GSR.GNFS.CD,,,,,,,,,,,,,,,,,,1124100000,1278100000,1524000000,1661400000,1307600000,1045200000,1147700000,1254200000,1282700000,1348800000,1636300000,1702300000,2068000000,2346400000,2232400000,2921500000,3444000000,3587900000,3960542000,4294270000,4670920000,5418120000,5167999116,6528857404,6428363997,6803386306,7346699679,7978328991,9126697029,10510123034,12265409039,14525586447,10680683281,12929757862,15278156522,16494855728,16810707197,17351112764,17144438034,18120283981,
CRI,BM.GSR.CMCP.ZS,,,,,,,,,,,,,,,,,,12.01005025,12.19938784,14.13043478,13.90635919,14.10138249,24.0116521,22.6519337,22.19670876,22.75470359,22.49670619,30.06903605,36.37007316,30.66532258,25.3229034,27.09424084,23.03687025,18.97354238,17.45145913,19.60758583,24.89733208,23.44703662,23.000331,18.8910399,19.80108993,23.94080036,25.5231545,23.3905527,21.39611982,17.09190135,18.73147987,16.11285572,19.31466385,24.31727367,26.01802419,25.84025034,27.03945478,27.5179239,30.92235818,32.4543585,36.55485947,
CRI,BG.GSR.NFSV.GD.ZS,,,,,,,,,,,,,,,,,,10.70489221,10.5188202,10.44723036,9.94319093,14.7800501,18.51055266,13.29325083,11.61973458,11.59981442,11.07359574,12.46675953,14.08367232,14.4748297,15.65079597,17.1042,18.19643621,19.45729384,19.69879206,17.71005199,20.23224328,19.18061115,23.59384847,33.3822408,24.42379491,21.99333433,20.90947585,21.78813181,22.75569503,23.60024669,23.25247153,22.64320442,21.13782621,18.41935027,18.54320525,18.29433689,18.14553648,18.76513998,19.09527174,19.65449324,21.2079289,
