DNK,TX.VAL.TRVL.ZS.WT,,,,,,,,,,,,,,,,23.56640181,22.86855874,23.26175297,24.1466645,,,21.52729105,24.56530712,25.81835011,25.97772999,24.93438099,28.31735956,28.6275354,25.30144463,24.3866587,26.22055437,24.17350903,28.01095497,24.94982363,24.31855209,24.32967073,20.92854415,22.47330107,21.27223944,18.50729663,15.47683767,15.92804238,17.96776855,16.6431781,15.56854291,12.05253333,10.56422474,9.525785405,8.582520029,9.95748904,9.493615678,10.18053221,9.696238341,10.03560325,10.44283884,10.42421097,11.76216446,
DNK,TX.VAL.TRAN.ZS.WT,,,,,,,,,,,,,,,,32.07156959,32.75251338,34.00160319,32.57090765,,,45.26940847,43.45344121,46.32975878,43.32724884,39.66354862,35.9620175,31.76343554,32.74875493,37.53230156,32.45258521,32.25516853,34.8498561,43.13501362,45.18920662,44.64119987,43.98161326,49.9761037,47.98795332,38.1206671,45.4844929,44.90945879,41.20591835,44.27542554,47.07250753,61.95379379,62.8329262,63.71657324,63.64306148,56.96809772,62.17166716,60.25526922,59.8830011,60.55618928,60.88382531,57.23801519,52.37378319,
DNK,TX.VAL.TECH.MF.ZS,,,,,,,,,,,,,,,,,,,,,,,,,,,,,13.45060886,14.61325008,15.53672912,15.04018113,14.83451181,15.15305908,16.78320047,15.99296514,16.88849667,18.42618596,18.22871043,19.9853287,21.43657116,20.82227807,22.45632012,20.19696105,20.31240864,19.60682332,18.44724634,16.97934924,15.57597264,17.5020208,13.937023,13.74682076,14.21610797,14.32993543,14.42056656,15.9628968,15.67240442,
DNK,TX.VAL.TECH.CD,,,,,,,,,,,,,,,,,,,,,,,,,,,,,2213757474,2405121599,3255151603,3191576923,3587812275,3255458748,4048539560,4663250471,4899835067,5678362296,5648612310,6487722405,6752348446,6904684053,8313257009,8648725467,9971737472,10163186455,10461505789,11177588910,11444550232,10414112654,8113595952,9359227447,8742028850,9226707230,9762544928,9375393736,9302857743,
DNK,TX.VAL.SERV.CD.WT,,,,,,,,,,,,,,,,3154784109,3518253145,4034250420,4684495676,5298742809,5862318386,5742531305,5272836909,5018363431,4954613326,5391415225,6268239252,7738801251,9500706445,9443297732,12731038616,14235966001,14034381650,12478923457,13578257039,15170749976,16341054825,14043575942,15211581443,19981531486,23721283806,25134384299,26666607078,31672415258,36304296014,43585785983,52958428070,62985147950,73796838949,56833807000,61202969117,67021336511,67140715069,71216176491,73049538517,64063656083,60087217928,
DNK,TX.VAL.OTHR.ZS.WT,,,,,,,,,,,,,,,,41.88659069,41.77367573,39.91184488,40.57285772,,,30.46711281,28.91061761,24.59876804,27.84004372,32.59927681,33.17968537,37.36468202,39.63580206,35.42891086,39.03361536,41.29204928,37.13918893,31.91516276,30.49224129,31.0291294,35.08984259,27.55059523,30.73980724,43.37203627,39.03866943,39.16249883,40.8263131,39.08139636,37.35894957,24.67687359,25.27660702,25.09803964,25.71266956,30.38818161,26.01263278,27.47198963,28.68593494,27.73727635,27.10344987,30.83232375,34.14594795,
DNK,TX.VAL.MRCH.XD.WD,,,,,,,,,,,,,,,,,,,,,,,,,,,,,,,,,,,,99.50251423,100.3430523,96.30778811,95.70143576,98.39208595,100,101.0535641,112.3696456,129.9938848,150.6464478,166.362803,180.898084,201.6411724,228.5171725,183.6852253,188.4857716,218.6304853,206.1323056,216.8424432,217.9053118,186.5647798,186.4266999,
DNK,TX.VAL.MRCH.WR.ZS,,,,,,,,,,,,,,,,,,,,,,,,,,,,,,,,,,,,,,,,,,,,,,,,,,,,,,,,,,
DNK,TX.VAL.MRCH.WL.CD,1482200000,1534500000,1655200000,1899900000,2112700000,2315000000,2450200000,2530000000,2631400000,3014190000,3350640000,3681050000,4407170000,6249390000,7714570000,8711970000,9110630000,10062610000,11884320000,14692540000,16972770000,16084500000,15394900000,16047660000,15926760000,17067860000,21156010000,25584950000,27432971991,27743047915,34030114750,35087506480,41129584782,35906223210,39814398741,47482116010,47108932649,48775197313,47909964989,49355429000,51051491568,51720104866,57506898530,66485152418,77066839903,84959950400,92611533287,1.03303E+11,1.17121E+11,94041834070,96389121361,1.11864E+11,1.07086E+11,1.10949E+11,1.11493E+11,95457341426,95326364003,
DNK,TX.VAL.MRCH.RS.ZS,4.30441236,4.086021505,5.068873852,5.095005,5.059875988,5.257019438,4.313933556,4.916996047,4.879531808,4.233973306,4.12219755,4.298773448,3.99485384,3.829653774,3.898985945,3.893149311,4.11914434,4.113445716,4.519147919,4.103579095,4.223647643,3.621436787,3.445751515,3.420623318,3.515592625,3.6569318,4.03497635,3.977572753,3.944085972,4.227437063,4.128786871,3.544147281,3.101726572,2.162474353,2.202568886,2.074907276,2.070841195,2.246880959,2.263978995,0.173103551,0.094845135,0.295337744,0.445934101,0.509548643,0.650432319,0.683519924,0.128825224,0.496488483,0.674056638,0.449988212,0.261660019,0.594886304,0.873635121,0.826430692,0.408787194,0.61194799,0.674484204,
DNK,TX.VAL.MRCH.R6.ZS,1.126703549,0.853698273,0.948525858,0.989525765,1.547782458,1.576673866,1.379479226,1.458498024,1.664513187,1.607065248,3.235799728,2.001331142,2.859204433,3.187991148,2.654198484,2.121793349,1.923796708,2.321465306,1.96755052,1.536153722,1.907231407,2.649818148,2.293486804,1.894855699,2.022696393,1.722125679,1.124219548,1.076374978,1.612038244,1.267156068,2.03467988,0.560750503,1.325812254,0.807357753,1.472175272,1.312907714,0.729735546,0.670230818,0.73612594,0.62730485,0.588894925,0.621415503,0.61649468,0.687644635,0.597076427,0.578743211,0.671946956,0.590578677,0.785934826,0.580206358,0.648339667,0.67276152,0.696770483,0.832366124,0.769595763,0.993905841,0.752853318,
DNK,TX.VAL.MRCH.R5.ZS,0.964782081,0.417073965,0.386660222,0.326332965,0.369195816,0.371490281,0.530568933,0.438735178,0.372425325,0.412714527,0.299047346,0.440906806,0.275687119,0.336512844,0.41376253,0.314050668,0.264855449,0.348716685,0.400696043,0.561169138,0.363582373,0.353445864,0.512832172,0.46611157,0.611109855,0.626206214,0.675789055,0.651672174,0.412459868,0.473075865,0.473244493,0.452968267,0.584162827,0.543804178,0.672968965,1.066308519,0.770214854,0.453428048,0.42374046,0.44621231,0.430958092,0.406180727,0.387368578,0.478818723,0.600313857,0.809443134,0.522361314,0.509969713,0.612647805,0.56518336,0.670703962,0.690748529,0.619244834,0.542426513,0.560610875,0.590789104,0.726684783,
DNK,TX.VAL.MRCH.R4.ZS,1.443799757,1.335940046,1.232479459,1.073740723,1.055521371,1.192224622,1.244796343,1.308300395,1.307288896,1.309141096,1.357054175,1.444696486,1.539309807,1.348451609,1.9804085,2.773425528,2.627260683,2.784466456,2.836005762,2.37256458,2.531584414,3.597687214,3.023338898,3.406477954,3.457388697,2.001305377,1.61169332,1.344931298,1.343346977,1.273055924,1.599316003,1.373824065,1.279076054,1.395054094,1.093430108,1.040985621,0.888843144,0.885862959,0.842309858,0.926189903,0.857082654,0.886929828,0.883859405,0.841911789,0.964563623,0.797667488,0.576058379,0.83866006,0.801296646,1.045316711,1.057313073,1.076114598,1.283401204,1.262060479,1.306226308,1.144473417,1.322336024,
DNK,TX.VAL.MRCH.R3.ZS,4.473080556,4.31410883,2.869743838,2.447497237,2.13470914,2.03887689,1.938617256,2.252964427,2.394162803,3.709122517,2.096017477,2.223550346,1.950684907,1.606236769,1.81772931,3.112040101,2.416847134,2.709038709,1.642836948,1.679287584,1.529567655,2.565202524,1.51355319,1.071869668,1.192270116,1.8352623,1.225041962,0.842721991,1.059637286,1.011166235,0.845103336,1.121338227,1.269360981,1.162168392,1.456446653,1.515303673,1.330887799,1.238351269,1.382781328,1.206819619,1.272976101,1.195787036,0.976378451,0.938931175,1.013422815,0.972241695,1.054360749,1.132485306,1.257158418,1.522124693,2.108666534,1.709692441,1.996054233,2.260738374,1.932744298,2.065417108,1.872175949,
DNK,TX.VAL.MRCH.R2.ZS,0.188908379,0.234604106,0.453117448,0.3315964,0.30766318,0.457883369,0.424455147,0.509881423,0.539636695,0.480394401,0.373063057,0.355061735,0.495783008,0.421481137,0.601070442,0.566232437,0.541345659,0.42692701,0.393038895,0.285519046,0.260299291,0.310609593,0.222216448,0.275180307,0.269797498,0.278535212,0.292115574,0.305648438,0.251121169,0.272828242,0.441694476,0.363759149,0.970588699,1.735002209,1.943179474,2.546657031,2.659818573,2.974242391,2.670089987,1.907115426,1.95877195,2.361635012,2.355139064,2.588906517,2.534003906,2.76236753,3.144948784,3.600698092,3.7350158,3.488927064,3.57435889,3.74306758,3.897319307,4.028692674,3.428919043,2.761712373,2.994438152,
DNK,TX.VAL.MRCH.R1.ZS,1.018755903,1.205604431,0.845819236,0.563187536,0.534860605,0.617710583,0.640764019,1.197628458,0.81705556,0.687415193,0.796862689,0.8125399,0.829103484,0.556054271,0.923317826,1.073121234,0.593043511,0.9295799,0.959078853,0.928430346,1.221368109,0.921446113,1.947008425,1.277195554,1.088984828,1.251826532,1.156787126,1.234436651,1.247805014,0.993681869,1.24670527,1.144701377,1.235971072,1.597096706,1.548668101,1.740883529,1.933763893,1.946945034,1.421432398,1.347472838,1.581089348,1.700952742,1.643012171,1.804029485,1.999315546,2.030213735,1.887933667,2.46157919,2.747718452,3.010259173,3.310041738,3.393614873,3.62922031,3.9814369,4.674966291,5.415175868,5.795682083,
DNK,TX.VAL.MRCH.OR.ZS,9.216030225,8.361029651,6.736346061,5.731880625,5.94973257,6.254859611,6.158680924,7.166007905,7.095082466,8.205852982,8.157844472,7.278086416,7.949772757,7.456727777,8.390487091,9.960663317,8.367149143,9.520194065,8.199207022,7.363124416,7.813633249,10.39820946,9.512435937,8.391690751,8.642247387,7.715261316,6.085646585,5.45578553,5.926408559,5.290964203,6.640743458,5.017341589,6.664971887,7.240483333,8.186868573,9.223046088,8.31326381,8.169060519,7.47647997,6.461114946,6.68977307,7.172900849,6.862252349,7.340242326,7.708696173,7.950676792,7.857609848,9.133971037,9.939771946,10.21201736,11.36942386,11.28599954,12.12201037,12.90772106,12.67306258,12.97147371,13.46417031,
DNK,TX.VAL.MRCH.HI.ZS,86.47955741,87.55294884,88.19478009,89.17311437,88.99039144,88.48812095,89.52738552,87.91699605,88.02538573,87.56017371,87.71995798,88.42314014,88.0553734,88.71361845,87.71052696,86.14618737,87.51370652,86.36636022,87.28164506,88.53329649,87.96271911,85.98035376,87.04181255,88.18768593,87.84215999,88.62780688,89.87937707,90.56664172,90.12950547,90.48159873,89.23046967,91.43851113,90.23330154,90.59704231,89.61056254,88.70204664,89.615895,89.58405852,90.25954103,93.3657815,93.21538179,92.53176141,92.69181355,92.15020903,91.64087151,91.36580328,92.01356493,90.36954048,89.38617142,89.33799443,88.36891612,88.11911415,87.00435451,86.26584824,86.91815023,86.4165783,85.86134549,
DNK,TX.VAL.MRCH.CD.WT,1493670000,1537250000,1668850000,1907880000,2106950000,2319770000,2453400000,2538380000,2639870000,3018670000,3356130000,3680090000,4432210000,6248340000,7719010000,8712250000,9115160000,10065100000,11883400000,14696000000,16749000000,16095000000,15397000000,16053000000,15980000000,17089000000,21286000000,25675000000,28514000000,29570000000,36870000000,37824000000,41577000000,37754000000,42343000000,50906000000,51415000000,49273000000,49012582000,50295901798,51292453176,51704859052,57494821655,66512404453,77079452392,85120849802,92557942329,1.03171E+11,1.16923E+11,93984005062,96440242629,1.11864E+11,1.05469E+11,1.10949E+11,1.11477E+11,95484013800,95345930820,
DNK,TX.VAL.MRCH.AL.ZS,1.450546485,1.322906484,1.238521025,1.126375072,1.164386804,1.330453564,1.403967023,1.549407115,1.550505434,1.526778338,1.699376835,1.662297442,1.850620693,1.657281751,2.344006212,3.05487737,3.454206789,3.668928837,3.722467924,3.672135655,3.859417172,5.239516305,4.728708858,5.392125706,4.602065957,3.302698757,2.641849763,2.191679093,2.305874844,2.423842481,2.420923036,2.050277167,2.057444106,2.27523658,2.151856329,2.083861003,1.830977794,1.852969798,1.892765604,1.928379551,1.67536257,1.753036956,1.749719903,1.758668082,1.702003336,1.517953385,1.240088887,1.606116872,1.689179234,1.96825651,2.253486951,2.125284133,2.457417257,2.497385711,2.606819847,2.667617762,2.651340985,
DNK,TX.VAL.MMTL.ZS.UN,,,1.997489845,1.219575376,1.254281178,1.251248901,1.295001461,1.3122164,1.390959603,1.391380672,1.492446359,1.452236949,1.294864042,1.34610375,1.644803112,1.115205274,1.27519604,1.373885005,1.436284188,1.648363665,1.716173165,1.387452155,1.224708842,1.40844974,1.606880388,1.480943455,1.300310974,1.231384967,1.354628288,1.435341346,1.204294734,0.972555574,0.94795933,0.891563555,1.004316885,1.236698381,0.947559467,0.987798213,0.944011241,0.895965116,1.020116413,1.039838803,1.090345207,1.267643508,1.419324524,1.284121352,1.460810881,1.80119369,1.710974106,1.287763764,1.628586667,1.654117537,1.438853019,1.304671018,1.519103246,1.308289937,1.321694647,
DNK,TX.VAL.MANF.ZS.UN,,,37.97073942,39.70609267,40.97976234,42.1243604,42.70248828,46.3087225,49.41136108,52.95081433,53.82106207,54.26902097,55.2598358,54.25386201,55.70376194,56.0127248,56.02487049,55.88375358,54.69328938,54.34237498,55.47922139,55.99980007,55.92892626,56.65991699,57.29284805,57.63203882,59.42131267,59.86392942,59.17008,58.70342652,60.20337201,59.46169681,61.15766333,57.80481581,57.99213578,59.76984081,59.35658506,63.15808877,64.95610345,66.21810839,64.15623496,65.0592176,66.49939302,66.27792577,65.68486642,63.00338047,62.57553473,64.56177461,63.33500221,64.62062045,60.51282642,60.4407296,58.13353808,58.31234568,61.14269998,62.08508667,62.9236083,
DNK,TX.VAL.INSF.ZS.WT,,,,,,,,,,,,,,,,2.475437908,2.605252141,2.824798961,2.709570132,,,2.736187662,3.070634065,3.253123064,2.854977452,2.802793577,2.540937567,2.244347033,2.313998378,2.652128886,2.293245056,2.279273151,,,,,,,,,,,,,,1.316799293,1.326242044,1.659601719,2.061748938,2.686231631,2.322084385,2.092208932,1.734825619,1.670931131,1.569885978,1.505450088,1.718104403,
DNK,TX.VAL.ICTG.ZS.UN,,,,,,,,,,,,,,,,,,,,,,,,,,,,,,,,,,,,,,,,,7.206514752,6.75364221,8.425372847,6.627111621,6.237452298,4.942920117,4.574816542,4.654893955,3.372239957,3.39007825,3.651673704,3.399055072,3.283082712,3.231924556,3.585232911,3.664505648,,
DNK,TX.VAL.FUEL.ZS.UN,,,0.8331702,0.62024503,0.858935018,1.086784114,1.312727431,1.329116775,1.510724619,1.900982335,2.50219176,2.263027238,2.07440969,2.160737363,3.749442498,3.374916758,3.726792318,3.200379576,2.555214315,3.917981616,3.449077216,3.215632236,2.575659867,4.996550124,5.17362818,5.479457753,3.129539816,2.973234862,2.202242753,2.999120385,3.326203286,3.630669066,3.450663653,2.972670864,2.503801694,2.604676254,4.312766318,3.770201664,2.768924414,3.779934645,7.016174061,5.733779089,6.188958863,6.562639512,7.856627843,9.654882775,10.10746941,8.452249225,9.600226934,7.653514526,8.092291427,8.940761536,9.383673271,8.591719055,6.541816349,4.820216413,3.592538651,
DNK,TX.VAL.FOOD.ZS.UN,,,53.64629527,52.72902145,50.80696427,49.29746591,48.23683742,45.33217977,41.20341005,37.75053016,36.68498972,36.69666399,35.72491459,36.64286515,33.69680097,34.9316714,33.84495361,34.1167895,35.99347842,33.69677445,33.14177316,33.44144515,33.9981733,31.31324,31.11398805,30.32434074,31.01583472,29.57139802,27.65510915,27.58712074,27.17252279,27.22364405,26.10942926,25.71461473,25.09905773,23.97937526,22.95393205,23.38796962,22.53244146,20.75934057,19.70644685,20.14655829,19.37791664,19.29073434,18.5900738,17.62664824,17.51929748,17.22138229,17.06159847,18.91961851,18.31202668,17.61012117,18.17429293,18.53193716,18.38063687,18.24709082,18.82007578,
DNK,TX.VAL.AGRI.ZS.UN,,,5.319783716,5.199626572,5.681345701,5.83638499,6.132774688,5.453026946,6.220659197,5.755822183,5.333872846,5.077711969,5.438356123,5.411313047,4.808628866,4.108024346,4.714474621,5.01064441,5.055742187,5.835613726,5.303462897,5.329890742,5.635772975,5.09047009,4.397592291,4.458519888,4.558882202,5.331374808,4.673939284,4.139048545,3.378652185,3.444388248,3.208652744,2.856382793,2.850791348,2.866391705,3.064715058,3.049556759,2.822831317,2.581055067,2.51348726,2.572004733,2.859720625,2.824824313,2.751748014,2.548887859,2.751109311,2.273014427,2.23324894,2.385363007,2.901178603,2.941870164,3.240766969,3.551482239,2.703817378,3.097067583,2.388711094,
DNK,TX.QTY.MRCH.XD.WD,,,,,,,,,,,,,,,,,,,,,,,,,,,,,,,,,,,,,,,,,100,102.3419204,109.1334895,107.9625293,110.8899297,117.6814988,122.9508197,127.5175644,128.9227166,114.6370023,117.0960187,121.4285714,120.3747073,120.4918033,122.9508197,123.8875878,124.5901639,
DNK,TT.PRI.MRCH.XD.WD,,,,,,,,,,,,,,,,,,,,,,,,,,,,,,,,,,,,,,,,,100,101.0619873,100.9165115,100.6593898,97.88661913,100.0802645,100.0872345,101.4309633,101.9975252,100.9111714,101.4725839,101.4951239,100.749094,102.5762385,101.1097244,101.8425882,101.2907995,
DNK,TM.VAL.TRVL.ZS.WT,,,,,,,,,,,,,,,,30.95809329,31.31652795,32.80593887,33.12098596,,,27.97090676,29.92587862,27.26772433,28.94071703,30.3158903,35.83467017,39.96954524,37.89049178,34.57269354,36.52426941,32.48977717,36.04521719,30.86712857,29.98023762,30.74991126,28.27494296,30.55298002,29.0084888,26.62385834,22.16848696,21.97305942,24.01835431,23.56734924,21.79282512,17.92591601,15.95275017,15.64641542,14.75254769,16.48329874,16.34391469,16.18769272,15.77000196,15.74165702,16.19885724,15.45670634,15.6759025,
DNK,TM.VAL.TRAN.ZS.WT,,,,,,,,,,,,,,,,35.24030577,36.0391907,33.91704205,35.12760311,,,48.80076316,43.67825136,43.66199983,44.71988598,42.00719377,37.53987824,36.1464378,38.44138804,41.38399757,38.26196214,42.04958676,41.6667436,45.21636196,46.28790392,45.12837233,44.9529795,50.09292573,44.51545785,37.63275828,44.36508407,45.36901429,39.99073843,42.56821068,43.36299107,47.7776754,51.72953652,52.53402391,51.69158008,48.34314169,50.12036134,49.58878341,48.48501725,50.84061956,50.00278641,49.02338642,45.56372452,
DNK,TM.VAL.SERV.CD.WT,,,,,,,,,,,,,,,,2081116914,2395504159,2869341431,3485911916,4291775862,4493006772,4562565514,4427464553,4424629717,4229813850,4705942421,5950768382,7149420765,8257277814,8476123602,10105854342,10370321929,10665397169,10401699519,11996576525,13945068345,14641751544,13726718276,15778984733,18401522154,21062673399,22120943280,24305144885,28254189265,33401024841,38316856156,47020084299,56503150954,66313805074,55422579075,55011232130,62034895734,61784015653,63936454386,64654204343,58110510575,58529461812,
DNK,TM.VAL.OTHR.ZS.WT,,,,,,,,,,,,,,,,31.83499952,30.75106223,31.51203767,29.98784016,,,21.19496495,24.57594288,27.26561994,24.75803215,25.92661618,25.06137589,22.37808778,22.06639211,22.31893991,23.61944972,23.70856995,22.28803921,23.91650947,23.73185846,24.12171641,26.77207753,19.35409425,26.47605335,35.74338338,33.46642897,32.6579263,35.99090726,33.86444009,34.84418381,32.7020117,30.76728037,30.29822146,31.8856043,32.7083626,30.8978324,32.22028669,33.75078014,31.3803135,31.77070311,33.78402503,36.97060672,
DNK,TM.VAL.MRCH.XD.WD,,,,,,,,,,,,,,,,,,,,,,,,,,,,,,,,,,,,101.0910466,99.52669958,98.79935103,103.0422729,100.7738586,100,99.72963656,110.7286277,126.3703502,149.9776595,166.3147488,188.1560481,215.7058567,240.649244,182.9323155,182.7544656,210.5048733,202.2787513,214.2526284,219.1055987,188.4116865,188.570777,
DNK,TM.VAL.MRCH.WR.ZS,,,,,,,,,,,,,,,,,,,,,,,,,,,,,,,,,,,,,,,,,,,,,,,,,,,,,,,,,,
DNK,TM.VAL.MRCH.WL.CD,1797600000,1867800000,2125600000,2125700000,2609900000,2819600000,3000600000,3149600000,3221300000,3812450000,4404290000,4613540000,5051510000,7791080000,9876800000,10367350000,12421370000,13236760000,14814710000,18407150000,19409570000,17565170000,16690750000,16265700000,16607180000,18222620000,22844000000,25442000000,26194030000,26297059873,31371652806,31906383020,35216528237,29508246466,33928844818,42230290710,40936676302,44469905951,45900832285,44610057000,45418648470,45319512446,50295152325,57414722510,68153912140,75447257326,85557230933,98106903430,1.09458E+11,83037785834,83011303226,95641217779,91874959848,97366384741,99572187798,85622730732,85512907965,
DNK,TM.VAL.MRCH.RS.ZS,7.187360926,6.778027626,6.106511103,5.885120196,5.912103912,6.05405022,5.818836233,5.289560579,4.8644957,5.150231478,5.041448224,4.392288785,5.04819351,6.017522603,6.077879475,6.408677242,6.925967103,6.949283662,6.743027707,7.040199053,7.180993706,6.715904258,6.464598655,6.618651518,6.709266715,6.590654911,5.957713185,5.674200141,5.147966922,5.238721422,4.644098298,4.572245905,4.620798936,3.798052762,3.715363912,3.755466852,3.640247401,3.814856748,3.814948028,0.110246441,0.174645309,0.189128751,0.186790841,0.028797541,0.020321645,0.028416024,0.001772635,0.001092269,0.019148653,0.023092892,0.004312173,0.034699159,0.020355077,0.009596679,0.019036899,0.033750494,0.015900992,
DNK,TM.VAL.MRCH.R6.ZS,0.216955941,0.348002998,0.305796011,0.324598956,0.498103376,0.595829196,0.65653536,1.047752096,1.294508428,1.446838647,1.547354965,2.065875662,1.38631815,1.17121118,1.304066094,1.564816467,1.388896716,1.413185704,1.12091293,1.316825255,2.059087347,2.488390377,2.053892126,1.782523961,1.52193208,1.669683064,0.973691122,0.3516233,0.345078631,0.685522609,0.628326442,0.237022526,0.259293737,0.574399137,0.619156064,0.632048559,0.838263064,0.632419487,0.546319787,0.34685228,0.358407107,0.397884609,0.4121746,0.440823642,0.861675255,0.406724023,0.406274859,0.428264246,0.433166406,0.305344422,0.458461811,0.503440241,0.475419381,1.104058338,0.83811713,0.715844499,0.390936637,
DNK,TM.VAL.MRCH.R5.ZS,0.278148643,0.230217368,0.207000376,0.286964294,0.245220123,0.205702937,0.189962008,0.288925578,0.279390308,0.274101955,0.256568028,0.25121707,0.309214473,0.465532378,0.37076786,0.368368001,0.463475446,0.544695228,0.446110656,0.577167025,0.515158244,0.591511497,0.735796774,0.608273852,0.553917041,0.428917466,0.391087375,0.400833268,0.468656408,0.568915049,0.594289696,0.620946119,0.505362754,0.677389957,0.775066998,0.821205254,0.787131194,0.708339897,0.703180491,0.679474586,0.672128419,0.67972132,0.644465687,0.758681774,0.83655227,0.864833594,0.831104847,0.872968688,0.875209384,1.108826155,1.252526505,1.363694524,1.332164227,1.360225617,1.481509051,1.535438967,1.647786886,
DNK,TM.VAL.MRCH.R4.ZS,0.445037828,0.49255809,0.828001505,1.472456132,1.371700065,1.390268123,1.216423382,1.590678181,1.58942042,1.45156002,1.26603834,0.754734976,1.231512954,1.729927045,4.664567471,3.257630928,2.165381113,2.54284281,1.469417896,0.895086963,0.380482412,0.304693891,0.664679538,0.503820924,0.682114603,0.383973325,0.250043775,0.477871237,0.39016524,0.272554507,0.285641208,0.322514805,0.238850751,0.359922739,0.42623099,0.225939797,0.116315159,0.082806359,0.08622914,0.077767217,0.077118583,0.067045772,0.071003093,0.074911643,0.063818937,0.054176238,0.055339965,0.062314406,0.057881984,0.068710942,0.180736326,0.239977367,0.616895224,0.268853264,0.077363393,0.068859287,0.108835432,
DNK,TM.VAL.MRCH.R3.ZS,3.059635069,2.875040154,3.114414753,2.704991297,2.843020805,2.44006242,2.302872759,3.098806198,2.731816347,2.754396779,2.700548783,2.302787014,2.312773804,2.457810727,2.537866515,2.335119389,2.887765198,2.927302452,2.834075051,2.974333343,2.595884401,2.433281318,2.392402978,2.590420332,2.464476208,2.73692806,2.03326913,1.769947331,1.841602839,2.105562122,1.862775043,1.78702095,1.608323056,1.777897235,1.83645637,1.536064318,1.771525113,1.685480225,1.466527415,1.305026353,1.359236991,1.436861718,1.220430458,1.270947494,1.378137425,1.336869995,1.188387721,1.325995324,1.519856541,1.624181189,1.823411437,1.872108919,1.796587639,1.453275517,1.570780663,1.401646719,1.337546724,
DNK,TM.VAL.MRCH.R2.ZS,0.211392968,0.192740122,0.25875047,0.305781625,0.287367332,0.251808767,0.279944011,0.549276099,0.478067861,0.421251426,0.494063742,0.494847774,0.585765444,0.555378715,0.626721205,0.755545052,0.385545234,0.260562252,0.234361658,0.200737214,0.18836069,0.18223564,0.259964352,0.217328489,0.272111219,0.298365438,0.329451935,0.260946466,0.296327064,0.292050105,0.303751991,0.301391446,1.200294524,1.771304949,2.033129025,1.722990981,1.574794031,1.416733592,1.477764403,1.452795723,1.634664892,1.810642497,1.739515445,2.119802542,2.437675002,2.677704942,2.651290618,2.703254975,3.013239379,2.200458339,2.559737145,3.083437559,2.652431302,3.050968108,2.99058199,3.478489658,3.777174166,
DNK,TM.VAL.MRCH.R1.ZS,1.223854028,0.84591498,0.686864885,0.785623559,0.773976014,0.865370975,0.899820036,1.30492761,1.319343122,1.166179229,0.939538495,0.973005545,0.977727452,0.95352634,1.024420865,0.805702518,0.962695741,1.193343386,1.24241379,1.262715847,1.275092648,1.263409349,1.237751449,1.452750266,1.585820109,1.416975166,1.55511294,1.863454131,2.191682609,2.239807423,2.039800373,2.771669513,2.829880987,3.330201651,3.451165751,3.256738623,3.504114075,3.634888564,3.627059955,4.142693653,4.306597241,4.262749131,4.034983191,4.93882593,5.284638787,6.235959915,6.21391154,6.696198582,7.770282592,7.680641791,9.254664274,8.473921993,8.214134452,7.849738931,8.214099019,8.714045959,8.658920974,
DNK,TM.VAL.MRCH.OR.ZS,5.435024477,4.984473712,5.400828002,5.880415863,6.019387716,5.749042417,5.545557555,7.880365761,7.692546487,7.514328057,7.204112354,6.84246804,6.803312277,7.333386385,10.52841001,9.087182356,8.253759448,8.881931832,7.347291982,7.226865647,7.014065742,7.263522072,7.344487216,7.155117825,7.080371261,6.93484252,5.532656277,5.124675733,5.533512789,6.164411816,5.714584753,6.040565359,6.642005808,8.491115668,9.141205198,8.194987531,8.592142635,8.160668125,7.907081191,8.004609813,8.408153234,8.654905047,8.122572475,9.603993025,10.86249768,11.57626871,11.34630955,12.08899622,13.66963629,12.98816284,15.5295375,15.5365806,15.08763223,15.08711977,15.17245125,15.91432509,15.92120082,
DNK,TM.VAL.MRCH.HI.ZS,87.3776146,88.23749866,88.4926609,88.23446394,88.06850837,88.19690736,88.63560621,86.83007366,87.44295781,87.33544046,87.75443942,88.76524318,88.14849421,86.64909101,83.39371051,84.5041404,84.82027345,84.16878451,85.90968031,85.7329353,85.80494055,86.02057367,86.19091413,86.22623066,86.21036202,86.47450257,88.50963054,89.20112413,89.31852029,88.59686676,89.64131695,89.38718874,88.73719526,87.71083157,87.14343089,88.04954562,87.76760996,88.02447513,88.27797078,91.88514375,91.41720146,91.1559662,91.69063668,90.36720943,89.11718068,88.39531527,88.65191782,87.90991151,86.31121506,86.98874427,84.46615033,84.42872024,84.8920127,84.90328355,84.80851185,84.05192442,84.06289819,
DNK,TM.VAL.MRCH.CD.WT,1806970000,1873280000,2129970000,2128520000,2617000000,2822730000,3002690000,3153390000,3236270000,3813070000,4407200000,4607650000,5087440000,7801840000,9926530000,10368300000,12426600000,13265100000,14808400000,18401400000,19340000000,17580000000,16692000000,16266000000,16613000000,18245000000,22878000000,25499000000,27228000000,28015000000,33333000000,34190000000,35714000000,31309000000,36691000000,45939000000,45291000000,44902000000,46872523000,45753398346,45557145403,45321783637,50320237027,57428562746,68156821945,75581155072,85506856649,98026770627,1.09362E+11,83132949549,83052126753,95663202316,91924870400,97348003470,99598574950,85623665400,85539018200,
DNK,TM.VAL.MRCH.AL.ZS,0.422785937,0.412249706,0.653933007,0.790327892,2.260623012,2.234359484,2.276211424,3.933832868,3.833855897,3.343781558,3.478199664,4.007551685,3.330093378,2.439328052,3.998258545,3.488065899,2.777068874,1.509886105,1.281564067,2.220604493,2.194123827,2.161664248,2.090978536,2.393379934,2.624105959,2.146453144,1.453510769,1.555027121,1.68465868,1.957954142,1.29544568,0.326016104,0.260309393,0.317830472,0.406748077,0.215951189,0.123842807,0.09154828,0.21241458,0.142864646,0.332482857,0.366012402,0.21301944,0.205499737,0.536566135,1.116234746,0.615849561,0.320019511,0.342014604,0.168910477,0.469946762,0.857298902,1.399187014,1.137808713,0.872187539,0.539094513,0.403696637,
DNK,TM.VAL.MMTL.ZS.UN,,,3.245090609,3.087656846,3.224213053,3.63794092,3.219007899,3.118594165,3.35936417,3.614597175,3.659204254,2.811967603,2.992408055,2.772331396,2.997061439,2.238824876,2.369891288,2.423937212,2.534495933,2.859056059,2.957655035,2.426334391,2.243329204,2.486665262,2.746414967,2.438667365,2.324342188,2.267664274,2.369205783,2.502602336,2.277285482,1.987967135,1.965768027,1.775269312,1.938409679,2.0540064,1.923862054,2.001113515,1.885925608,1.758974029,1.761968447,1.780548647,1.70789188,1.698843539,1.828896377,1.795494294,2.149898449,2.058961637,1.983033222,1.52843249,1.682387832,1.755632917,1.638808125,1.504744323,1.508416599,1.569352423,1.496895484,
DNK,TM.VAL.MANF.ZS.UN,,,61.86162862,61.16678263,62.78586447,63.75309722,65.00031394,67.19478991,67.43858943,70.36265025,69.53326033,69.11773003,69.58672006,69.85267171,62.75639969,65.04520294,65.92408075,63.42231721,64.59934986,60.95668203,57.36534151,55.61775515,58.19694003,60.41262354,62.67750923,64.79798743,72.62355532,72.18640077,71.6744289,71.60192293,73.15328449,72.93047793,72.77365943,69.48557199,70.8403557,72.71761546,71.01225896,75.02413255,76.93076262,77.43603946,75.86857363,76.3755301,77.43487356,76.69708172,76.60336036,75.91203478,76.07508506,76.98778946,74.46039201,74.56445984,73.14383982,70.66656829,69.95990129,69.2126825,70.96350403,73.0054177,74.6389252,
DNK,TM.VAL.INSF.ZS.WT,,,,,,,,,,,,,,,,1.966601423,1.893219123,1.764981405,1.763570769,,,2.033365132,1.81992714,1.804655901,1.581364836,1.750299741,1.564075694,1.505929174,1.601728063,1.724368985,1.594318732,1.752066115,,,,,,,,,,,,,,1.594396892,1.550432942,1.521339219,1.670267929,2.465196976,2.637891574,2.003237183,1.994200645,2.037409928,2.02765325,1.73588221,1.789766264,
DNK,TM.VAL.ICTG.ZS.UN,,,,,,,,,,,,,,,,,,,,,,,,,,,,,,,,,,,,,,,,,12.42127768,11.54883082,12.73794758,11.35884355,10.94884705,10.29115493,9.507817552,8.636460368,7.200088175,7.862736405,7.95715605,7.893539557,8.073884494,7.354316876,7.221081503,7.679034083,,
DNK,TM.VAL.FUEL.ZS.UN,,,12.21912928,12.95772523,11.41885007,10.54168293,10.76101784,10.58467923,11.57563632,10.116522,10.47089624,12.14467674,10.91578899,10.64643796,19.16717754,18.59691663,16.43281371,16.83627224,15.58264257,19.57099722,22.40835859,24.06308343,22.5109914,19.55284473,18.13373709,17.22039699,8.84086951,7.878696418,6.320963012,7.202391476,6.953008136,5.292735261,4.779539087,5.05525625,4.181342024,3.358693344,3.853170362,3.866285607,2.886068018,3.124976379,5.725117018,4.145193734,4.435144171,4.774717328,5.373957412,6.895213121,6.00483537,5.056333341,7.550244123,6.263938081,7.327325585,9.052728172,10.05738565,10.56823817,8.47625855,6.466622689,5.102660517,
DNK,TM.VAL.FOOD.ZS.UN,,,16.42655544,16.18820213,15.71830665,15.45392481,14.78156867,13.53902651,12.10610748,10.47591589,11.25699808,11.44485417,11.5383019,11.43852354,10.36729706,10.01324542,10.83066772,12.76017977,12.48789522,11.40171489,11.45960954,12.2893957,11.56168383,12.07254066,12.08150421,11.01513843,11.68326477,12.41640441,12.59972766,12.37777205,11.94666302,12.39470979,13.17373288,13.51819889,12.54807766,12.04694253,12.32188032,12.62678957,12.31336617,12.17115392,11.35678042,11.60952665,11.72817453,12.27925492,11.84195188,11.58424128,11.31291793,11.42679675,11.96474225,13.16932002,13.44448317,13.25410579,13.66824396,13.69352918,13.66984527,13.9418523,13.89180171,
DNK,TM.VAL.AGRI.ZS.UN,,,5.911229601,6.243840845,6.416721576,6.348136624,6.08921267,5.432905377,5.184735335,4.979950874,4.901882602,4.272677676,4.704518154,5.047967727,4.505825226,3.631395743,3.996793375,4.012048832,4.246783013,4.552389444,4.551677234,4.250638296,4.119716475,4.389228648,3.628777014,3.434273833,3.582636145,3.639387497,3.846128302,3.671786823,3.32390721,2.988039796,3.054367715,2.775506126,3.107276311,2.961672594,2.594684933,3.002017994,2.916800437,2.755091895,2.656444291,2.620598308,2.533911702,2.734188773,2.462686404,2.243270798,2.30151577,2.233139514,1.846120662,2.019476111,2.284977543,2.351421357,2.145697065,2.416180481,2.584108481,2.697895188,2.51588415,
DNK,TM.TAX.TCOM.WM.FN.ZS,,,,,,,,,,,,,,,,,,,,,,,,,,,,,3.47,3.32,4.21,4.57,5.03,5.2,5,9.94,7.69,7.39,6.38,4.12,1.79,2.12,2.06,1.99,1.84,1.62,1.53,1.58,1.32,1.67,1.48,1.35,1.26,1.34,1.32,1.47,1.89,
DNK,TM.TAX.TCOM.WM.AR.ZS,,,,,,,,,,,,,,,,,,,,,,,,,,,,,2.73,2.71,3.7,3.73,4.06,3.62,3.54,8.79,6.23,5.58,4.8,3.31,0.91,1.64,1.04,0.99,0.73,0.75,0.59,0.61,0.46,0.58,0.57,0.46,0.43,0.43,0.69,0.75,0.89,
DNK,TM.TAX.TCOM.SR.ZS,,,,,,,,,,,,,,,,,,,,,,,,,,,,,26.98232,25.49622,16.93116,15.96301,17.05738,16.6389,17.45752,25.51019,37.6087,36.77582,29.85218,40.8425,25.88154,26.80114,34.38274,31.54522,23.56445,21.33408,26.23838,25.48423,22.15982,22.32976,25.77638,25.71524,27.78579,26.80639,26.38892,26.24227,25.36446,
DNK,TM.TAX.TCOM.SM.FN.ZS,,,,,,,,,,,,,,,,,,,,,,,,,,,,,6.9,7,7.77,7.68,7.8,7.66,7.88,17.5,13.59,13.62,11.49,7.77,4.61,4.73,4.72,4.71,4.79,4.74,4.73,4.93,4.84,4.89,4.99,4.99,5.69,5.6,5.57,5.58,5.69,
DNK,TM.TAX.TCOM.SM.AR.ZS,,,,,,,,,,,,,,,,,,,,,,,,,,,,,5.87,6.23,7.38,7.18,7.44,6.31,6.34,12.97,9.73,9.31,7.96,6.21,2.97,3.98,2.58,2.54,2.62,2.6,2.42,2.42,2.26,2.42,2.44,2.12,2.22,2.18,2.58,2.5,2.43,
DNK,TM.TAX.TCOM.IP.ZS,,,,,,,,,,,,,,,,,,,,,,,,,,,,,15.13533,15.71462,20.69455,20.98832,20.60003,17.09331,17.62777,25.71892,30.76033,27.75367,21.33961,12.61151,6.08252,8.246401,4.836339,5.639287,5.909031,6.375638,4.975795,5.722136,5.317493,5.372413,6.383808,4.774599,4.4329,5.255677,7.86377,7.197316,6.987795,
DNK,TM.TAX.TCOM.BR.ZS,,,,,,,,,,,,,,,,,,,,,,,,,,,,,,,,,,,,10.36,11.62,10.59,10.46,10.89,4.59,4.59,4.79,4.79,4.79,4.79,4.79,5,5,5,5,5,5.75,5.75,5.75,5.75,5.75,
DNK,TM.TAX.TCOM.BC.ZS,,,,,,,,,,,,,,,,,,,,,,,,,,,,,,,,,,,,100,100,100,100,100,100,100,100,100,100,100,100,100,100,100,100,100,100,100,100,100,100,
DNK,TM.TAX.MRCH.WM.FN.ZS,,,,,,,,,,,,,,,,,,,,,,,,,,,,,4.73,4.73,6.22,5.92,6.33,6.3,6.14,7.36,5.75,5.79,4.6,3.63,2.68,2.88,2.99,2.97,2.84,2.69,2.63,2.59,2.4,2.63,2.48,2.43,2.3,2.43,2.41,2.56,2.77,
DNK,TM.TAX.MRCH.WM.AR.ZS,,,,,,,,,,,,,,,,,,,,,,,,,,,,,3.59,3.77,5.05,4.74,4.46,4.12,4.44,6.27,4.01,3.62,3.29,3.13,1.67,2.32,1.75,1.66,1.47,1.66,1.62,1.58,1.15,1.26,1.58,1.08,1.02,1.04,1.51,1.57,1.6,
DNK,TM.TAX.MRCH.SR.ZS,,,,,,,,,,,,,,,,,,,,,,,,,,,,,12.71628,17.69554,5.047931,4.237892,4.532078,4.407461,4.565684,6.798499,11.85437,11.2955,8.700487,13.95402,7.199114,7.468193,11.60093,10.91687,6.791642,5.60961,7.145239,6.821628,5.661909,5.766441,7.144056,7.083234,7.426126,7.337349,7.283516,7.243509,6.791332,
DNK,TM.TAX.MRCH.SM.FN.ZS,,,,,,,,,,,,,,,,,,,,,,,,,,,,,6.24,6.26,8.35,7.15,7.25,7.18,7.19,8.99,7.34,7.5,6.48,5.29,4.4,4.47,4.62,4.41,4.22,4.2,4.18,4.06,4.05,4.05,4.22,4.23,4.42,4.4,4.39,4.39,4.38,
DNK,TM.TAX.MRCH.SM.AR.ZS,,,,,,,,,,,,,,,,,,,,,,,,,,,,,3.14,3.49,6.12,4.82,4.03,3.68,4.35,5.72,3.9,3.31,3.68,3.97,2.3,3.08,1.81,1.74,1.79,1.76,1.79,1.7,1.6,1.62,1.89,1.54,1.57,1.55,2.1,2.06,1.92,
DNK,TM.TAX.MRCH.IP.ZS,,,,,,,,,,,,,,,,,,,,,,,,,,,,,4.209674,4.33863,11.47864,6.273315,6.249241,5.056185,5.131768,7.355046,9.712525,8.587495,6.32093,4.390583,1.821503,2.453426,2.075775,2.157062,1.797052,1.772612,1.452121,1.632861,1.432872,1.457772,1.873789,1.386644,1.248809,1.496119,2.269145,2.102112,1.970677,
DNK,TM.TAX.MRCH.BR.ZS,,,,,,,,,,,,,,,,,,,,,,,,,,,,,,,,,,,,5.47,5.73,5.5,5.47,5.56,4.11,4.11,4.17,4.17,4.17,4.17,4.17,4.18,4.18,4.18,4.18,4.18,4.38,4.38,4.38,4.38,4.38,
DNK,TM.TAX.MRCH.BC.ZS,,,,,,,,,,,,,,,,,,,,,,,,,,,,,,,,,,,,100,100,100,100,100,100,100,100,100,100,100,100,100,100,100,100,100,100,100,100,100,100,
DNK,TM.TAX.MANF.WM.FN.ZS,,,,,,,,,,,,,,,,,,,,,,,,,,,,,5.84,5.8,7.6,6.79,7.15,7.01,6.82,6.4,5.03,5.23,4.1,3.5,3.09,3.24,3.43,3.44,3.32,3.27,3.3,3.18,3.16,3.18,3.15,3.22,3.19,3.24,3.24,3.3,3.22,
DNK,TM.TAX.MANF.WM.AR.ZS,,,,,,,,,,,,,,,,,,,,,,,,,,,,,4.32,4.57,5.99,5.39,4.78,4.47,4.96,5.3,3.14,2.87,2.86,3.1,2,2.64,2.07,1.98,1.82,2.15,2.24,2.15,1.63,1.65,2.24,1.54,1.51,1.48,2.12,2.11,1.95,
DNK,TM.TAX.MANF.SR.ZS,,,,,,,,,,,,,,,,,,,,,,,,,,,,,7.791177,15.07648,0.8980715,0.1205882,0.2357272,0.3275069,0.144989,0.7623338,0.3152843,0.1578368,0.2622062,0.7419519,0.1576275,0.2596901,0.188365,0.1791334,0.1891851,0.176629,0.1733945,0.1875017,0.1686227,0.1750877,0.197045,0.1749071,0.178014,0.1795815,0.2657372,0.2685423,0.2649594,
DNK,TM.TAX.MANF.SM.FN.ZS,,,,,,,,,,,,,,,,,,,,,,,,,,,,,6.07,6.06,8.53,7.02,7.12,7.07,7.02,6.57,5.56,5.77,5.05,4.59,4.36,4.42,4.61,4.35,4.09,4.08,4.06,3.85,3.86,3.85,4.04,4.04,4.05,4.05,4.05,4.05,4,
DNK,TM.TAX.MANF.SM.AR.ZS,,,,,,,,,,,,,,,,,,,,,,,,,,,,,2.55,2.84,5.86,4.33,3.3,3.15,3.96,4.23,2.72,2.11,2.84,3.52,2.18,2.92,1.67,1.59,1.64,1.61,1.67,1.56,1.47,1.47,1.78,1.43,1.44,1.43,2.01,1.98,1.82,
DNK,TM.TAX.MANF.IP.ZS,,,,,,,,,,,,,,,,,,,,,,,,,,,,,0.4065226,0.4008741,8.29889,1.111032,1.331585,1.044082,0.8497304,1.446893,0.2822267,0.2100069,0.3297073,0.3513515,0.215942,0.2939601,0.6945961,0.3452651,0.1787276,0.1825088,0.165714,0.1794945,0.13961,0.1364979,0.1925616,0.1306828,0.1154572,0.11408,0.2143994,0.2318268,0.207973,
DNK,TM.TAX.MANF.BR.ZS,,,,,,,,,,,,,,,,,,,,,,,,,,,,,,,,,,,,4.1,4.09,4.08,4.08,4.08,3.99,3.99,4.03,4.03,4.03,4.03,4.03,3.98,3.98,3.98,3.98,3.98,3.98,3.98,3.98,3.98,3.98,
DNK,TM.TAX.MANF.BC.ZS,,,,,,,,,,,,,,,,,,,,,,,,,,,,,,,,,,,,100,100,100,100,100,100,100,100,100,100,100,100,100,100,100,100,100,100,100,100,100,100,
DNK,TM.QTY.MRCH.XD.WD,,,,,,,,,,,,,,,,,,,,,,,,,,,,,,,,,,,,,,,,,100,102.0737327,108.5253456,105.6451613,108.0645161,117.7419355,127.9953917,138.3640553,138.4792627,115.2073733,115.2073733,118.6635945,119.0092166,122.1198157,125,127.4193548,127.6497696,
DNK,TG.VAL.TOTL.GD.ZS,52.81913998,49.18672723,48.62198264,48.53371765,49.69085543,48.1557207,46.54871182,44.5070105,44.52787724,45.51645646,45.46481892,43.42386095,40.9757284,45.7204292,51.65501227,47.14226715,48.32608029,46.86258232,44.21891578,47.03588127,50.73839645,54.42181927,53.11618637,53.29225636,55.14404052,56.39135146,50.1415044,46.77082898,48.23939929,51.22799677,50.78075287,51.72500519,50.54486769,48.22983132,50.61016267,52.34667891,51.54013902,54.26778203,54.17482399,53.97082511,58.99750626,58.87845668,60.35489234,56.82862999,57.77718894,60.76441206,62.94602181,62.9879017,64.0378528,55.13515904,55.74377679,60.32711946,60.33769407,60.62464482,59.79577209,60.10906139,58.93944389,
DNK,ST.INT.XPND.MP.ZS,,,,,,,,,,,,,,,,,,,,,,,,,,,,,,,,,,,,7.410933947,7.141239005,7.428141012,7.65378903,7.961985913,7.238141363,7.459024546,8.095353247,8.013817988,7.358125847,6.181735449,5.662782599,5.676830136,5.390815584,6.531506107,6.470317391,6.026956825,6.035228694,6.077582508,6.20232105,6.117365609,6.296917722,
DNK,ST.INT.XPND.CD,,,,,,,,,,,,,,,,,,,,,,,,,,,,,,,,,,,,4288000000,4140000000,4194000000,4577000000,4899000000,4669000000,4861000000,5838000000,6659000000,7279000000,6850000000,7486000000,8830000000,9698000000,8968000000,9082000000,9840000000,9600000000,10072000000,10443000000,8918000000,9159000000,
DNK,ST.INT.TVLX.CD,,,,,,,,,,,,,,,,,,,,,,,,,,,,,,,,,,,,4288000000,4140000000,4194000000,4577000000,4899000000,4669000000,4861000000,5838000000,6659000000,7279000000,6850000000,7486000000,8830000000,9698000000,8968000000,9082000000,9840000000,9600000000,10072000000,10443000000,8918000000,9159000000,
DNK,ST.INT.TVLR.CD,,,,,,,,,,,,,,,,,,,,,,,,,,,,,,,,,,,,3691000000,3420000000,3156000000,3236000000,3698000000,3671000000,4003000000,4791000000,5271000000,5652000000,5293000000,5562000000,5978000000,6281000000,5617000000,5704000000,6366000000,6135000000,6490000000,7617000000,6685000000,7046000000,
DNK,ST.INT.TRNX.CD,,,,,,,,,,,,,,,,,,,,,,,,,,,,,,,,,,,,,,,,,,,,,,,,,,,,,,,,,,
DNK,ST.INT.TRNR.CD,,,,,,,,,,,,,,,,,,,,,,,,,,,,,,,,,,,,,,,,,,,,,,,,,,,,,,,,,,
DNK,ST.INT.RCPT.XP.ZS,,,,,,,,,,,,,,,,,,,,,,,,,,,,,,,,,,,,5.621811946,5.086513602,5.078327343,5.126790795,5.300414817,4.973903505,5.294922216,5.832784024,5.478666607,5.075679684,4.221771764,3.867967446,3.624238142,3.264155461,3.697731631,3.505695103,3.436078462,3.433022346,3.444111242,3.948761472,3.984535505,4.284644458,
DNK,ST.INT.RCPT.CD,,,,,,,,,,,,,,,,,,,,,,,,,,,,,,,,,,,,3691000000,3420000000,3156000000,3236000000,3698000000,3671000000,4003000000,4791000000,5271000000,5652000000,5293000000,5562000000,5978000000,6281000000,5617000000,5704000000,6366000000,6135000000,6490000000,7617000000,6685000000,7046000000,
DNK,ST.INT.DPRT,,,,,,,,,,,,,,,,,,,,,,,,,,,,,,,,,,,,,5035000,4693000,4788000,4744000,5011000,4946000,4935000,5564000,4630000,5469000,6129000,6564000,6347000,7037000,7726000,7846000,7843000,6977000,8528000,8991000,9651000,
DNK,ST.INT.ARVL,,,,,,,,,,,,,,,,,,,,,,,,,,,,,,,,,,,,2124000,2125000,2158000,2073000,2023000,3535000,3684000,3436000,3474000,4421000,9587000,9630000,9832000,9564000,9265000,9425000,8471000,8443000,8557000,10267000,10424000,10781000,
DNK,NY.EXP.CAPM.KN,58404831726,60101736660,64680974178,71744335436,79478291304,86244771268,90804604844,93210315352,99924372601,1.1001E+11,1.42303E+11,1.48243E+11,1.58818E+11,1.77929E+11,1.67812E+11,1.71306E+11,1.7802E+11,1.8508E+11,1.9465E+11,2.07501E+11,2.09024E+11,2.21744E+11,2.25493E+11,2.38801E+11,2.47566E+11,2.65217E+11,2.7986E+11,2.97551E+11,3.23472E+11,3.42359E+11,3.69269E+11,3.90618E+11,4.00603E+11,4.04361E+11,4.33466E+11,4.46733E+11,4.73766E+11,4.95359E+11,5.13846E+11,5.70402E+11,6.45946E+11,6.66963E+11,7.03821E+11,7.00859E+11,7.28011E+11,7.97907E+11,8.74407E+11,9.01515E+11,9.53369E+11,8.67706E+11,9.14933E+11,9.62212E+11,9.78706E+11,1.00475E+12,1.05224E+12,1.07605E+12,1.09789E+12,
DNK,NE.TRD.GNFS.ZS,66.63227343,62.3393037,61.12438656,61.19424866,62.48017309,60.8372777,59.3351573,57.33704325,57.35987906,57.94551061,57.13460247,55.67463453,53.22114104,57.83975687,64.66158191,59.70056842,61.00734429,60.28273635,57.05290543,60.84787289,65.45571111,70.74481601,70.83856459,69.63290461,70.90858299,72.08726495,64.79733949,61.35294424,63.75532883,67.04493181,67.29019808,69.14651716,67.00190896,65.60498715,67.78057881,68.51458249,68.47128372,71.16842868,71.29911938,72.69719964,82.98395071,83.96858681,84.55693977,80.8817255,82.20778074,89.39976696,97.36669718,100.0678611,104.8282236,89.75503196,94.09997979,101.2457401,103.2409992,103.0501478,102.2639205,104.0589352,100.9741225,
DNK,NE.RSB.GNFS.ZS,-2.011355343,-2.345376759,-3.885469521,-0.388319055,-2.775852024,-2.243020978,-2.231259427,-2.66587669,-2.033571998,-2.842851531,-2.832914279,-2.025596884,-0.408178434,-1.893978107,-3.348638835,-0.959694549,-4.531639087,-3.56749703,-2.216434299,-2.381704876,-0.450272908,1.406824266,0.908650255,2.209532327,1.676770746,0.774901914,-0.199117373,2.054709411,3.476146888,3.795023694,5.556146464,6.218509664,6.906829149,7.527470042,5.923268827,4.709387419,5.663478012,4.357275664,3.07397714,5.999656872,6.710618338,7.140440648,6.852016386,6.795123163,5.649133035,5.50446915,4.0933625,2.897268014,3.523400334,4.497071381,6.945893979,6.394495721,6.019993646,6.607478868,6.962317626,7.292211367,6.194063589,
DNK,NE.RSB.GNFS.CD,-125688526.9,-162624721.1,-303570494.8,-32295301.26,-263891334.8,-239529908.6,-261531453.3,-340925099.1,-268361181.9,-426694519.5,-483733333.3,-386598979.3,-94829695.08,-582031572.9,-1143907201,-388430615,-2020016543,-1776052772,-1337903021,-1675917126,-320268280.1,870511272.7,548941481.4,1339967195,991058841.7,485542259.6,-175380051.9,2248147011,4016786749,4265957156,7681220308,8657703432,10561620914,10779006462,9249913530,8712694559,10626519737,7561511091,5440693649,10677302830,11016070567,11766833277,12240110454,14819891616,14200397256,14557521386,11579504944,9254551133,12450324631,14446454886,22365455653,21997270524,19694342992,22702265673,24576537945,21971320904,19009559686,
DNK,NE.IMP.GNFS.ZS,34.32181439,32.34234023,32.50492804,30.79128386,32.62801256,31.54014934,30.78320836,30.00145997,29.69672553,30.39418107,29.98375837,28.85011571,26.81465974,29.86686749,34.00511037,30.33013149,32.76949169,31.92511669,29.63466986,31.61478888,32.95299201,34.66899587,34.96495717,33.71168614,34.61590612,35.65618152,32.49822843,29.64911742,30.13959097,31.62495406,30.86702581,31.46400375,30.04753991,29.03875855,30.92865499,31.90259753,31.40390286,33.40557651,34.11257112,33.34877139,38.13666618,38.41407308,38.85246169,37.04330117,38.27932385,41.9476489,46.63666734,48.58529656,50.65241164,42.62898029,43.57704291,47.42562217,48.61050279,48.22133445,47.65080142,48.38336191,47.39002944,
DNK,NE.IMP.GNFS.KD.ZG,,4.4492393,13.36609315,-1.091155291,19.55394084,6.882866373,5.442217404,4.4941614,4.857690121,13.13673064,29.48969748,1.454651895,1.151552024,17.79777148,-2.018149661,-4.963415027,16.78094775,0.859193858,0.969937225,6.66492383,-5.564443177,0.555398263,3.136599764,1.970598004,5.361604912,9.930207345,8.47882701,-1.178329812,4.224360057,5.397866369,2.375710309,4.223826369,-0.130918545,-1.415282596,13.2891131,7.002864258,3.110951268,9.173850217,7.569111962,2.558499692,13.62368906,2.390172058,6.380285196,-1.016372948,7.120121981,11.18539069,13.9651435,5.838014958,4.770205258,-11.94359213,0.540703067,7.443597399,2.708963084,1.470618631,3.896725569,1.853285975,3.835575128,
DNK,NE.IMP.GNFS.KD,11031251433,11522058207,13062107240,12919579366,15445866272,16508984607,17407439441,18189757865,19073359936,21578975854,27942550553,28349017394,28675471077,33779065891,33097353787,31454594756,36732973867,37048581322,37407929304,39901139298,37680863075,37890141934,39078604037,39848686228,41985215347,46154434285,50067788925,49477825242,51567946729,54351515583,55642750141,57993003294,57917079698,57097389348,64685125998,69214937568,71368180545,77915390531,83812893676,85957246303,97667794260,1.00002E+11,1.06383E+11,1.05301E+11,1.12799E+11,1.25416E+11,1.42931E+11,1.51275E+11,1.58491E+11,1.39561E+11,1.40316E+11,1.50761E+11,1.54845E+11,1.57122E+11,1.63244E+11,1.6627E+11,1.72647E+11,
DNK,NE.IMP.GNFS.CD,2144751949,2242566803,2539599663,2560816360,3101840340,3368140184,3608176226,3836730616,3918940843,4561979529,5119866667,5506241331,6229692199,9178279197,11616269340,12275938881,14607278743,15893690032,17888332789,22246150922,23438669955,21452396328,21123325812,20444395845,20459803410,22341644332,28624026696,32440390041,34827155909,35549369374,42672817762,43805674979,45947383244,41582226746,48298902619,59022026274,58923896735,57971231736,60376522206,59349215906,62604693744,63303095112,69404157219,80789957041,96223898783,1.10938E+11,1.31928E+11,1.55193E+11,1.78986E+11,1.36942E+11,1.40316E+11,1.63146E+11,1.59029E+11,1.65681E+11,1.68204E+11,1.45778E+11,1.4544E+11,
DNK,NE.EXP.GNFS.ZS,32.31045904,29.99696347,28.61945852,30.4029648,29.85216053,29.29712836,28.55194894,27.33558328,27.66315353,27.55132954,27.1508441,26.82451882,26.4064813,27.97288938,30.65647154,29.37043694,28.2378526,28.35761966,27.41823556,29.23308401,32.5027191,36.07582014,35.87360742,35.92121847,36.29267687,36.43108343,32.29911106,31.70382683,33.61573786,35.41997775,36.42317227,37.68251341,36.95436906,36.5662286,36.85192382,36.61198495,37.06738087,37.76285217,37.18654826,39.34842826,44.84728452,45.55451373,45.70447808,43.83842433,43.92845689,47.45211805,50.73002984,51.48256458,54.17581198,47.12605167,50.52293688,53.82011789,54.63049643,54.82881332,54.61311905,55.67557328,53.58409303,
DNK,NE.EXP.GNFS.KD.ZG,,4.276406613,4.910977435,9.976808991,8.541878381,7.88210023,3.896222716,3.952061299,9.253967098,6.169097346,18.51415932,6.330707645,5.262167168,8.355879112,3.414680892,-0.724324324,3.430770108,3.586200673,1.395853097,10.88946806,5.580498388,8.661369168,3.164901301,4.596074951,3.298109455,6.036543084,1.339335316,4.857373773,9.141940418,4.657942206,6.526742513,6.335547072,0.27083189,1.229152419,8.235730322,2.882770419,4.63921527,4.465158954,4.100514269,11.26373478,12.54223014,3.347683415,4.36296398,-1.194903517,3.004686752,7.638029118,10.33762723,3.653527895,3.87197386,-9.224322298,2.940140706,7.194843775,1.162158773,1.611435264,3.128809588,2.347622849,2.840057965,
DNK,NE.EXP.GNFS.KD,13165912410,13728940359,14403165522,15840141835,17193187486,18548371756,19271057630,20032661640,21886477557,23236675663,27538750817,29282148620,30823024231,33398558874,34539013082,34288838609,35465209835,36737063428,37249858866,41306170348,43611260518,47388592791,48888394981,51135342256,52821841814,56010455053,56760622858,59517698466,64958770998,67984513009,72421687122,77009997200,77218564831,78167698688,84605379551,87044358406,91082533572,95149513476,99051132853,1.10208E+11,1.24031E+11,1.28183E+11,1.33775E+11,1.32177E+11,1.36148E+11,1.46547E+11,1.61697E+11,1.67604E+11,1.74094E+11,1.58035E+11,1.62682E+11,1.74386E+11,1.76413E+11,1.79256E+11,1.84864E+11,1.89204E+11,1.94578E+11,
DNK,NE.EXP.GNFS.CD,2019063422,2079942082,2236029169,2528521059,2837949005,3128610275,3346644773,3495805516,3650579661,4135285009,4636133333,5119642352,6134862504,8596247624,10472362139,11887508266,12587262200,14117637260,16550429768,20570233796,23118401675,22322907600,21672267294,21784363040,21450862252,22827186592,28448646644,34688537052,38843942658,39815326530,50354038070,52463378410,56509004158,52361233208,57548816149,67734720834,69550416473,65532742827,65817215855,70026518735,73620764311,75069928389,81644267673,95609848657,1.10424E+11,1.25495E+11,1.43508E+11,1.64447E+11,1.91436E+11,1.51388E+11,1.62682E+11,1.85143E+11,1.78723E+11,1.88383E+11,1.92781E+11,1.6775E+11,1.64449E+11,
DNK,MS.MIL.XPRT.KD,20000000,,,,60000000,20000000,,131000000,28000000,3000000,,,,,,23000000,,,,,18000000,29000000,64000000,115000000,,,,116000000,40000000,,71000000,10000000,,241000000,330000000,8000000,,,1000000,6000000,20000000,1000000,10000000,62000000,173000000,,9000000,6000000,17000000,14000000,8000000,21000000,33000000,9000000,17000000,25000000,25000000,
DNK,MS.MIL.MPRT.KD,109000000,335000000,57000000,133000000,482000000,449000000,66000000,72000000,71000000,19000000,312000000,362000000,111000000,,39000000,149000000,360000000,372000000,367000000,57000000,569000000,567000000,559000000,231000000,72000000,92000000,16000000,99000000,99000000,182000000,121000000,148000000,61000000,56000000,85000000,133000000,71000000,77000000,116000000,68000000,50000000,153000000,51000000,54000000,228000000,120000000,83000000,146000000,96000000,130000000,17000000,,109000000,42000000,177000000,46000000,95000000,
DNK,LP.LPI.TRAC.XQ,,,,,,,,,,,,,,,,,,,,,,,,,,,,,,,,,,,,,,,,,,,,,,,,3.76,,,3.94,,4.1,,3.356776,,3.736071,
DNK,LP.LPI.TIME.XQ,,,,,,,,,,,,,,,,,,,,,,,,,,,,,,,,,,,,,,,,,,,,,,,,4.11,,,4.38,,4.21,,4.385104,,3.924305,
DNK,LP.LPI.OVRL.XQ,,,,,,,,,,,,,,,,,,,,,,,,,,,,,,,,,,,,,,,,,,,,,,,,3.86,,,3.85,,4.02,,3.78252,,3.815794,
DNK,LP.LPI.LOGS.XQ,,,,,,,,,,,,,,,,,,,,,,,,,,,,,,,,,,,,,,,,,,,,,,,,3.83,,,3.83,,4.14,,3.741392,,4.010558,
DNK,LP.LPI.ITRN.XQ,,,,,,,,,,,,,,,,,,,,,,,,,,,,,,,,,,,,,,,,,,,,,,,,3.67,,,3.46,,3.7,,3.649512,,3.658457,
DNK,LP.LPI.INFR.XQ,,,,,,,,,,,,,,,,,,,,,,,,,,,,,,,,,,,,,,,,,,,,,,,,3.82,,,3.99,,4.07,,3.816178,,3.745903,
DNK,LP.LPI.CUST.XQ,,,,,,,,,,,,,,,,,,,,,,,,,,,,,,,,,,,,,,,,,,,,,,,,3.97,,,3.58,,3.93,,3.789988,,3.819922,
DNK,LP.IMP.DURS.MD,,,,,,,,,,,,,,,,,,,,,,,,,,,,,,,,,,,,,,,,,,,,,,,,1.3,,,1,,2,,1,,1,
DNK,LP.EXP.DURS.MD,,,,,,,,,,,,,,,,,,,,,,,,,,,,,,,,,,,,,,,,,,,,,,,,1.3,,,1,,2,,1,,1,
DNK,IC.IMP.TMDC,,,,,,,,,,,,,,,,,,,,,,,,,,,,,,,,,,,,,,,,,,,,,,,,,,,,,,,1,1,1,
DNK,IC.IMP.TMBC,,,,,,,,,,,,,,,,,,,,,,,,,,,,,,,,,,,,,,,,,,,,,,,,,,,,,,,0,0,0,
DNK,IC.IMP.DURS,,,,,,,,,,,,,,,,,,,,,,,,,,,,,,,,,,,,,,,,,,,,,,5,5,5,5,5,5,5,5,5,5,,,
DNK,IC.IMP.DOCS,,,,,,,,,,,,,,,,,,,,,,,,,,,,,,,,,,,,,,,,,,,,,,3,3,3,3,3,3,3,3,3,3,,,
DNK,IC.IMP.CSDC.CD,,,,,,,,,,,,,,,,,,,,,,,,,,,,,,,,,,,,,,,,,,,,,,,,,,,,,,,0,0,0,0
DNK,IC.IMP.CSBC.CD,,,,,,,,,,,,,,,,,,,,,,,,,,,,,,,,,,,,,,,,,,,,,,,,,,,,,,,0,0,0,0
DNK,IC.IMP.COST.CD,,,,,,,,,,,,,,,,,,,,,,,,,,,,,,,,,,,,,,,,,,,,,,603,603,603,744,744,744,744,744,745,745,,,
DNK,IC.EXP.TMDC,,,,,,,,,,,,,,,,,,,,,,,,,,,,,,,,,,,,,,,,,,,,,,,,,,,,,,,1,1,1,
DNK,IC.EXP.TMBC,,,,,,,,,,,,,,,,,,,,,,,,,,,,,,,,,,,,,,,,,,,,,,,,,,,,,,,0,0,0,
DNK,IC.EXP.DURS,,,,,,,,,,,,,,,,,,,,,,,,,,,,,,,,,,,,,,,,,,,,,,6,6,6,6,6,6,6,6,6,6,,,
DNK,IC.EXP.DOCS,,,,,,,,,,,,,,,,,,,,,,,,,,,,,,,,,,,,,,,,,,,,,,4,4,4,4,4,4,4,4,4,4,,,
DNK,IC.EXP.CSDC.CD,,,,,,,,,,,,,,,,,,,,,,,,,,,,,,,,,,,,,,,,,,,,,,,,,,,,,,,0,0,0,0
DNK,IC.EXP.CSBC.CD,,,,,,,,,,,,,,,,,,,,,,,,,,,,,,,,,,,,,,,,,,,,,,,,,,,,,,,0,0,0,0
DNK,IC.EXP.COST.CD,,,,,,,,,,,,,,,,,,,,,,,,,,,,,,,,,,,,,,,,,,,,,,653,653,653,794,794,794,794,794,795,795,,,
DNK,IC.CUS.DURS.EX,,,,,,,,,,,,,,,,,,,,,,,,,,,,,,,,,,,,,,,,,,,,,,,,,,,,,,,,,,
DNK,GC.TAX.IMPT.ZS,,,,,,,,,,,,,3.499743765,,,,,,,0.108604293,0.100567551,0.088167016,0.089434291,0.088837589,0.092352222,0.081965189,0.077139331,0.065932425,0.067359279,0.068217847,0.06999304,0,0,0,0,0,0,0,0,0,0,0,0,0,0,0,0,0,0,0,0,0,0,0,0,0,,
DNK,GC.TAX.EXPT.ZS,,,,,,,,,,,,,0,,,,,,,0,0,0,0,0,0,0,0,0,0,0,0,0,0,0,0,0,0,0,0,0,0,0,0,0,0,0,0,0,0,0,0,0,0,0,0,0,,
DNK,EG.IMP.CONS.ZS,88.70139134,90.00827898,91.3892558,92.29122377,93.44053647,94.15830463,94.97353153,96.36286089,97.89166861,98.96787334,98.07033405,98.22093288,97.74592427,97.75604391,97.4586764,96.98730915,96.86204882,95.31775925,95.58819705,95.27438065,95.0230423,90.97683601,85.28699067,81.25831817,79.38205476,74.20327181,66.76010481,58.35436328,55.53193071,45.60560683,41.93396516,38.09630227,29.87100386,26.56673939,22.87290657,19.61042386,19.50538868,0.464787432,-1.892043817,-24.04789959,-48.84418959,-41.31370049,-50.41935194,-41.72095916,-60.07111567,-65.69405593,-45.8611628,-36.99421995,-38.71495566,-30.45988348,-19.86202242,-14.5419458,-8.653717944,4.908089604,0.944353805,1.774998671,,
DNK,BX.GSR.TRVL.ZS,,,,,,,,,,,,,,,,23.0671273,22.43399519,22.81408643,23.63891632,,,21.12205294,23.94055589,25.25112945,25.49172153,24.5005816,27.8549421,28.22773587,24.98099233,24.06412247,26.01897468,24.12540141,27.91457146,24.78179597,24.17105718,24.11348643,20.72446673,22.47330107,21.27223944,18.50729663,15.47683767,15.92804238,17.96776855,16.6431781,15.56854291,11.97701516,10.50018078,9.47747021,8.537818527,9.896574486,9.436381874,10.12426595,9.656410321,9.992651268,10.38971148,10.36762267,11.7067995,
DNK,BX.GSR.TRAN.ZS,,,,,,,,,,,,,,,,31.39210578,32.13012835,33.34725095,31.88601725,,,44.41723948,42.34832208,45.31190922,42.51665417,38.97349646,35.37476413,31.31984141,32.33397964,37.03590198,32.20309461,32.19097762,34.72994048,42.84451555,44.9151287,44.24453498,43.55274186,49.9761037,47.98795332,38.1206671,45.4844929,44.90945879,41.20591835,44.27542554,47.07250753,61.56560678,62.45201141,63.39340003,63.3115807,56.61959758,61.79685516,59.92224744,59.63702722,60.29701123,60.57408225,56.92729603,52.12725782,
DNK,BX.GSR.TOTL.CD,,,,,,,,,,,,,,,,12124298556,12894319754,14486784639,17134371226,20957772438,24011665437,23176266996,22240989418,22265721746,22366783045,24018783649,29674192594,36169797858,40836677533,43016127048,54913066708,59902194759,70542366629,72601971536,78144929370,94087757455,1.04863E+11,80920548414,73520594111,78858237447,85688552483,86337835017,91404296344,1.07389E+11,1.24139E+11,1.5098E+11,1.72151E+11,1.9961E+11,2.30376E+11,1.7713E+11,1.88837E+11,2.15716E+11,2.04991E+11,2.2021E+11,2.26205E+11,1.96425E+11,1.90895E+11,
DNK,BX.GSR.NFSV.CD,,,,,,,,,,,,,,,,3223067570,3586404385,4113411991,4785115522,5298742809,5862318386,5852704903,5410436527,5131091831,5049074737,5486873884,6372297745,7848408665,9622580038,9569868135,12829671205,14264353446,14082839597,12563534126,13661113318,15306760082,16501968025,14043575942,15211581443,19981531486,23721283806,25134384299,26666607078,31672415258,36304296014,43860605588,53281438460,63306239931,74183217449,57183625615,61574179060,67393811944,67417638029,71522289006,73423074307,64413326745,60371388330,
DNK,BX.GSR.MRCH.CD,,,,,,,,,,,,,,,,8652347258,9052678419,10010602233,11806619915,14765642543,17022378064,16136152159,15684850065,16225528817,16090353371,17123270132,21307093895,25694837779,27537191159,28728147845,36072155254,36782729567,40503730540,36947838870,41740792908,50348228652,50734655474,48102870851,47907826571,49786592852,50083927657,50466348572,55472556322,64537125820,75050248640,81513296556,90515014782,1.01639E+11,1.1824E+11,94720313342,1.01132E+11,1.17876E+11,1.11288E+11,1.16915E+11,1.19473E+11,1.0336E+11,1.04076E+11,
DNK,BX.GSR.INSF.ZS,,,,,,,,,,,,,,,,2.422993625,2.555745408,2.770436421,2.652594177,,,2.6846806,2.992540907,3.18165302,2.801564656,2.754031582,2.499444507,2.213003472,2.284690719,2.617052016,2.275614932,2.274737177,,,,,,,,,,,,,,1.308548557,1.318201909,1.651184147,2.051010452,2.669798713,2.308085322,2.080645608,1.727699694,1.663779613,1.561899271,1.497277684,1.710017221,
DNK,BX.GSR.GNFS.CD,,,,,,,,,,,,,,,,11875414828,12639082804,14124014224,16591735437,20064385351,22884696451,21988857061,21095286592,21356620648,21139428108,22610144016,27679391640,33543246444,37159771196,38298015980,48901826459,51047083013,54586570137,49511372996,55401906225,65654988734,67236623498,62146446793,63119408014,69768124337,73805211463,75600732871,82139163399,96209541078,1.11355E+11,1.25374E+11,1.43796E+11,1.64945E+11,1.92423E+11,1.51904E+11,1.62707E+11,1.85269E+11,1.78706E+11,1.88438E+11,1.92896E+11,1.67774E+11,1.64448E+11,
DNK,BX.GSR.CMCP.ZS,,,,,,,,,,,,,,,,43.1177733,42.88013105,41.06822619,41.82247225,,,31.77602698,30.71858112,26.2553083,29.19005964,33.77189036,34.27084927,38.23941924,40.40033731,36.28292354,39.50231578,41.40888379,37.35548806,32.37368848,30.91381412,31.64197859,35.7227914,27.55059523,30.73980724,43.37203627,39.03866943,39.16249883,40.8263131,39.08139636,37.35894957,25.14766639,25.72926763,25.47796103,26.09988362,30.81202325,26.4592628,27.87283607,28.97962949,28.04654809,27.47500645,31.20711368,34.45569131,
DNK,BX.GSR.CCIS.ZS,,,,,,,,,,,,,,,,,,,,,,,,,,,,,,,,,,,,,,,,,,,,,,15.72785644,16.60167826,16.06309947,15.33050456,17.26809552,15.79858017,16.93732713,18.92899794,17.6121082,17.15736657,17.82070485,19.64190797,
DNK,BX.GSR.CCIS.CD,,,,,,,,,,,,,,,,,,,,,,,,,,,,,,,,,,,,,,,,,,,,,,6898333079,8845612988,10168944292,11372661531,9874523095,9727846044,11414710397,12761483314,12596582929,12597466008,11478908843,11858092534,
DNK,BN.GSR.MRCH.CD,,,,,,,,,,,,,,,,-1304097568,-2877829877,-2714869280,-2356088159,-3025659260,-2103581763,-927332644.9,-794268390.9,251744359.8,-195099749.5,-763979700.3,-1049633472,794922269.9,1882882683,2424571081,4874814870,4747887892,7057702438,7719024401,7441280660,6527696652,7532134259,5368625431,3886364988,6658239752,6641091066,7417912528,7662256435,9697339029,9526626747,9117962750,5460638693,2728817259,4800867627,12990287002,15924479830,16787147946,14132405597,15272340617,15887666838,15800824456,17268597993,
DNK,BN.GSR.GNFS.CD,,,,,,,,,,,,,,,,-240130247.1,-1771039460,-1559010105,-1166519466,-2018692313,-734270148.7,262063933.8,78092703.95,881699066.9,552821842.6,-71194452.66,-743292495.6,1341713163,3078062109,3356304754,7486783174,8591998597,10404886685,9815989882,9035441697,7794535104,9263490305,5685483098,3318961698,8238249084,9299701473,10431353547,10023718627,13115565022,12429897920,14563595606,11599960269,9400458992,12524865839,14600232075,22342619656,22002867553,19639455571,22713794805,24523474363,21991926765,18995602286,
DNK,BM.GSR.TRVL.ZS,,,,,,,,,,,,,,,,29.83993522,30.25425486,31.82747545,32.11106546,,,27.3666431,29.19646638,26.80424525,28.46070382,29.75848905,35.1541942,39.13640862,37.12560154,33.92427207,36.1244548,32.33412666,35.80932368,30.67582198,29.80538967,30.54216579,28.02826927,30.55298002,29.0084888,26.62385834,22.16848696,21.97305942,24.01835431,23.56734924,21.79282512,17.88004901,15.91145471,15.61015044,14.72026881,16.43842482,16.30111137,16.15041234,15.73780502,15.70618952,16.16558498,15.4270488,15.64522195,
DNK,BM.GSR.TRAN.ZS,,,,,,,,,,,,,,,,33.96748086,34.8167224,32.90543908,34.05649712,,,47.74650603,42.61363931,42.9198615,43.97815812,41.23483109,36.82702153,35.39299112,37.66537693,40.60782801,37.84312579,41.84813756,41.3940607,44.93612247,46.01794791,44.82348641,44.56080479,50.09292573,44.51545785,37.63275828,44.36508407,45.36901429,39.99073843,42.56821068,43.36299107,47.65542677,51.59562889,52.41226148,51.57847782,48.21153294,49.9891004,49.47458008,48.38602748,50.72607063,49.90008128,48.92932282,45.47454816,
DNK,BM.GSR.TOTL.CD,,,,,,,,,,,,,,,,12689991446,15025877262,16593900620,19187444087,24271465109,26450427343,24890804490,24314749627,23459373194,24153820084,26650875977,33886223598,38951071745,41957502932,43991192965,53133838512,57053884728,65463400339,67175082821,73751147067,90842100276,1.00208E+11,78664112143,74047820556,73075827373,80412321752,78917721800,84920769554,96889923196,1.14038E+11,1.34395E+11,1.57154E+11,1.88583E+11,2.13834E+11,1.59328E+11,1.61249E+11,1.86446E+11,1.77978E+11,1.8661E+11,1.88901E+11,1.65042E+11,1.64136E+11,
DNK,BM.GSR.NFSV.CD,,,,,,,,,,,,,,,,2159100249,2479613969,2957552815,3595546830,4291775862,4493006772,4663308324,4538075432,4501137124,4301153145,4794088637,6065956768,7301617772,8427400612,8638134462,10217702901,10420242742,10735655350,10466568644,12066952281,14039921630,14770611979,13726718276,15778984733,18401522154,21062673399,22120943280,24305144885,28254189265,33401024841,38415148905,47142116885,56634417196,66459219237,55573872664,55155680141,62178092337,61910415480,64080834818,64787276631,58222224437,58644239076,
DNK,BM.GSR.MRCH.CD,,,,,,,,,,,,,,,,9956444826,11930508296,12725471513,14162708073,17791301803,19125959827,17063484803,16479118456,15973784457,16285453121,17887249832,22356727368,24899915509,25654308476,26303576764,31197340384,32034841675,33446028102,29228814469,34299512248,43820532000,43202521215,42734245420,44021461583,43128353099,43442836591,43048436044,47810299887,54839786791,65523621893,72395157633,85054376089,98910134765,1.13439E+11,81729834217,85208376996,1.01088E+11,97155636296,1.01643E+11,1.03585E+11,87559482421,86807875813,
DNK,BM.GSR.INSF.ZS,,,,,,,,,,,,,,,,1.895570845,1.829000135,1.71233942,1.709796214,,,1.989437751,1.775568305,1.773981531,1.555136184,1.718117962,1.534374962,1.474539156,1.569394195,1.692027916,1.576866448,1.743672398,,,,,,,,,,,,,,1.590317313,1.546419474,1.517813086,1.666613347,2.458485756,2.630983161,1.998623713,1.990129172,2.032819443,2.023488475,1.732551487,1.786263371,
DNK,BM.GSR.GNFS.CD,,,,,,,,,,,,,,,,12115545075,14410122264,15683024328,17758254903,22083077665,23618966599,21726793127,21017193888,20474921581,20586606266,22681338469,28422684136,32201533281,34081709088,34941711226,41415043285,42455084416,44181683452,39695383113,46366464529,57860453630,57973133194,56460963695,59800446316,61529875253,64505509990,65169379324,72115444772,83093976056,98924646734,1.1081E+11,1.32196E+11,1.55545E+11,1.79899E+11,1.37304E+11,1.40364E+11,1.63266E+11,1.59066E+11,1.65724E+11,1.68372E+11,1.45782E+11,1.45452E+11,
DNK,BM.GSR.CMCP.ZS,,,,,,,,,,,,,,,,34.29701308,33.10002261,33.55474605,32.1226412,,,22.89741312,26.414326,28.50191172,26.00600188,27.2885619,26.4844093,23.9960611,23.63962734,23.775872,24.45555296,24.07406338,22.79661562,24.38805555,24.17666242,24.6343478,27.41092594,19.35409425,26.47605335,35.74338338,33.46642897,32.6579263,35.99090726,33.86444009,34.84418381,32.87338531,30.94686851,30.459775,32.03341665,32.89089646,31.07940803,32.37666869,33.88742749,31.53520102,31.91138877,33.91057305,37.09345758,
DNK,BG.GSR.NFSV.GD.ZS,,,,,,,,,,,,,,,,13.29770857,13.60830731,14.20320744,13.88380711,13.62942399,14.55880167,16.99482023,16.46754387,15.88301664,15.81963444,16.40791789,14.12174607,13.84647078,15.62054149,16.19795951,16.67112529,17.73003674,16.23018907,16.08296732,16.47520795,15.86247431,16.66694022,16.0024664,17.50958575,21.56772691,27.28087503,28.67584285,28.53399738,27.47716846,27.72983204,31.10999052,35.49979188,37.54911767,39.80134038,35.10055045,36.25203254,37.6658998,39.53186256,39.46719627,39.15378011,40.7023485,38.77998104,
