EAS,TX.VAL.TRVL.ZS.WT,,,,,,,,,,,,,,,,,,,,,,,,,,,,,,39.11786859,37.42363841,38.09036577,39.77343606,41.10986214,41.72622662,43.34226208,36.3996242,24.03048664,23.79755321,24.88397756,24.5573429,24.90377743,24.28919446,27.88128622,27.75086005,28.87479815,28.35738974,25.90814073,25.6065091,28.11594867,30.88892575,25.74792981,26.61597816,27.39915047,25.94046109,26.84388666,27.86783024,
EAS,TX.VAL.TRAN.ZS.WT,,,,,,,,,,,,,,,,,,,,,,,,,,,,,,32.53677628,35.45380263,27.40548834,24.02669584,21.33497646,21.77001568,22.55440159,22.58228706,18.96139864,21.36529745,22.66780452,23.31266766,23.44863277,23.90245256,27.22676851,27.83484682,29.76633116,29.77515387,30.74992454,31.42443634,25.25875788,30.34327418,24.64283102,24.95942447,23.22267064,22.05170418,21.45736847,19.52941114,
EAS,TX.VAL.TECH.MF.ZS,,,,,,,,,,,,,,,,,,,,,,,,,,,,,,21.53133259,22.15319776,22.79992951,21.59890416,22.73950942,24.59202439,26.91075437,27.42974863,28.63614084,29.22656218,31.16131826,33.32134688,30.96674384,30.75806061,30.29539101,30.99219516,30.84194685,30.50491207,27.18937087,25.85637865,27.37749891,26.24390935,24.33015402,24.80624292,25.15369881,24.23297658,24.62506565,26.34534885,
EAS,TX.VAL.TECH.CD,,,,,,,,,,,,,,,,,,,,,,,,,,,,,,,,,,,,,,,,,,,,,,,,,,,,,1.02212E+12,,,,,
EAS,TX.VAL.SERV.CD.WT,,,,,,,,,,,,,,,,,,,,,,,,,,,,,,,,,,,,,2.60032E+11,3.0989E+11,2.81723E+11,2.8863E+11,3.24117E+11,3.24745E+11,3.50999E+11,3.29706E+11,4.23117E+11,4.5698E+11,5.16442E+11,6.34098E+11,7.3004E+11,6.40704E+11,7.36712E+11,9.03388E+11,9.53527E+11,1.00159E+12,1.07208E+12,1.03308E+12,1.03951E+12,
EAS,TX.VAL.OTHR.ZS.WT,,,,,,,,,,,,,,,,,,,,,,,,,,,,,,24.12508341,24.7046993,31.48023183,32.82679009,34.63185723,30.67503774,26.86182617,37.90080028,54.19459932,51.4968752,48.8143388,48.55128787,47.9167568,48.25161833,40.89296548,40.43795893,36.99528761,36.7729232,37.86377326,38.24763405,41.60636414,33.7383096,44.6689243,43.45265935,43.97336053,45.88174926,45.15809077,46.05213196,
EAS,TX.VAL.MRCH.XD.WD,,,,,,,,,,,,,,,,,,,,,,,,,,,,,,,,,,,,,,,,,,,,,,,,,,,,,,,,,,
EAS,TX.VAL.MRCH.WR.ZS,1.669974877,2.664414958,1.969066056,1.757520915,1.725721852,1.184632994,1.126414816,1.321163152,1.112574574,1.025718624,0.782970646,0.703035919,0.63098809,0.676566524,0.660046681,0.624829135,0.702381584,0.828015018,0.945099024,1.108823782,1.179792168,1.142255605,1.267454852,1.126042991,1.066588486,1.127264206,0.914048643,1.047438334,1.072724963,1.164018452,1.277404619,1.335309987,1.474749758,1.634776089,1.909117428,2.178439359,2.346209288,2.534761378,2.498930552,2.662920279,3.002951596,3.312936939,3.708221636,4.070287987,4.280867349,4.566826612,4.720346981,5.085340562,5.435334905,6.053977913,6.370881878,6.868541496,7.426767306,8.069818299,8.268369196,8.488352622,8.869414794,
EAS,TX.VAL.MRCH.WL.CD,9557030000,10362500000,10795067000,12278659000,13831893000,15675741000,18021780000,20393999000,24889208000,30095973000,34967339000,41329325000,51036304000,72242859000,1.04533E+11,1.04019E+11,1.28358E+11,1.52561E+11,1.90687E+11,2.25407E+11,2.87478E+11,3.20588E+11,3.0537E+11,3.16904E+11,3.63577E+11,3.69295E+11,4.12302E+11,4.88756E+11,5.89068E+11,6.37004E+11,6.98456E+11,7.80224E+11,8.68352E+11,9.4984E+11,1.09978E+12,1.29598E+12,1.30713E+12,1.37804E+12,1.28375E+12,1.3671E+12,1.61167E+12,1.48014E+12,1.59596E+12,1.89513E+12,2.35881E+12,2.72241E+12,3.18167E+12,3.69209E+12,4.21295E+12,3.46812E+12,4.50888E+12,5.26687E+12,5.40276E+12,5.51666E+12,5.66946E+12,5.35351E+12,5.12714E+12,
EAS,TX.VAL.MRCH.RS.ZS,6.543978621,6.271652593,7.490161942,7.668703887,7.839469261,7.930789364,6.35102082,5.683161993,5.718249452,5.681318228,5.823803178,6.142795703,6.088677581,6.182406208,6.070309763,7.021828623,6.69025852,5.432402242,5.133504502,4.759665971,4.937936622,4.327680209,4.501672436,3.899454211,3.379634959,3.733262246,3.51615485,3.048597435,3.133795261,3.572058395,3.727866469,2.729388144,2.141868382,2.016782266,1.920593329,2.144285877,2.121109638,1.244177697,0.62953251,0.554845351,0.352848381,0.365234026,0.342110637,0.288205104,0.25654168,0.260759582,0.252222496,0.284689055,0.362753161,0.64311779,0.480123487,0.552923814,0.349789221,0.412243406,0.463674873,0.468104145,0.427549317,
EAS,TX.VAL.MRCH.R6.ZS,3.226734665,3.200965018,2.953108119,3.047971281,3.396498223,3.322968911,2.677870887,2.831666315,2.741790739,2.722693166,3.041558295,3.154607534,2.494040321,2.404742869,2.645994441,2.747238744,2.330487019,2.592973629,2.34611164,1.92518973,2.532022427,2.795293687,2.314853384,1.766271744,1.556730414,1.246396694,1.326844301,1.588890265,1.490204586,1.196953924,1.243212276,1.369848654,1.330978758,1.292179501,1.176150659,1.178827934,1.083670769,1.073560516,1.188992198,1.073252877,0.998213198,1.145618197,1.112551774,1.155330246,1.301132934,1.347482023,1.470659782,1.63557434,1.816198762,1.912725369,1.889586625,2.026235018,2.067918938,2.178400257,2.288665286,2.273245074,2.060613706,
EAS,TX.VAL.MRCH.R5.ZS,4.269108708,3.611097708,3.806405278,3.456647831,3.358831651,3.543692129,3.118448899,2.624448496,1.934051096,1.479503587,1.303227563,1.371164421,1.311329284,1.189093305,1.670456143,1.636997959,1.237365927,1.48182769,1.671271504,1.82736425,1.792037988,1.900668339,2.125628771,2.068212281,2.15594351,2.075681598,2.06873408,1.825781758,1.747523178,1.646137204,1.591202817,1.466457801,1.386903726,1.542788793,1.45377402,1.548424005,1.573399009,1.540299895,1.780488594,1.704050967,1.612719645,1.673904756,1.704870583,1.850279288,1.984738336,2.228093367,2.450347403,2.749251678,3.105404858,3.423110175,3.622824151,3.756798664,3.451751434,3.337841339,3.516351395,3.841534098,3.988716885,
EAS,TX.VAL.MRCH.R4.ZS,1.578105332,1.707117008,1.157130382,1.148496754,1.333150857,1.409821711,1.361130809,1.210650251,1.282563913,1.302420095,1.279393894,1.718024671,1.585124581,1.518757722,2.793097714,4.576393836,3.531855231,3.67377751,3.747963329,2.776999197,3.283714905,3.794617525,3.492976301,3.534888483,2.869684893,2.432565028,1.983894515,1.528363706,1.261796968,1.035556835,1.157935869,1.192205814,1.197882549,0.982521981,0.796799742,0.748565362,0.848649751,0.847358216,0.994536588,0.929752056,0.829345223,0.951424786,1.028223267,1.009156329,1.061295408,1.043588682,1.111118275,1.276053219,1.49503492,1.736959793,1.625760221,1.496449783,1.517903875,1.549395821,1.754594506,1.661054208,1.673865474,
EAS,TX.VAL.MRCH.R3.ZS,3.433388825,3.34668275,3.379552901,2.952684002,3.331662557,2.970481587,2.894858333,2.98876645,2.918345172,3.164609431,3.198956603,3.707268386,3.882563675,3.915989814,4.961224629,4.798927291,3.97320703,4.191645443,3.590651961,3.239118501,3.519222938,3.677548236,3.415110417,2.297885599,2.679247923,2.689873305,2.539783375,2.154588283,1.949410469,1.883359604,2.007698987,2.306812359,2.717975099,2.814443667,2.853992769,2.69388168,2.585940188,2.846331152,3.1284988,2.753684992,2.629283895,2.778185485,2.44133259,2.131457159,2.288782694,2.500878645,2.90667383,3.190332817,3.666235333,3.541014565,3.948159092,4.207474845,4.250197397,4.025512773,3.834591408,3.736231798,3.519824717,
EAS,TX.VAL.MRCH.R2.ZS,0.190435732,0.363811821,0.384434853,0.374650033,0.34557815,0.34192961,0.444462201,0.420368757,0.318049494,0.327585355,0.310970188,0.284778423,0.316429654,0.434520456,0.527400993,0.394977752,0.540546904,0.484000716,0.549312826,0.468454081,0.436243974,0.388061054,0.295137345,0.335850718,0.308662611,0.396029252,0.415187901,0.38148788,0.303341713,0.258885646,0.382393249,0.292126829,0.781705355,1.054477842,0.833256353,0.911980916,1.019984803,1.080302229,1.017989384,0.703478552,0.771388888,0.793221578,0.921948268,1.289980803,1.546291952,1.896240457,2.361186652,2.908830849,3.289616567,2.245265263,2.518083721,2.78295755,2.862477013,3.006822314,2.956184204,2.310269873,2.503818127,
EAS,TX.VAL.MRCH.R1.ZS,9.9434657,11.86779252,9.995232081,10.41603973,10.75268584,11.04891947,11.76631831,12.84097346,13.10660829,12.80974368,11.10919536,10.41703439,9.563074944,9.852944773,10.58745799,10.84757342,8.804562927,8.909298538,9.324195403,9.865410232,10.70854314,10.48030454,10.55574167,10.66777121,10.44524597,11.89146371,9.840625728,9.984102547,11.01821134,11.55866536,11.95584546,13.16326255,14.38007992,16.40737644,17.46199538,18.4891167,19.30883058,18.83795466,16.56696264,17.02611434,18.1474563,18.89822934,20.10350601,21.88822645,22.14287928,22.23422918,21.91360992,22.19378947,22.31397099,24.01018677,25.00040553,25.27949415,25.74196078,26.29162187,25.82673942,26.04468557,26.08921686,
EAS,TX.VAL.MRCH.OR.ZS,20.97126409,21.43305187,19.70679756,19.63896872,20.79268543,21.45318043,21.13667462,21.59571058,21.18883413,20.78083669,19.46033125,19.94984191,18.52157437,18.63948242,22.52558523,24.37727986,19.71564345,20.50550851,20.28440764,18.99371221,21.09199321,21.89423777,20.93199304,19.54483705,18.94892683,19.60474538,17.26102126,16.41577611,16.69776329,16.41554012,17.06088404,18.45540403,20.32077565,22.45901213,22.6668515,23.39235723,24.07426581,23.69104528,22.17853765,21.52741351,21.98545555,22.9276472,23.60421086,25.25414229,26.04425326,26.68368574,27.49324889,28.86849181,30.25112652,30.81528402,32.23393746,32.68086851,32.46544213,32.31977608,31.90875702,31.378668,30.96664097,
EAS,TX.VAL.MRCH.HI.ZS,70.81478242,69.63088058,70.83397444,70.93480648,69.64212346,69.43139721,71.38588974,71.39996427,71.98034184,72.51212646,73.93289492,73.20432647,74.75875996,74.50154485,70.74405833,67.97606238,72.89171644,73.23407423,73.63698884,75.13779804,72.790278,72.63582641,73.29887967,75.42966575,76.60484972,75.53472816,78.30877525,79.48818813,79.09571649,78.84838304,77.93384487,77.47989784,76.06260621,73.88942951,73.50343774,72.28491753,71.45841526,72.53001564,74.69299929,75.25482086,74.65874447,73.39418184,72.34545687,70.38736462,69.41833772,68.48872806,67.53418164,65.76147858,63.95078541,62.48762028,60.91505718,59.89766618,59.75800134,59.19816222,59.35919891,59.66487523,59.73639492,
EAS,TX.VAL.MRCH.CD.WT,15317142273,15010628692,15512745633,17273753841,19354830197,21803035294,24080403309,25009435359,28498425090,34171290277,39418955587,46966559711,58123373388,83071946630,1.17799E+11,1.17985E+11,1.44562E+11,1.70884E+11,2.05239E+11,2.43474E+11,3.09827E+11,3.4313E+11,3.29102E+11,3.43924E+11,3.96932E+11,4.0153E+11,4.55286E+11,5.44517E+11,6.52184E+11,7.05817E+11,7.64844E+11,8.57653E+11,9.48957E+11,1.03078E+12,1.18941E+12,1.40058E+12,1.41393E+12,1.49327E+12,1.39833E+12,1.4931E+12,1.7729E+12,1.6099E+12,1.73683E+12,2.05424E+12,2.54771E+12,2.92786E+12,3.41682E+12,3.95075E+12,4.48328E+12,3.68393E+12,4.79836E+12,5.60975E+12,5.75661E+12,5.90598E+12,6.04111E+12,5.63262E+12,5.43466E+12,
EAS,TX.VAL.MRCH.AL.ZS,1.866165535,2.137515078,1.784731859,1.703361906,1.893450159,1.996077889,1.983155937,1.930371773,1.914404026,1.883238665,1.724008796,2.081229248,2.19278222,2.265497272,3.57406464,5.463029241,5.822668883,6.536455258,6.352386516,6.493661578,6.842276552,7.917651979,8.318946161,7.481591085,6.013856157,5.120285532,3.932319182,3.422380428,3.059863645,2.612888214,2.581678095,2.744297141,2.91623243,2.749640044,2.322619583,2.124197577,2.199824061,2.239597824,2.711005015,2.342665668,2.130495253,2.514331437,2.607364201,2.546166249,2.54542136,2.668997938,2.81679598,3.280356619,3.875018231,3.848360063,3.430665276,3.335181107,3.754114471,3.856817855,4.144422054,4.231775671,3.939832048,
EAS,TX.VAL.MMTL.ZS.UN,,,,,,,,,,,,,,,,,,,,,,,,,2.900399616,2.712150498,2.407928483,2.945741615,3.544851615,3.048656949,2.624086134,2.346170869,2.298151174,2.139273415,2.148324376,2.528872916,2.337274197,2.433097377,2.537350318,2.49360647,2.423083442,2.378805592,2.276893268,2.375205519,2.691535302,2.900605655,3.603878303,3.869857871,3.808257195,3.504411542,4.301691241,4.907317259,4.597882557,4.621518151,4.753420699,4.228872056,4.38823507,
EAS,TX.VAL.MANF.ZS.UN,,,,,,,,,,,,,,,,,,,,,,,,,60.25174662,53.06556358,55.74131318,67.55310031,70.98677584,74.10732795,75.55047298,77.78938147,79.19946515,80.7913571,82.01395064,82.8951038,83.19503727,82.4909936,83.55810891,84.76397375,84.51669475,84.15429565,84.68392953,84.78015106,84.52728498,84.04620941,83.27919453,82.84420743,80.37764152,81.51235173,80.11433395,78.1818964,78.76871037,78.96191749,79.01314051,80.45636919,80.72156313,
EAS,TX.VAL.INSF.ZS.WT,,,,,,,,,,,,,,,,,,,,,,,,,,,,,,4.220271725,2.417859661,3.023914065,3.416706373,2.931151219,5.85369704,7.272541345,3.12408256,2.82328101,3.346853701,3.643439336,3.589466458,3.740566172,3.566008367,4.009399136,3.984091082,4.372196313,5.104608035,5.488994982,4.730757497,5.028870051,5.039472159,4.950119579,4.972007846,5.404894281,6.138462664,6.540654098,6.550626664,
EAS,TX.VAL.ICTG.ZS.UN,,,,,,,,,,,,,,,,,,,,,,,,,,,,,,,,,,,,,,,,,26.31205331,25.80702432,27.54980444,27.84515649,28.2959769,27.95580855,27.44308582,25.27907556,23.29185878,24.98265695,24.46217954,22.22184864,22.21179777,22.63583265,22.75331721,24.10251771,,
EAS,TX.VAL.FUEL.ZS.UN,,,,,,,,,,,,,,,,,,,,,,,,,15.89781381,17.08722942,10.36669928,9.485820907,7.60494105,7.162521813,7.856108976,7.072768312,6.195430238,5.547701827,4.47872411,4.155840325,4.673544303,5.077596651,4.225489245,4.223609929,5.079640939,5.232020765,4.820371738,4.938135999,5.280663761,5.968349082,6.133961495,6.006158073,7.931374601,6.815746982,6.876877268,7.706967452,7.810968189,7.590222428,7.288556923,5.975777371,5.52141551,
EAS,TX.VAL.FOOD.ZS.UN,,,,,,,,,,,,,,,,,,,,,,,,,12.45509387,10.94577691,11.03674917,11.03865857,9.736228418,10.0136868,9.149505731,8.919968758,8.527306165,8.05854658,7.82177515,6.842293398,6.887302096,6.702426911,6.382884509,6.001284898,5.181232901,5.380095661,5.34737158,5.013561082,4.746470085,4.272158092,4.021482474,4.198904724,4.467736556,5.059312689,4.989788325,5.322289884,5.470536633,5.489342347,5.776468486,6.164206651,6.189335092,
EAS,TX.VAL.AGRI.ZS.UN,,,,,,,,,,,,,,,,,,,,,,,,,4.986141981,4.610390644,4.648454155,5.357334465,5.32084519,4.497373785,3.281579649,2.929835419,2.64541156,2.272115693,2.31003446,2.221550642,2.025305483,1.846661733,1.563985277,1.497445874,1.424886934,1.321922096,1.328996451,1.309347203,1.268934951,1.217295579,1.279398309,1.277919186,1.259501459,1.179217606,1.482589757,1.792433587,1.540413563,1.484763008,1.312367137,1.312983599,1.221232767,
EAS,TX.QTY.MRCH.XD.WD,,,,,,,,,,,,,,,,,,,,,,,,,,,,,,,,,,,,,,,,,,,,,,,,,,,,,,,,,,
EAS,TT.PRI.MRCH.XD.WD,,,,,,,,,,,,,,,,,,,,,,,,,,,,,,,,,,,,,,,,,,,,,,,,,,,,,,,,,,
EAS,TM.VAL.TRVL.ZS.WT,,,,,,,,,,,,,,,,,,,,,,,,,,,,,,,,,,,,,22.71902996,25.26718329,26.30787939,27.67109339,28.16707164,28.03949516,28.04863314,25.27856067,25.74318275,25.11392295,22.99406886,22.30822454,21.38182419,24.72544826,28.22062779,24.53879476,26.88723545,27.66635286,32.16524549,34.06090316,35.02715905,
EAS,TM.VAL.TRAN.ZS.WT,,,,,,,,,,,,,,,,,,,,,,,,,,,,,,,,,,,,,38.21095687,33.90465909,28.38564268,28.24695234,30.28942466,30.20233448,29.44262042,31.53768604,32.79488094,33.23726564,33.28728001,33.19125002,33.21316079,29.57895048,35.01766655,30.67647031,30.00997111,28.37995611,25.77218444,24.05648296,22.51500563,
EAS,TM.VAL.SERV.CD.WT,,,,,,,,,,,,,,,,,,,,,,,,,,,,,,1.2665E+11,1.45219E+11,1.60634E+11,1.9102E+11,2.20268E+11,2.62783E+11,3.43126E+11,3.67573E+11,3.7549E+11,3.27415E+11,3.41936E+11,3.72568E+11,3.64879E+11,3.82891E+11,4.13641E+11,5.04651E+11,5.52964E+11,6.11126E+11,7.15787E+11,8.21958E+11,7.18822E+11,8.03988E+11,9.86467E+11,1.07667E+12,1.13709E+12,1.27499E+12,1.2385E+12,1.2642E+12,
EAS,TM.VAL.OTHR.ZS.WT,,,,,,,,,,,,,,,,,,,,,,,,,,,,,,,,,,,,,36.12152703,36.51002705,40.37575313,39.2587496,36.70039117,36.82728055,37.34091179,37.49377196,35.90868088,36.22507639,37.49916748,38.46030489,39.3761786,39.40910033,28.84808423,38.25709311,36.71024822,37.58554733,36.35818666,37.15465642,37.45146812,
EAS,TM.VAL.MRCH.XD.WD,,,,,,,,,,,,,,,,,,,,,,,,,,,,,,,,,,,,,,,,,,,,,,,,,,,,,,,,,,
EAS,TM.VAL.MRCH.WR.ZS,1.487818808,1.931857962,1.770785994,1.658285725,1.923811245,1.970866677,1.060568438,1.590894804,1.407963296,1.215820552,1.014049902,0.892141209,0.920575946,0.868184831,0.837950838,1.034197228,1.035329405,1.129445366,1.197362599,1.188530059,1.238528961,1.294737261,1.508461689,1.436504003,1.466492332,1.496933083,1.378544869,1.538137109,1.519631608,1.546575301,1.556733883,1.730161044,1.849973202,1.897526749,2.136196286,2.509194635,2.442641613,2.727018198,3.139726226,3.383935,3.719162493,4.059774426,4.79979784,5.361647344,5.733605331,6.104047302,6.366244415,6.926206087,6.813165623,7.443259153,7.936957018,8.102265444,8.364387478,8.619389177,9.05700764,10.1997539,10.85220254,
EAS,TM.VAL.MRCH.WL.CD,11573990000,13111730000,13057422000,14876809000,16459463000,17558519000,19745449000,23861100000,28370839000,32186411000,38491301000,41263535000,47716867000,73749964000,1.16249E+11,1.11311E+11,1.25336E+11,1.41056E+11,1.76154E+11,2.34424E+11,3.00603E+11,3.24531E+11,3.10435E+11,3.05964E+11,3.3137E+11,3.35476E+11,3.38855E+11,4.07068E+11,5.14988E+11,5.90949E+11,6.68288E+11,7.25308E+11,7.84567E+11,8.67278E+11,1.01219E+12,1.24491E+12,1.30796E+12,1.30054E+12,1.06414E+12,1.16915E+12,1.44262E+12,1.36254E+12,1.44556E+12,1.72462E+12,2.16012E+12,2.48874E+12,2.86771E+12,3.27953E+12,3.9242E+12,3.17221E+12,4.16715E+12,5.08296E+12,5.29748E+12,5.39123E+12,5.40587E+12,4.63582E+12,4.53194E+12,
EAS,TM.VAL.MRCH.RS.ZS,4.032835695,4.294475252,4.094713336,4.118235302,4.138889586,3.733999434,3.74360188,4.211825943,3.876170176,3.47871653,3.195379133,3.067631021,3.241417757,3.428116928,2.919346561,2.501005515,2.062850215,2.004512487,2.621778214,2.47455091,2.160309816,2.160388876,2.131949136,2.217285198,2.389663366,3.243296111,3.627453196,3.389077652,3.724715764,3.724302386,3.724092993,2.284335827,1.759659163,1.673953285,1.516569095,1.86701965,1.729026054,0.795716601,0.737683269,0.691688196,0.904087279,1.000178261,1.420468957,1.694134118,1.976654032,2.431167339,2.775156801,2.860624065,2.626816129,3.124819376,3.347585678,3.082940402,3.377214672,3.584270143,3.339185028,3.667929675,3.719104034,
EAS,TM.VAL.MRCH.R6.ZS,1.589339545,1.893342831,1.859861771,1.920438718,2.259368972,2.283279131,2.370115767,2.982888467,3.228103335,3.322737661,3.133869131,2.652884684,2.766097363,2.631294844,2.330644532,2.123260517,1.808493624,1.790129791,1.641791847,1.742582089,1.581463442,1.439908252,1.382037661,1.244494504,1.187616095,1.296802957,1.372645127,1.226683943,0.991599767,0.977588375,0.816183523,0.826234202,0.823039883,0.821459002,0.763363175,0.837948384,0.907456111,1.132348324,0.909908581,1.032194245,1.141584012,1.019925312,1.173613064,1.213355699,1.499118334,1.547167275,1.735555539,1.78456408,2.077542767,1.767564454,1.974344411,2.463321167,2.772386695,2.824409541,2.865823173,1.823255762,1.803106031,
EAS,TM.VAL.MRCH.R5.ZS,3.230087463,2.827163158,2.679058699,3.016238227,2.638664457,2.41940109,2.17006967,2.213091601,2.318482721,2.075978586,1.930573872,1.867428469,1.916655593,1.842785984,1.248377388,1.254882376,1.44478,1.241856993,1.211809652,1.11145653,0.924162402,0.96071387,1.06253327,1.169052366,0.963010927,0.992707192,1.001487564,1.041583571,1.039684657,1.070699173,1.020660816,1.14760289,0.99600939,1.052237397,1.033308868,1.012944221,1.148850271,1.089584298,1.041608978,1.006074741,1.037122165,1.083315225,1.10601896,1.121062302,1.281910314,1.332044585,1.370314981,1.533188693,1.735597654,1.56640857,1.702816296,1.754330987,1.600270765,1.503474933,1.461561357,1.456388301,1.479894558,
EAS,TM.VAL.MRCH.R4.ZS,1.680751409,1.800982784,1.922561743,2.130819855,2.407320336,2.7759061,3.167646378,3.06457372,3.189877465,3.430624806,3.407554346,4.037291037,3.819986756,3.185356131,5.614486184,6.205701733,5.226510496,4.865020904,3.989432562,3.590111538,3.770925671,1.596008108,1.904370247,2.198798453,1.40875361,1.742768422,1.33407153,1.01347348,0.866709576,0.988890919,1.150497196,0.891306327,0.811842085,0.851388383,0.768369285,0.70312043,0.811315957,0.937894361,0.80277521,1.031770258,1.31104283,1.204977661,1.038306374,1.2174864,1.277123215,1.42217671,1.61133304,1.639624094,1.983751185,1.660737088,1.764878398,1.97924598,1.885488815,1.776875802,1.705260655,1.168635153,1.078610774,
EAS,TM.VAL.MRCH.R3.ZS,2.91161475,3.748551869,3.628373196,3.695469909,3.819031034,3.537883804,3.398352704,3.013817469,2.903051263,3.266704697,3.294528808,2.889960833,2.890032575,2.488105621,2.20071945,2.291027299,2.077795613,2.323286574,2.180866351,2.366550964,2.240222551,2.687980018,2.738994056,2.999988927,2.947457638,3.018626845,2.679665685,2.235259995,2.459734693,2.358353822,2.09574419,1.957929969,1.686012559,1.491883273,1.540643489,1.54989145,1.548327832,1.557263948,1.4090332,1.357690663,1.339775421,1.485546422,1.506375985,1.721828965,1.84252941,1.856132499,1.995992014,2.331451145,2.746025363,2.890206475,3.030182671,3.285213615,3.338801941,3.346755801,3.309540475,3.085833141,3.129696783,
EAS,TM.VAL.MRCH.R2.ZS,0.048384351,0.090605893,0.076760941,0.107045805,0.16239898,0.187088672,0.22440614,0.322323782,0.193614295,0.143650685,0.136394454,0.122073884,0.114104306,0.137564813,0.159545044,0.203460446,0.181893115,0.145942354,0.365935808,0.415561204,0.275419497,0.290724072,0.253746261,0.314054881,0.299283313,0.332879294,0.338719274,0.311766387,0.354692717,0.306118198,0.196502707,0.217352842,1.055166448,1.536575855,1.434022193,1.426110888,1.371629048,1.286472726,1.103185031,1.254987701,1.305090747,1.492596582,1.551342582,1.608435785,1.672986622,1.701189422,1.583537639,1.839757146,2.070904697,2.094011838,2.342249226,2.60411396,2.700320597,2.783398766,2.843910288,2.427946875,2.125375047,
EAS,TM.VAL.MRCH.R1.ZS,8.785302216,7.758472757,8.901519764,9.152164285,9.845758637,10.47534248,11.93314976,10.71386064,11.27886983,11.62866217,10.73702601,10.98173727,11.56838105,13.01912364,12.32124559,11.64552277,12.084419,12.50886193,11.81028329,13.24783488,13.9189142,13.53141692,14.1344825,13.6104595,14.52949993,14.4356287,13.65968379,14.75897429,14.75820605,14.94149047,15.32845661,17.31316331,18.20656942,18.95097768,19.56574473,19.67021971,20.24189004,21.49359732,23.15467495,23.77564589,24.26237172,24.95169094,25.75158974,26.06714329,25.86839999,26.27106603,26.46342468,26.71693707,25.60189911,26.58052825,26.35406587,25.49068002,25.67859578,25.68320936,26.42359153,29.24004597,29.69546112,
EAS,TM.VAL.MRCH.OR.ZS,16.75766093,16.18726133,17.29735012,18.36389107,19.20873117,19.7080346,22.20317198,20.71966087,21.70403561,22.65253805,21.62589672,21.65923496,22.1546817,22.43604621,23.03706735,22.68965791,21.78856244,21.74565317,20.00275691,21.28556714,21.4725788,19.21201398,19.9677023,20.10034462,19.86912918,20.32248033,19.0077281,19.04960455,18.95099585,19.09656566,19.05131116,20.62342849,21.72866658,22.80699484,22.96925546,22.69104045,23.58682764,24.77014278,25.28145972,26.0744285,26.6778244,27.17827771,27.32744887,27.5876651,27.70846256,28.02572922,28.39391348,28.91931614,29.40255515,29.11619752,29.23157986,29.47464028,29.61147712,29.29873502,29.55267984,29.0023513,28.45994176,
EAS,TM.VAL.MRCH.HI.ZS,77.72168457,77.58640546,76.83715055,75.8595879,74.728568,74.58709929,72.9926577,73.47761838,73.01183092,72.65292486,74.16467425,74.38099281,73.6833246,73.26765204,73.20563525,73.77513935,75.11325794,75.12038897,76.17810227,75.05135189,75.12858242,77.33285988,76.39188687,76.24586617,76.27471512,74.93729048,75.98627383,76.02318069,75.80465677,75.63255665,75.66786196,75.36207464,74.66170105,73.62152513,73.37797916,72.93274527,72.24150469,71.70712242,70.84113078,69.8499483,68.69892583,67.7617696,66.45228434,65.35655344,64.58127808,63.43905614,62.4646853,61.29385371,61.1574631,60.31572395,59.48387745,59.34015387,58.64692073,58.49760566,58.05112749,57.12996512,56.96875166,
EAS,TM.VAL.MRCH.CD.WT,17212900239,17982859321,17238298387,19318981645,21748466748,23677105812,25865682560,29099432679,32117607327,36223701089,43190484301,46516482855,54065982705,83871423075,1.32371E+11,1.27452E+11,1.42592E+11,1.6019E+11,1.9134E+11,2.53909E+11,3.25584E+11,3.5036E+11,3.34688E+11,3.30868E+11,3.61977E+11,3.60636E+11,3.67214E+11,4.48269E+11,5.7451E+11,6.54093E+11,7.22514E+11,7.93526E+11,8.58757E+11,9.43786E+11,1.10082E+12,1.34367E+12,1.40964E+12,1.42668E+12,1.18013E+12,1.29085E+12,1.59722E+12,1.47975E+12,1.5728E+12,1.87012E+12,2.34591E+12,2.69296E+12,3.09311E+12,3.52042E+12,4.16608E+12,3.3484E+12,4.42162E+12,5.38542E+12,5.60709E+12,5.75384E+12,5.72169E+12,4.92881E+12,4.7224E+12,
EAS,TM.VAL.MRCH.AL.ZS,4.902458011,4.82888223,4.921882742,5.544488741,5.644303219,5.876452336,5.50514197,5.442460742,5.787484818,5.368933492,4.977480496,5.748814298,6.140013342,5.836015052,13.55052351,14.54552633,15.98494035,16.50166494,13.81947331,15.28608611,19.7281492,19.15561868,17.20161592,14.97224917,13.45248843,11.1219564,7.259635032,7.060840811,5.615374298,5.813792668,6.738667047,6.080596083,5.873016605,5.172455865,4.650350917,4.582611611,5.079029693,5.588122428,4.600123254,5.143900211,7.00870784,6.753455186,6.011202841,6.341614293,6.581534932,8.064599954,8.912288495,8.326292851,10.57289345,7.915089657,8.189773282,9.630841058,10.26006904,10.04070556,9.502035001,6.518191536,5.280980038,
EAS,TM.VAL.MMTL.ZS.UN,,,,,,,,,,,,,,,,,,,,,,,,,4.810973939,4.294158749,3.856136725,4.105066404,4.638496482,4.846403052,4.177459037,4.226708288,4.390492745,4.001990045,3.748503193,4.363017373,3.97054733,4.214349883,4.286306852,4.198962046,4.269625263,4.236879909,3.972928791,4.108327844,5.090341351,5.533861424,6.45234822,7.632788502,7.729503667,7.402966335,8.11143329,8.369790552,7.292431811,7.077648556,6.644373233,6.210716794,5.852431033,
EAS,TM.VAL.MANF.ZS.UN,,,,,,,,,,,,,,,,,,,,,,,,,59.66276619,54.4863453,57.79012929,69.64321031,70.55453596,70.47518743,71.58199522,72.84010469,72.77502163,74.82526949,76.03696869,75.1870626,75.10566908,74.23070152,76.0058657,75.94590911,73.58398609,73.99878899,75.21082872,74.81208159,73.11693154,70.98130045,68.79656978,67.54038069,62.5741595,66.06987291,64.50209513,60.47285692,60.33881524,60.47737164,61.85679823,67.33940124,69.91951508,
EAS,TM.VAL.INSF.ZS.WT,,,,,,,,,,,,,,,,,,,,,,,,,,,,,,,,,,,,,2.948486139,4.323857969,4.936548443,4.828901324,4.851251874,4.936859247,5.174074554,5.696629656,5.5597435,5.430071377,6.226749071,6.047276571,6.035879137,6.293844341,7.922871276,6.535271656,6.392545226,6.368143708,5.707934484,4.727957466,5.00636719,
EAS,TM.VAL.ICTG.ZS.UN,,,,,,,,,,,,,,,,,,,,,,,,,,,,,,,,,,,,,,,,,22.89204236,22.40719776,23.65200007,23.22581204,22.90255659,22.96737587,22.83122376,21.43193458,18.995745,20.56753238,19.98371234,17.6670166,18.23034297,18.64072694,19.06608967,21.87070195,,
EAS,TM.VAL.FUEL.ZS.UN,,,,,,,,,,,,,,,,,,,,,,,,,16.17660966,15.66830862,11.09279234,10.00179787,7.826194777,8.532405562,9.704256336,9.579648794,9.793316833,9.562765018,7.779364296,7.506205129,8.718666087,9.949220411,8.37971365,9.065876318,12.34418416,11.81957509,11.16091584,11.9453694,13.09955479,15.41854196,17.10170325,16.90314276,21.18850927,17.53518067,18.15864165,20.96204485,22.15840601,21.75184249,21.06699249,14.89131333,12.68877802,
EAS,TM.VAL.FOOD.ZS.UN,,,,,,,,,,,,,,,,,,,,,,,,,9.562665848,7.766547028,8.499906943,8.857145526,9.13214339,9.141980164,8.493353475,7.771173525,7.593568554,6.759606787,7.31195723,7.688846749,7.415805741,6.858122774,7.098812891,6.715465742,5.855579912,6.137002565,6.033136921,5.904746697,5.598629127,5.068673196,4.686102172,5.015185998,5.420466077,6.149408576,5.8007799,5.952898208,6.08428534,6.121545537,6.385195253,7.12291908,7.23092951,
EAS,TM.VAL.AGRI.ZS.UN,,,,,,,,,,,,,,,,,,,,,,,,,5.986873238,5.097463419,5.058290788,6.025143618,6.637571666,5.942533567,4.99282126,4.805678557,4.298311701,3.711878681,3.983084355,4.148088078,3.824584461,3.634345981,3.177017042,3.129727396,3.131636826,2.994835607,2.774948716,2.607614176,2.514278406,2.300671287,2.293263158,2.168725992,2.023909238,1.940552239,2.170014024,2.385873888,2.153421193,2.077827472,1.975319737,2.024877289,1.946327674,
EAS,TM.TAX.TCOM.WM.FN.ZS,,,,,,,,,,,,,,,,,,,,,,,,,,,,,,,,,,,,,,,,,,,,,,,,,,,,,,,,,,
EAS,TM.TAX.TCOM.WM.AR.ZS,,,,,,,,,,,,,,,,,,,,,,,,,,,,,,,,,,,,,,,,,,,,,,,,,,,,,,,,,,
EAS,TM.TAX.TCOM.SR.ZS,,,,,,,,,,,,,,,,,,,,,,,,,,,,,,,,,,,,,,,,,,,,,,,,,,,,,,,,,,
EAS,TM.TAX.TCOM.SM.FN.ZS,,,,,,,,,,,,,,,,,,,,,,,,,,,,,,,,,,,,,,,,,,,,,,,,,,,,,,,,,,
EAS,TM.TAX.TCOM.SM.AR.ZS,,,,,,,,,,,,,,,,,,,,,,,,,,,,,,,,,,,,,,,,,,,,,,,,,,,,,,,,,,
EAS,TM.TAX.TCOM.IP.ZS,,,,,,,,,,,,,,,,,,,,,,,,,,,,,,,,,,,,,,,,,,,,,,,,,,,,,,,,,,
EAS,TM.TAX.TCOM.BR.ZS,,,,,,,,,,,,,,,,,,,,,,,,,,,,,,,,,,,,,,,,,,,,,,,,,,,,,,,,,,
EAS,TM.TAX.TCOM.BC.ZS,,,,,,,,,,,,,,,,,,,,,,,,,,,,,,,,,,,,,,,,,,,,,,,,,,,,,,,,,,
EAS,TM.TAX.MRCH.WM.FN.ZS,,,,,,,,,,,,,,,,,,,,,,,,,,,,,,,,,,,,,,,,,,,,,,,,,,,,,,,,,,
EAS,TM.TAX.MRCH.WM.AR.ZS,,,,,,,,,,,,,,,,,,,,,,,,,,,,,,,,,,,,,,,,,,,,,,,,,,,,,,,,,,
EAS,TM.TAX.MRCH.SR.ZS,,,,,,,,,,,,,,,,,,,,,,,,,,,,,,,,,,,,,,,,,,,,,,,,,,,,,,,,,,
EAS,TM.TAX.MRCH.SM.FN.ZS,,,,,,,,,,,,,,,,,,,,,,,,,,,,,,,,,,,,,,,,,,,,,,,,,,,,,,,,,,
EAS,TM.TAX.MRCH.SM.AR.ZS,,,,,,,,,,,,,,,,,,,,,,,,,,,,,,,,,,,,,,,,,,,,,,,,,,,,,,,,,,
EAS,TM.TAX.MRCH.IP.ZS,,,,,,,,,,,,,,,,,,,,,,,,,,,,,,,,,,,,,,,,,,,,,,,,,,,,,,,,,,
EAS,TM.TAX.MRCH.BR.ZS,,,,,,,,,,,,,,,,,,,,,,,,,,,,,,,,,,,,,,,,,,,,,,,,,,,,,,,,,,
EAS,TM.TAX.MRCH.BC.ZS,,,,,,,,,,,,,,,,,,,,,,,,,,,,,,,,,,,,,,,,,,,,,,,,,,,,,,,,,,
EAS,TM.TAX.MANF.WM.FN.ZS,,,,,,,,,,,,,,,,,,,,,,,,,,,,,,,,,,,,,,,,,,,,,,,,,,,,,,,,,,
EAS,TM.TAX.MANF.WM.AR.ZS,,,,,,,,,,,,,,,,,,,,,,,,,,,,,,,,,,,,,,,,,,,,,,,,,,,,,,,,,,
EAS,TM.TAX.MANF.SR.ZS,,,,,,,,,,,,,,,,,,,,,,,,,,,,,,,,,,,,,,,,,,,,,,,,,,,,,,,,,,
EAS,TM.TAX.MANF.SM.FN.ZS,,,,,,,,,,,,,,,,,,,,,,,,,,,,,,,,,,,,,,,,,,,,,,,,,,,,,,,,,,
EAS,TM.TAX.MANF.SM.AR.ZS,,,,,,,,,,,,,,,,,,,,,,,,,,,,,,,,,,,,,,,,,,,,,,,,,,,,,,,,,,
EAS,TM.TAX.MANF.IP.ZS,,,,,,,,,,,,,,,,,,,,,,,,,,,,,,,,,,,,,,,,,,,,,,,,,,,,,,,,,,
EAS,TM.TAX.MANF.BR.ZS,,,,,,,,,,,,,,,,,,,,,,,,,,,,,,,,,,,,,,,,,,,,,,,,,,,,,,,,,,
EAS,TM.TAX.MANF.BC.ZS,,,,,,,,,,,,,,,,,,,,,,,,,,,,,,,,,,,,,,,,,,,,,,,,,,,,,,,,,,
EAS,TM.QTY.MRCH.XD.WD,,,,,,,,,,,,,,,,,,,,,,,,,,,,,,,,,,,,,,,,,,,,,,,,,,,,,,,,,,
EAS,TG.VAL.TOTL.GD.ZS,20.11735346,20.28473212,19.90855721,20.11705868,19.68737258,19.75078656,19.58654774,19.66457011,20.04304649,20.16295563,19.87590518,20.51378717,19.86036008,22.49537206,29.35849345,26.20679241,27.90098348,26.97189064,25.62800442,29.62419919,35.05957314,34.64558904,33.87998543,32.46466861,34.03618244,32.1462798,26.60006864,27.48751488,28.22984156,29.93303592,31.28101056,30.84236476,30.96586777,30.12475388,31.32103609,33.03428026,35.2711702,38.10346376,37.54962614,36.31544048,40.64862411,40.05210061,42.23293243,45.5394113,50.65869814,54.53497641,59.53738928,61.07836323,61.22473043,48.30548113,54.45953523,56.01252906,54.09142181,54.86903933,53.73425318,47.25307689,43.97291912,
EAS,ST.INT.XPND.MP.ZS,,,,,,,,,,,,,,,,,,,,,,,,,,,,,,,,,,,,4.746217052,6.645150668,6.832840205,7.043719576,7.339985327,6.558777993,6.802726262,7.019996108,5.747409565,5.800016206,5.350174674,4.731516184,4.687429632,4.316291948,4.967807591,4.649946972,4.326734218,4.710401344,5.002521026,6.392599635,7.505203035,8.136633548,
EAS,ST.INT.XPND.CD,,,,,,,,,,,,,,,,,,,,,,,,,,,,,,,,,,,,1.03216E+11,1.08656E+11,1.0866E+11,94442337158,1.06094E+11,1.14622E+11,1.10219E+11,1.18596E+11,1.19017E+11,1.49862E+11,1.59471E+11,1.61419E+11,1.82914E+11,1.99811E+11,1.87861E+11,2.26875E+11,2.62045E+11,3.0305E+11,3.29875E+11,4.30776E+11,4.45972E+11,4.68611E+11,
EAS,ST.INT.TVLX.CD,,,,,,,,,,,,,,,,,,,,,,,,,,,,,,,,,,,,89198005229,94954577141,94834484781,83645000727,92648912151,98120613294,95483083079,1.02028E+11,1.03541E+11,1.29985E+11,1.39914E+11,1.39279E+11,1.59193E+11,1.74036E+11,1.7002E+11,2.04902E+11,2.36834E+11,2.7701E+11,3.066E+11,4.10801E+11,4.28371E+11,4.49091E+11,
EAS,ST.INT.TVLR.CD,,,,,,,,,,,,,,,,,,,,,,,,,,,,,,,,,,,,72314286612,82227655877,79327929215,66678869313,73759783608,78930094402,81626475100,88962691013,90003659875,1.18433E+11,1.29185E+11,1.41267E+11,1.67437E+11,1.8741E+11,1.83683E+11,2.27021E+11,2.65062E+11,2.91771E+11,3.19383E+11,3.25894E+11,3.13151E+11,3.24917E+11,
EAS,ST.INT.TRNX.CD,,,,,,,,,,,,,,,,,,,,,,,,,,,,,,,,,,,,,,,,,,,,,,,,,,,,,,,,,,
EAS,ST.INT.TRNR.CD,,,,,,,,,,,,,,,,,,,,,,,,,,,,,,,,,,,,,,,,,,,,,,,,,,,,,,,,,,
EAS,ST.INT.RCPT.XP.ZS,,,,,,,,,,,,,,,,,,,,,,,,,,,,,,,,,,,,6.785696882,5.069696012,5.037258962,4.790739596,5.070074617,4.719520848,5.254821096,5.632591528,4.663450537,4.898899143,4.522558617,4.242106196,4.340780463,4.204722828,4.836150762,4.628655521,4.530771583,4.724920083,4.991541064,4.967681339,5.157388394,5.503659838,
EAS,ST.INT.RCPT.CD,,,,,,,,,,,,,,,,,,,,,,,,,,,,,,,,,,,,82242161255,92067141922,89941673252,78617739261,87075217011,94194328587,96505394505,1.06003E+11,1.07173E+11,1.39959E+11,1.4842E+11,1.62211E+11,1.93594E+11,2.14842E+11,2.04351E+11,2.50067E+11,2.90852E+11,3.19179E+11,3.46906E+11,3.54366E+11,3.40614E+11,3.53642E+11,
EAS,ST.INT.DPRT,,,,,,,,,,,,,,,,,,,,,,,,,,,,,,,,,,,,,,,111029513.5,120207382.7,135134367.3,143222409.1,147230259.4,144940043.6,168940181,179444037.9,192471295.5,209702886.3,214634066.6,213311310.8,244826606.3,263374393.6,285484499.9,306385649.4,331632342,355629358.6,376377565.7,
EAS,ST.INT.ARVL,,,,,,,,,,,,,,,,,,,,,,,,,,,,,,,,,,,,77640908.45,84144563.5,84584761.88,84599202.01,93425255.04,105024808.5,110806822.6,119838774.7,107631075.3,137722518.6,148651987.8,160074884.6,177106944.1,175814070.1,172930207.8,195022829.7,206837584.1,221491503.8,236058054.7,249037224.4,263417416.6,283791384.5,
EAS,NY.EXP.CAPM.KN,,,,,,,,,,,,,,,,,,,,,,,,,,,,,,,,,,,,,,,,,,,,,,,,,,,,,,,,,,
EAS,NE.TRD.GNFS.ZS,22.79665746,24.5013227,23.09487835,23.19039372,22.9664448,22.83710488,24.17383138,23.43048219,24.42982584,24.46804514,24.95704986,25.36461148,24.89486586,28.01871134,34.19141683,31.77274083,32.32310744,31.92106156,31.34325733,34.90806905,38.519374,39.35921046,39.56938884,38.01641522,38.46158125,37.82398324,35.46384863,38.37070234,41.24974854,39.89026476,39.99031313,40.27428346,41.15924115,43.04364687,43.57467898,44.93042423,45.11198098,46.072064,47.87831806,46.63134314,51.82196547,50.51327988,51.69569829,56.45248414,62.44824456,64.90265964,67.7458602,67.31526656,68.16795303,56.09774596,61.26582188,64.36137498,63.29700644,63.14212292,63.16852894,58.03959627,54.12510245,
EAS,NE.RSB.GNFS.ZS,-0.848712231,-1.82644743,-0.722742913,-1.029750806,-0.455686183,-0.258939527,-0.597600004,-1.022422216,-0.800782321,-0.344638601,-0.586631284,0.099411723,0.691192615,0.355021629,-1.471652577,-1.042671313,0.300332397,0.738404447,0.157432716,-1.052348069,-1.113431273,-0.63394801,0.193756772,0.642909929,1.326986041,0.311693222,1.288178297,2.365776949,1.401955521,0.721748135,1.490252853,1.909944453,1.52527746,0.368722474,1.395231322,0.821740942,0.899420267,1.636025173,4.102899597,3.166349649,2.582550557,2.345725699,2.619278316,2.886831707,3.001890153,3.817835226,4.900525315,5.2997601,3.461898737,3.296563198,3.040627883,1.839136678,1.407827813,1.125333761,1.3291425,2.588471226,2.527456943,
EAS,NE.RSB.GNFS.CD,,,,,,,,,,,,,,,,,,,,,,,,,,,,,,,,,,,,,,,,,,,,,,,,,,,,,,,,,,
EAS,NE.IMP.GNFS.ZS,11.82268484,13.16388507,11.90881063,12.11007227,11.71106549,11.54802221,12.38571569,12.2264522,12.61530408,12.40634187,12.77184057,12.63259988,12.10183662,13.83184485,17.8315347,16.40770607,16.01138752,15.59132856,15.59291231,17.98020856,19.81640264,19.99657923,19.68781604,18.68675265,18.5672976,18.75614501,17.08783516,18.00246269,19.92389651,19.58425831,19.25003014,19.18216951,19.81698184,21.3374622,21.08972383,22.05434164,22.10628035,22.21801941,21.88770923,21.73249675,24.61970746,24.08377709,24.53820999,26.78282622,29.72317721,30.54241221,31.42266744,31.00775323,32.35302715,26.40059138,29.112597,31.26111915,30.94458932,31.00839458,30.91969322,27.72556252,25.79882276,
EAS,NE.IMP.GNFS.KD.ZG,,,4.561976193,7.372338457,6.492020321,8.628931993,7.408513233,7.29470243,9.710814632,8.338873541,8.362983983,6.687066092,8.430422366,21.04236231,8.197382163,-7.12529343,7.973281461,7.335826904,9.186907237,14.47252137,-0.338935649,5.288886553,1.133924924,1.840955748,7.590467368,-1.237520819,7.406441783,12.64309448,17.1822736,15.4783961,10.57120704,6.506813403,5.17644649,5.932255582,12.78902098,16.18055043,8.520237228,4.976720475,-7.900506109,3.374588477,15.50137327,-2.314205599,5.075310101,7.582002615,14.21969081,8.644697309,7.508339563,6.782414028,4.409452042,-11.50585137,15.80195242,7.564585581,4.503687212,4.0501013,3.46541057,1.235780812,1.533384151,
EAS,NE.IMP.GNFS.KD,,1.81437E+11,1.89714E+11,2.037E+11,2.16925E+11,2.35643E+11,2.53101E+11,2.71563E+11,2.97934E+11,3.22779E+11,3.49773E+11,3.73162E+11,4.04621E+11,4.89763E+11,5.29911E+11,4.92153E+11,5.31394E+11,5.70376E+11,6.22776E+11,7.12908E+11,7.10491E+11,7.48069E+11,7.56551E+11,7.70479E+11,8.28962E+11,8.18703E+11,8.7934E+11,9.90516E+11,1.16071E+12,1.34037E+12,1.48206E+12,1.5785E+12,1.66021E+12,1.75869E+12,1.98361E+12,2.30457E+12,2.50093E+12,2.62539E+12,2.41797E+12,2.49957E+12,2.88704E+12,2.82023E+12,2.96336E+12,3.18804E+12,3.64137E+12,3.95616E+12,4.2532E+12,4.54167E+12,4.74193E+12,4.19633E+12,4.85944E+12,5.22703E+12,5.46244E+12,5.68367E+12,5.88064E+12,5.95331E+12,6.0446E+12,
EAS,NE.IMP.GNFS.CD,16982024868,18098509316,17288037925,19965344028,21913720667,24265987175,27099025058,30353763049,34317396763,38620508167,46588343931,50505790255,59328808319,90748482580,1.44412E+11,1.44744E+11,1.6143E+11,1.83237E+11,2.15758E+11,2.90088E+11,3.60203E+11,3.97595E+11,3.884E+11,3.83262E+11,4.06695E+11,4.06627E+11,4.16168E+11,4.997E+11,6.41075E+11,7.33226E+11,8.11896E+11,8.90285E+11,9.67501E+11,1.06642E+12,1.23407E+12,1.524E+12,1.62438E+12,1.63712E+12,1.37141E+12,1.48122E+12,1.80682E+12,1.687E+12,1.77571E+12,2.0691E+12,2.58801E+12,2.96385E+12,3.39329E+12,3.86921E+12,4.58603E+12,3.76097E+12,4.85944E+12,6.01819E+12,6.3553E+12,6.54859E+12,6.71725E+12,5.97222E+12,5.75667E+12,
EAS,NE.EXP.GNFS.ZS,10.97397261,11.33743764,11.18606772,11.08032146,11.25537931,11.28908268,11.78811569,11.20402999,11.81452176,12.06170327,12.18520929,12.7320116,12.79302924,14.18686648,16.35988213,15.36503476,16.31171992,16.32973301,15.75034502,16.92786049,18.70297136,19.36263122,19.88157281,19.32966258,19.89428364,19.06783823,18.37601346,20.36823964,21.32585203,20.30600645,20.74028299,21.09211396,21.3422593,21.70618467,22.48495515,22.87608259,23.00570062,23.85404458,25.99060883,24.8988464,27.20225801,26.42950279,27.1574883,29.66965793,32.72506736,34.36024744,36.32319276,36.30751333,35.81492588,29.69715458,32.15322488,33.10025583,32.35241713,32.13372834,32.24883572,30.31403375,28.3262797,
EAS,NE.EXP.GNFS.KD.ZG,,,8.153757854,6.904362857,10.87374988,8.921689246,9.804366568,9.277349353,12.4081824,12.76445942,14.55747478,12.67943263,8.806680695,9.544991642,9.796387546,0.438954113,16.10003481,11.6536364,4.18300685,6.875213711,12.22393132,8.567197108,0.594921031,6.31624301,13.45460451,3.586658777,5.377787234,9.690225296,10.79494771,7.683843718,7.025327286,9.941643542,8.851301404,6.73879907,9.740460481,10.74563988,6.759970686,9.982086669,0.820737452,3.973563113,15.04755163,-2.865081305,7.130979525,9.53346376,14.9434698,8.710117275,9.849640153,8.616163686,3.792059337,-10.65926027,17.11970679,5.930887798,2.636920485,4.133273479,4.651806708,1.490519181,2.321174125,
EAS,NE.EXP.GNFS.KD,,1.12626E+11,1.21809E+11,1.30219E+11,1.44379E+11,1.5726E+11,1.72678E+11,1.88698E+11,2.12112E+11,2.39187E+11,2.74007E+11,3.08749E+11,3.3594E+11,3.68005E+11,4.04057E+11,4.0583E+11,4.71169E+11,5.26077E+11,5.48083E+11,5.85765E+11,6.57369E+11,7.13687E+11,7.17933E+11,7.63279E+11,8.65975E+11,8.97035E+11,9.45275E+11,1.03687E+12,1.1488E+12,1.23708E+12,1.32399E+12,1.45561E+12,1.58445E+12,1.69123E+12,1.85596E+12,2.05539E+12,2.19434E+12,2.41338E+12,2.43319E+12,2.52987E+12,2.91055E+12,2.82716E+12,3.02877E+12,3.31751E+12,3.81327E+12,4.14541E+12,4.55371E+12,4.94607E+12,5.13363E+12,4.58642E+12,5.3716E+12,5.69018E+12,5.84023E+12,6.08162E+12,6.36453E+12,6.45939E+12,6.60933E+12,
EAS,NE.EXP.GNFS.CD,15954652796,15570746955,16762552657,18303008551,21291570519,24072674730,27068089588,28748405889,33291271316,39083884874,46494569037,54762749963,66366436536,92820955274,1.3313E+11,1.36474E+11,1.63595E+11,1.92888E+11,2.25831E+11,2.69277E+11,3.39948E+11,3.86805E+11,3.76018E+11,3.91508E+11,4.4366E+11,4.47083E+11,5.03383E+11,6.03471E+11,7.30002E+11,7.91261E+11,8.4862E+11,9.58719E+11,1.06454E+12,1.16715E+12,1.34116E+12,1.58297E+12,1.65E+12,1.71995E+12,1.58524E+12,1.67883E+12,1.98423E+12,1.8309E+12,1.96448E+12,2.30052E+12,2.85706E+12,3.28995E+12,3.8425E+12,4.46169E+12,5.04261E+12,4.22424E+12,5.3716E+12,6.39565E+12,6.68166E+12,6.875E+12,7.13266E+12,6.63612E+12,6.34401E+12,
EAS,MS.MIL.XPRT.KD,286000000,98000000,153000000,26000000,75000000,,,423000000,,,,,,,,,,,,791000000,,,,,,,,,,1308000000,1255000000,,,,,,1051000000,613000000,,,,,,,,,,,,,,,,,,,,
EAS,MS.MIL.MPRT.KD,5311000000,3080000000,3004000000,2436000000,4725000000,4865000000,4871000000,4471000000,4536000000,4387000000,4038000000,5569000000,4068000000,4819000000,5029000000,4794000000,4587000000,4517000000,4837000000,5951000000,6322000000,6378000000,5145000000,6632000000,6056000000,6324000000,6792000000,6183000000,7222000000,6944000000,6650000000,6658000000,6304000000,7030000000,5308000000,7914000000,8198000000,10839000000,9257000000,9281000000,6472000000,6444000000,5685000000,5489000000,6790000000,7024000000,7128000000,6436000000,6896000000,7382000000,6434000000,8262000000,7088000000,5529000000,7620000000,6255000000,6672000000,
EAS,LP.LPI.TRAC.XQ,,,,,,,,,,,,,,,,,,,,,,,,,,,,,,,,,,,,,,,,,,,,,,,,3.0065,,,3.161,,3.2025,,3.1625089,,3.122857143,
EAS,LP.LPI.TIME.XQ,,,,,,,,,,,,,,,,,,,,,,,,,,,,,,,,,,,,,,,,,,,,,,,,3.4235,,,3.6015,,3.548,,3.47692115,,3.538727,
EAS,LP.LPI.OVRL.XQ,,,,,,,,,,,,,,,,,,,,,,,,,,,,,,,,,,,,,,,,,,,,,,,,3.0235,,,3.1115,,3.139,,3.18375385,,3.137444476,
EAS,LP.LPI.LOGS.XQ,,,,,,,,,,,,,,,,,,,,,,,,,,,,,,,,,,,,,,,,,,,,,,,,3.006,,,3.0055,,3.0405,,3.12525935,,3.069854429,
EAS,LP.LPI.ITRN.XQ,,,,,,,,,,,,,,,,,,,,,,,,,,,,,,,,,,,,,,,,,,,,,,,,3.0215,,,3.08,,3.0825,,3.1254613,,3.080882,
EAS,LP.LPI.INFR.XQ,,,,,,,,,,,,,,,,,,,,,,,,,,,,,,,,,,,,,,,,,,,,,,,,2.881,,,2.9445,,3.0325,,3.1574989,,3.017862714,
EAS,LP.LPI.CUST.XQ,,,,,,,,,,,,,,,,,,,,,,,,,,,,,,,,,,,,,,,,,,,,,,,,2.8245,,,2.848,,2.9155,,3.0670525,,2.979039571,
EAS,LP.IMP.DURS.MD,,,,,,,,,,,,,,,,,,,,,,,,,,,,,,,,,,,,,,,,,,,,,,,,3.733333333,,,3.57875,,2.375,,1.6,,3.571428571,
EAS,LP.EXP.DURS.MD,,,,,,,,,,,,,,,,,,,,,,,,,,,,,,,,,,,,,,,,,,,,,,,,3.333333333,,,2.74625,,2.25,,1.5,,2.428571429,
EAS,IC.IMP.TMDC,,,,,,,,,,,,,,,,,,,,,,,,,,,,,,,,,,,,,,,,,,,,,,,,,,,,,,,62.93103448,62.96551724,61.4137931,
EAS,IC.IMP.TMBC,,,,,,,,,,,,,,,,,,,,,,,,,,,,,,,,,,,,,,,,,,,,,,,,,,,,,,,63.65517241,61.24137931,65.03448276,
EAS,IC.IMP.DURS,,,,,,,,,,,,,,,,,,,,,,,,,,,,,,,,,,,,,,,,,,,,,,23.54074074,22.58928571,21.26785714,20.44642857,20.26785714,20.05357143,19.375,19.35517241,19.96551724,19.82758621,,,
EAS,IC.IMP.DOCS,,,,,,,,,,,,,,,,,,,,,,,,,,,,,,,,,,,,,,,,,,,,,,7.251851852,6.957142857,6.6,6.457142857,6.332142857,6.260714286,6.260714286,6.260714286,6.260714286,6.260714286,,,
EAS,IC.IMP.CSDC.CD,,,,,,,,,,,,,,,,,,,,,,,,,,,,,,,,,,,,,,,,,,,,,,,,,,,,,,,117.5172414,103.7,106.9758621,106.9758621
EAS,IC.IMP.CSBC.CD,,,,,,,,,,,,,,,,,,,,,,,,,,,,,,,,,,,,,,,,,,,,,,,,,,,,,,,424.5862069,421.0965517,424.2,423.5448276
EAS,IC.IMP.COST.CD,,,,,,,,,,,,,,,,,,,,,,,,,,,,,,,,,,,,,,,,,,,,,,947.2259259,939.325,853.8392857,841.3821429,831.7392857,827.8285714,842.3285714,842.9206897,885.2103448,901.762069,,,
EAS,IC.EXP.TMDC,,,,,,,,,,,,,,,,,,,,,,,,,,,,,,,,,,,,,,,,,,,,,,,,,,,,,,,65.34482759,65.34482759,63.65517241,
EAS,IC.EXP.TMBC,,,,,,,,,,,,,,,,,,,,,,,,,,,,,,,,,,,,,,,,,,,,,,,,,,,,,,,53.06896552,53.06896552,52.89655172,
EAS,IC.EXP.DURS,,,,,,,,,,,,,,,,,,,,,,,,,,,,,,,,,,,,,,,,,,,,,,22.04074074,21.71428571,20.27857143,19.45714286,19.27857143,19.00357143,18.43214286,18.34827586,18.86206897,18.68965517,,,
EAS,IC.EXP.DOCS,,,,,,,,,,,,,,,,,,,,,,,,,,,,,,,,,,,,,,,,,,,,,,5.833333333,5.803571429,5.625,5.553571429,5.517857143,5.482142857,5.482142857,5.482142857,5.482142857,5.482142857,,,
EAS,IC.EXP.CSDC.CD,,,,,,,,,,,,,,,,,,,,,,,,,,,,,,,,,,,,,,,,,,,,,,,,,,,,,,,128.5517241,111.3655172,110.2896552,110.2896552
EAS,IC.EXP.CSBC.CD,,,,,,,,,,,,,,,,,,,,,,,,,,,,,,,,,,,,,,,,,,,,,,,,,,,,,,,399.2758621,387.7137931,387.7137931,387.0586207
EAS,IC.EXP.COST.CD,,,,,,,,,,,,,,,,,,,,,,,,,,,,,,,,,,,,,,,,,,,,,,852.9703704,843.9714286,777.4142857,797.3535714,787.8535714,780.0214286,794.7357143,814.2965517,853.5,867.9,,,
EAS,IC.CUS.DURS.EX,,,,,,,,,,,,,,,,,,,,,,,,,,,,,,,,,,,,,,,,,,,,,,,,,,,,,,,,,7.116666667,
EAS,GC.TAX.IMPT.ZS,,,,,,,,,,,,,,,,,,,,,,,,,,,,,,,,,,,,,,,,,,,,,,,,,,,,,,,,,,
EAS,GC.TAX.EXPT.ZS,,,,,,,,,,,,,,,,,,,,,,,,,,,,,,,,,,,,,,,,,,,,,,,,,,,,,,,,,,
EAS,EG.IMP.CONS.ZS,39.24915659,41.61614582,45.33629374,51.15683547,53.94461204,55.70481823,58.01114901,64.44546442,66.35089154,69.8547839,71.25263914,26.60833711,25.99514311,26.96413178,26.36991335,23.15810526,23.08138861,21.85824871,21.18385552,21.3779322,20.96254059,19.54886671,19.11994924,16.97335054,15.00610484,13.38999136,13.1207258,13.59001622,16.78801194,15.59582095,18.2019442,16.11236184,17.55678722,19.18602789,19.29616714,18.39725387,18.8633285,19.44932247,17.70290957,19.6058333,18.82936688,17.34894627,18.25071599,18.48970133,18.506629,16.99722236,16.72209596,16.85917934,16.39957619,15.93311728,16.24293658,15.93279688,17.52554222,17.15893827,17.36331888,,,
EAS,BX.GSR.TRVL.ZS,,,,,,,,,,,,,,,,,,,,,,,,,,,,,,39.88586067,40.04116373,38.79095136,39.0721514,38.81042759,37.48131291,37.60142979,27.16409866,22.55026946,21.90410214,23.55024495,23.05835419,23.56879693,24.73464303,27.11176787,27.62018815,27.75628679,26.8818358,26.1003585,25.32680459,28.08890068,30.30123627,28.79268403,30.18258785,31.63892656,29.62238367,29.68194152,30.80150379,
EAS,BX.GSR.TRAN.ZS,,,,,,,,,,,,,,,,,,,,,,,,,,,,,,26.40856279,26.02196595,24.95014521,23.18187878,22.25186461,21.8831494,24.313564,25.12179177,21.56012719,24.58916575,26.10864452,26.26542722,25.29760217,24.51798317,29.6640579,29.48767497,31.12944854,30.52067922,30.95907128,31.90583636,25.75288658,29.43384463,24.76957601,24.7389793,22.76820675,22.12421162,21.32160707,19.48720585,
EAS,BX.GSR.TOTL.CD,,,,,,,,,,,,,,,,,,,,,,,,,,,,,,7.56871E+11,8.45426E+11,9.51761E+11,1.0602E+12,1.16861E+12,1.39972E+12,1.74132E+12,1.88545E+12,1.90567E+12,1.73713E+12,1.82021E+12,2.15136E+12,1.96982E+12,2.06963E+12,2.52076E+12,3.13575E+12,3.63348E+12,4.26669E+12,5.03942E+12,5.71278E+12,4.76139E+12,6.05222E+12,7.14707E+12,7.49688E+12,7.73253E+12,8.00057E+12,7.41802E+12,7.22817E+12,
EAS,BX.GSR.NFSV.CD,,,,,,,,,,,,,,,,,,,,,,,,,,,,,,,,,,,,,2.6387E+11,3.13481E+11,2.84236E+11,2.91341E+11,3.27527E+11,3.28255E+11,3.5447E+11,3.34397E+11,4.29274E+11,4.63155E+11,5.22811E+11,6.40633E+11,7.36811E+11,6.47622E+11,7.4403E+11,9.11527E+11,9.62181E+11,1.01004E+12,1.08197E+12,1.04271E+12,1.04993E+12,
EAS,BX.GSR.MRCH.CD,,,,,,,,,,,,,,,,,,,,,,,2.59344E+11,2.73147E+11,3.01387E+11,2.90165E+11,3.22005E+11,4.25369E+11,5.21465E+11,5.7314E+11,6.31855E+11,7.15169E+11,7.92686E+11,8.72031E+11,1.04002E+12,1.30402E+12,1.40668E+12,1.38007E+12,1.26502E+12,1.33498E+12,1.59242E+12,1.42691E+12,1.52063E+12,1.96115E+12,2.42595E+12,2.81779E+12,3.30054E+12,3.81876E+12,4.37219E+12,3.57786E+12,4.65779E+12,5.50891E+12,5.78244E+12,5.92893E+12,6.03933E+12,5.54121E+12,5.32892E+12,
EAS,BX.GSR.INSF.ZS,,,,,,,,,,,,,,,,,,,,,,,,,,,,,,2.136164254,1.636105139,2.069315711,2.482814776,2.456856568,3.031671735,5.802943578,4.447809262,3.411405093,3.857679987,4.303204591,4.196902346,4.190302062,3.903505555,4.889810163,4.747369586,5.306756288,6.355357226,6.672344082,5.677558101,6.10832314,6.122497483,5.9240978,5.93282702,6.368501138,7.041654288,7.748285853,7.588154478,
EAS,BX.GSR.GNFS.CD,,,,,,,,,,,,,,,,,,,,,,,3.08811E+11,3.2235E+11,3.49769E+11,3.3634E+11,3.74641E+11,4.87785E+11,5.96741E+11,6.61047E+11,7.34996E+11,8.28884E+11,9.25117E+11,1.02662E+12,1.23107E+12,1.53454E+12,1.66561E+12,1.68907E+12,1.54513E+12,1.62214E+12,1.91536E+12,1.75518E+12,1.87506E+12,2.29555E+12,2.85522E+12,3.28094E+12,3.82335E+12,4.4594E+12,5.109E+12,4.22548E+12,5.40182E+12,6.42043E+12,6.74463E+12,6.93898E+12,7.1213E+12,6.58386E+12,6.37867E+12,
EAS,BX.GSR.CMCP.ZS,,,,,,,,,,,,,,,,,,,,,,,,,,,,,,31.56941229,32.30076518,33.53021801,35.3049548,36.4880623,37.61313856,32.30335251,43.26585525,52.48212992,49.65152918,46.04329374,46.48534321,46.94401637,46.84696999,38.3390087,38.14708221,35.81319219,36.24823115,36.2740341,37.09403079,40.05434158,34.1473885,40.5208008,39.14617943,39.22448404,41.21618088,41.2297753,44.75376851,
EAS,BX.GSR.CCIS.ZS,,,,,,,,,,,,,,,,,,,,,,,,,,,,,,,,,,,,,28.38398186,24.55597227,23.55413049,21.22317285,20.51286268,18.90013559,18.40761229,21.52262472,22.19090516,20.52650219,21.40555749,21.10060387,20.68086851,22.60863366,16.84502995,24.83327694,23.62968039,24.61215838,26.42046499,26.39845965,28.41072625,
EAS,BX.GSR.CCIS.CD,,,,,,,,,,,,,,,,,,,,,,,,,,,,,,,,,,,,,,,,,,,,,90762784381,90346863754,1.06632E+11,1.29061E+11,1.45895E+11,1.40286E+11,1.19347E+11,2.1606E+11,2.16499E+11,2.36479E+11,2.71412E+11,,,
EAS,BN.GSR.MRCH.CD,,,,,,,,,,,,,,,,,,,,,,,,,,,,,,,,,,,,,,,,,,,,,,,,,,,,,,,,,,
EAS,BN.GSR.GNFS.CD,,,,,,,,,,,,,,,,,,,,,,,,,,,,,,,,,,,,,,,,,,,,,,,,,,,,,,,,,,
EAS,BM.GSR.TRVL.ZS,,,,,,,,,,,,,,,,,,,,,,,,,,,,,,,,,,,,,24.52056756,23.59710646,24.37013164,25.99660669,25.53166488,25.2638923,25.93156185,24.50115418,25.36876098,24.68035401,22.09975051,21.61787425,20.55555565,23.12691036,25.11678767,23.65491113,25.63737549,26.74629774,32.00054972,34.34844392,35.31678089,
EAS,BM.GSR.TRAN.ZS,,,,,,,,,,,,,,,,,,,,,,,,,,,,,,,,,,,,,31.41917522,30.08825748,26.91683361,27.57126657,29.80654934,29.67716398,28.72089883,30.50505589,31.87434388,32.65860271,32.86643225,33.00879399,33.30379343,28.91469305,32.37863327,30.20460338,29.65699078,28.06755746,25.55317197,23.96972962,22.44222328,
EAS,BM.GSR.TOTL.CD,,,,,,,,,,,,,,,,,,,,,,,,,,,,,,7.50799E+11,8.32251E+11,9.33073E+11,1.0375E+12,1.17156E+12,1.3778E+12,1.74503E+12,1.8842E+12,1.81028E+12,1.51213E+12,1.62089E+12,1.95474E+12,1.81502E+12,1.87862E+12,2.27689E+12,2.8401E+12,3.31268E+12,3.80271E+12,4.40667E+12,5.13956E+12,4.26104E+12,5.49045E+12,6.76859E+12,7.1373E+12,7.40193E+12,7.53421E+12,6.74856E+12,6.57565E+12,
EAS,BM.GSR.NFSV.CD,,,,,,,,,,,,,,,,,,,,,,,,,,,,,,1.29607E+11,1.47905E+11,1.63483E+11,1.93984E+11,2.24009E+11,2.66631E+11,3.47406E+11,3.71403E+11,3.79504E+11,3.30639E+11,3.45476E+11,3.75942E+11,3.68293E+11,3.86724E+11,4.1756E+11,5.09329E+11,5.58026E+11,6.16395E+11,7.21936E+11,8.28887E+11,7.25107E+11,8.11294E+11,9.94231E+11,1.08416E+12,1.14455E+12,1.28339E+12,1.24775E+12,1.27379E+12,
EAS,BM.GSR.MRCH.CD,,,,,,,,,,,,,,,,,,,,,,,2.65465E+11,2.74564E+11,2.77625E+11,2.83283E+11,2.89766E+11,3.56829E+11,4.63069E+11,5.28854E+11,5.82481E+11,6.60011E+11,7.31134E+11,8.3247E+11,9.78012E+11,1.21714E+12,1.31666E+12,1.24289E+12,1.00218E+12,1.09204E+12,1.37316E+12,1.2559E+12,1.31464E+12,1.66837E+12,2.09353E+12,2.42288E+12,2.79523E+12,3.18039E+12,3.80047E+12,3.05645E+12,4.06883E+12,5.06429E+12,5.35835E+12,5.45872E+12,5.4641E+12,4.70389E+12,4.49571E+12,
EAS,BM.GSR.INSF.ZS,,,,,,,,,,,,,,,,,,,,,,,,,,,,,,,,,,,,,3.716869437,3.850054329,4.082900046,4.312982703,3.989359146,4.206646524,4.561585758,4.926660853,4.779898139,4.527246464,5.424355114,5.450455722,5.45686995,5.819501482,6.781438814,6.241382737,6.162351785,6.19460949,5.607032927,4.561161545,4.908468412,
EAS,BM.GSR.GNFS.CD,,,,,,,,,,,,,,,,,,,,,,,,,,,,,,6.59363E+11,7.30641E+11,8.24372E+11,9.24244E+11,1.05503E+12,1.24245E+12,1.55957E+12,1.68331E+12,1.61803E+12,1.3294E+12,1.4339E+12,1.74499E+12,1.62416E+12,1.70132E+12,2.08591E+12,2.60284E+12,2.9809E+12,3.41163E+12,3.90233E+12,4.62936E+12,3.78156E+12,4.88012E+12,6.05852E+12,6.44251E+12,6.60327E+12,6.74748E+12,5.95156E+12,5.76937E+12,
EAS,BM.GSR.CMCP.ZS,,,,,,,,,,,,,,,,,,,,,,,,,,,,,,,,,,,,,40.32428912,42.44461693,44.61017176,42.10209159,40.65370693,40.8318142,40.75843947,40.03974493,37.97107851,38.12245961,39.61478835,39.92843085,40.6879157,42.14366315,35.73009349,39.90636466,38.52018702,38.99132218,36.84926311,37.12079886,36.01027328,
EAS,BG.GSR.NFSV.GD.ZS,,,,,,,,,,,,,,,,,,,,,,,,,,,,,,,,,,,,,7.030585378,8.046278606,8.814818377,8.16929429,8.398634692,8.954669376,9.440296128,8.704538127,9.693171999,9.884575606,10.39743738,11.11866463,11.06332153,9.41416024,9.172498647,9.696020873,9.729284678,10.12754624,10.79576116,10.5173252,10.32212859,
