ESP,TX.VAL.TRVL.ZS.WT,,,,,,,,,,,,,,,,64.90361842,61.35225327,65.77429101,67.86527049,63.90022864,60.76577106,59.96049972,62.43619917,60.75722403,63.17213004,64.47764656,68.00403548,68.71611911,68.4769001,66.47580135,67.20254772,65.98465596,67.55558531,65.10673936,64.77224221,63.46697692,62.19605959,60.92855854,60.31908186,61.19327152,58.1553695,56.31607505,54.58228971,55.54137105,55.47910731,53.77373084,51.38705106,49.97009669,48.67075324,49.45541595,48.10117117,47.7017092,47.35536063,49.48516854,48.8717443,47.87557783,47.76060568,
ESP,TX.VAL.TRAN.ZS.WT,,,,,,,,,,,,,,,,22.31207647,24.38234542,21.73164395,20.27470179,23.81333923,26.23996666,26.49301649,23.96175476,26.95523794,25.28566516,23.7752302,19.43143679,19.08077754,19.47166283,19.31084976,17.18775015,16.42609931,14.94633166,15.10319282,15.8656265,16.44268627,16.99306181,17.27535464,16.44051196,,,,,,,,,,,,,,,13.37198863,12.89864917,13.13394464,12.68654486,
ESP,TX.VAL.TECH.MF.ZS,,,,,,,,,,,,,,,,,,,,,,,,,,,,,6.803003036,6.906918538,6.717627934,7.809727511,7.445371449,8.309750461,8.401850844,7.271118933,7.604058764,7.008844654,6.957352483,7.865609384,7.986523656,7.765300974,7.216591247,7.489004231,7.25923021,7.261086496,6.382451285,5.107331614,5.305988783,6.231276919,6.357351118,6.467231061,6.992752484,7.666208168,6.997040848,7.146099369,6.979881468,
ESP,TX.VAL.TECH.CD,,,,,,,,,,,,,,,,,,,,,,,,,,,,,1986760022,2232767617,2796858758,3512148204,3677184196,3867093705,4750261439,5085672723,5997252786,5649562940,5904284637,6863721807,7028652565,6995216586,7047219322,9032583222,10241789363,10718307882,10367021771,9814385692,10850665236,10156621554,11290317379,13369605149,13378214587,16346453615,15400981205,14240904065,14201506500,
ESP,TX.VAL.SERV.CD.WT,,,,,,,,,,,,,,,,5354131474,5023470250,6071301238,8078271025,10141854427,11449889380,11203847878,11421307188,11252356624,12216426909,12637511503,17721560418,21417365802,24197375333,24370005316,27649292241,28809878142,33103722662,30088075077,33421659960,39970366100,43680554605,42976432597,48271395321,52524960036,52826646197,55988948394,60351184284,73833737989,84173461895,92173958560,1.0345E+11,1.19892E+11,1.32363E+11,1.12723E+11,1.12897E+11,1.3091E+11,1.22219E+11,1.26471E+11,1.33203E+11,1.18081E+11,1.26894E+11,
ESP,TX.VAL.OTHR.ZS.WT,,,,,,,,,,,,,,,,11.25122608,11.77363965,10.72517523,10.09567359,10.31027239,10.53586993,11.47962055,11.37455634,9.989864781,10.11766865,10.40371699,11.26372336,10.68641811,10.69691328,12.28804616,11.29941947,12.73732317,11.48029964,14.97698278,14.82757401,16.16566039,17.0021774,18.69626381,20.04913626,38.80672848,41.8446305,43.68392495,45.41771029,44.45862895,44.52089269,46.22626916,48.61294894,50.02990331,51.32924676,50.54458405,51.89882883,52.2982908,52.64463937,32.20664935,33.66834014,34.23289766,35.15336153,
ESP,TX.VAL.MRCH.XD.WD,,,,,,,,,,,,,,,,,,,,,,,,,,,,,,,,,,,,85.11972716,93.15366647,87.64727235,97.30298844,90.92311552,100,101.4728208,109.3253216,135.8194711,158.8490866,167.5660768,185.8952912,220.3232036,244.8485458,197.743602,221.2976237,266.644151,256.8147121,276.3394612,282.2855288,245.5273928,251.1202565,
ESP,TX.VAL.MRCH.WR.ZS,,,,,,,,,,,,,,,,,,,,,,,,,,,,,,,,,,,,,,,,,,,,,,,,,,,,,,,,,,
ESP,TX.VAL.MRCH.WL.CD,724900000,710900000,733900000,736000000,954300000,943700000,1254800000,1383400000,1588440000,1895620000,2390070000,2938590000,3803140000,5158150000,7059040000,7671700000,8725430000,10219990000,13116470000,18206050000,20716730000,20329040000,20490540000,19726500000,23552230000,24232250000,27183670000,34155380000,40287530000,43635004350,55651360367,60262422426,63987319610,62660395187,73256621527,91527199673,1.02006E+11,1.04147E+11,1.07414E+11,1.03674E+11,1.14978E+11,1.16626E+11,1.25469E+11,1.56212E+11,1.82591E+11,1.92546E+11,2.13706E+11,2.53389E+11,2.82451E+11,2.27456E+11,2.54328E+11,3.06481E+11,2.95481E+11,3.17697E+11,3.24533E+11,2.82273E+11,2.90335E+11,
ESP,TX.VAL.MRCH.RS.ZS,9.449579252,8.243072162,7.521460689,7.255434783,5.972964477,5.319487125,6.224099458,8.081538239,6.364735212,6.499192876,7.671741832,5.480859868,5.380553963,5.406977308,6.555282305,6.287784976,6.488161615,6.10264785,6.05193318,6.002510155,6.336907417,7.937462861,5.783546944,6.250373863,6.436460581,7.100372438,5.551090048,6.642379619,6.555725804,7.489802356,7.405358647,7.372068638,5.116724929,4.321392972,5.221907294,3.75799731,4.705025423,1.891986304,1.73266937,1.930765259,3.078165823,2.759668201,2.641845943,2.984110502,2.988598979,3.391943289,3.911387386,3.789052188,4.39299848,3.792809177,3.778753312,3.956681824,4.333427754,4.44092529,4.01673114,3.124046142,2.634118101,
ESP,TX.VAL.MRCH.R6.ZS,1.227755552,2.124068083,2.071126857,1.779891304,2.357749135,2.903465084,2.000318776,1.503541998,1.41144771,2.7278674,3.397390035,2.698232826,3.501317333,4.229229472,3.302998708,4.445168607,3.677870317,3.620551488,4.047506684,3.608470811,3.791090582,4.163649636,4.042450809,4.17985958,3.516015256,3.542221626,2.644271359,2.255310876,2.216442656,1.714191123,1.574793244,1.644224363,2.035907453,1.693351098,0.850651048,1.011177719,1.212554029,1.275605771,1.308135053,1.289859315,0.971577991,1.123093291,1.035291478,1.13285181,1.062846303,1.185322679,1.260235503,1.238949104,1.369847791,1.405589429,1.449894035,1.459029478,1.679012237,1.918858606,1.654671969,1.622133313,1.402263287,
ESP,TX.VAL.MRCH.R5.ZS,0.634570286,0.562667042,0.817550075,0.244565217,0.220056586,0.392073752,0.350653491,0.397571201,0.094432273,0.143488674,0.139744861,0.227660204,0.27451001,0.319494392,0.506442802,0.69397917,0.711139738,0.290215548,0.472840635,0.446499927,0.455766909,0.794675991,0.769672249,0.932856817,0.929381209,0.77050212,0.786943043,0.64824341,0.407470997,0.461202502,0.351759876,0.29789343,0.30680991,0.350706553,0.374255276,0.350784035,0.387337737,0.301746815,0.272817044,0.249762699,0.25579783,0.250477983,0.296465372,0.270145245,0.367377027,0.474210287,0.420162666,0.500755302,0.499282945,0.601925031,0.724538275,0.719232472,0.673124616,0.584216326,0.591075768,0.645876156,0.647750798,
ESP,TX.VAL.MRCH.R4.ZS,2.552076148,2.785201857,2.670663578,2.282608696,2.452059101,3.486277419,4.191903092,5.204568455,4.506937624,5.627182663,4.590660525,4.931616864,5.977429177,6.97498134,8.043161676,9.553032574,9.087345839,10.91008895,10.64882548,9.557317485,11.25076207,12.97454282,13.40828499,12.43606316,10.30993668,7.662020654,5.179138799,4.469427657,4.306071879,3.607245115,3.727016835,3.661767581,3.542016169,3.669752957,3.191089724,3.357066217,2.833381926,2.874461431,3.005658544,3.009397926,2.873433332,2.961602908,3.126579742,3.233623542,3.506672624,3.428178759,3.182653987,3.517704781,4.346566637,4.815378445,4.476431222,4.460567637,5.439520036,5.427324751,5.503486902,5.183067227,5.433931258,
ESP,TX.VAL.MRCH.R3.ZS,7.02165816,6.695737797,8.202752419,8.763586957,10.81420937,10.5118152,16.39305069,11.38499349,13.7990733,13.02370728,10.05660922,10.16780156,8.873194255,8.156800403,7.833643102,9.397265274,9.175479031,9.327993472,8.646076269,10.11553852,9.379279452,9.244017425,9.040562133,5.996400781,4.791648179,5.409361491,5.120279933,3.782098164,3.346668312,3.437055335,3.407092699,3.300111731,4.034692697,4.898392164,5.108141573,4.593182788,4.749165435,5.371658881,5.853385922,5.295905786,5.143618443,5.212953251,4.69212644,4.018906368,3.969902053,4.159732189,4.48626089,4.368425212,4.354471524,4.145999144,4.770041392,5.011308136,5.456239992,5.722415926,5.20768678,5.221534431,4.536489323,
ESP,TX.VAL.MRCH.R2.ZS,0.744930335,0.787733858,0.912930917,1.494565217,0.482028712,0.943096323,1.211348422,1.575827671,1.358565637,1.389518996,0.956038944,0.719052335,1.292353161,0.741157198,0.941629457,1.327737007,1.370133048,1.15596982,1.046089382,1.184276655,1.031823072,1.108807893,0.938481856,1.075913112,1.595093119,1.308008955,0.638949781,0.836617833,0.627166768,0.727493073,0.621061569,0.4811705,0.586280682,1.41314702,1.134361876,1.416525044,1.870691501,2.325509958,2.143193249,1.933944302,2.558798625,1.931698256,2.303067619,2.613276595,3.188349474,3.32338162,3.572796064,3.919192366,4.370850376,3.787225452,4.133192648,4.96573354,4.953978783,5.124284269,5.004121792,4.569973662,4.560927997,
ESP,TX.VAL.MRCH.R1.ZS,0.317285143,0.801800535,0.545033383,0.285326087,0.282929896,0.349687401,0.358622888,0.18794275,0.443831684,0.214177947,0.191626187,0.254543846,0.171437286,0.323371752,0.502476257,0.575622092,0.47183921,0.549217759,1.133155491,1.106774946,0.702089567,1.107086218,1.720794084,1.903175931,1.42708355,2.599469715,1.525401096,1.273269394,1.02652111,1.121014597,1.104396919,1.030893222,1.14285305,1.813200293,1.601524436,1.732294644,1.555914286,1.437707763,0.911395365,0.98240018,1.015959644,1.126491541,1.183453198,1.360745787,1.34326363,1.588502792,1.527674149,1.723777773,1.658467488,1.854044561,1.942872714,2.204442651,2.390533928,2.43786995,2.492734969,2.672762521,2.782764176,
ESP,TX.VAL.MRCH.OR.ZS,12.49827562,13.75720917,15.22005723,14.85054348,16.6090328,18.58641517,24.50589735,20.25444557,21.61428823,23.12594296,19.33206977,18.99890764,20.09024122,20.74503456,21.130352,25.99280472,24.49380718,25.85403704,25.99449395,26.01887834,26.61081165,29.39277998,29.92024612,26.52426938,22.56915799,21.29158456,15.89498401,13.26496733,11.93034172,11.06820175,10.78612114,10.41606083,11.64855996,13.83855008,12.26002393,12.46103045,12.60904491,13.58669062,13.49458518,12.76127021,12.81918587,12.60631723,12.63698385,12.62954935,13.43841111,14.15932833,14.44978326,15.26880454,16.59948676,16.61016206,17.49697029,18.82031391,20.59240959,21.21496983,20.45377818,19.91534731,19.36412684,
ESP,TX.VAL.MRCH.HI.ZS,78.05214512,77.99971867,77.25848208,77.89402174,77.41800272,76.0940977,69.27000319,71.66401619,72.02097656,70.37486416,72.9961884,75.52023249,74.52920481,73.84798814,72.31436569,67.7194103,69.0180312,68.04331511,67.95357287,67.97861151,67.05228093,62.66975716,64.29620693,67.22535675,70.99438142,71.608043,78.55392594,80.09265305,81.51393247,81.4419959,81.80852021,82.21187054,83.23471511,81.84005694,82.51806877,83.78097224,82.68592966,84.52132308,84.77274545,85.30796453,84.10264831,84.63401457,84.72117021,84.38634015,83.57298991,82.44872839,81.63882935,80.94214327,79.00751476,79.59702876,78.7242764,77.22300426,75.07416265,74.34410488,75.52949068,76.96060655,78.00175506,
ESP,TX.VAL.MRCH.CD.WT,725000000,710000000,736667000,735333000,919833000,935167000,1253500000,1362070000,1589430000,1900140000,2388430000,2964370000,3816640000,5197580000,7090980000,7690490000,8730290000,10223400000,13114000000,18208300000,20720000000,20334000000,20498000000,19734000000,23508000000,24247000000,27206000000,34192000000,40341000000,44492000000,55642000000,60177000000,64334000000,64603000000,76696000000,97849000000,1.07243E+11,1.00756E+11,1.11973E+11,1.04433E+11,1.15251E+11,1.1666E+11,1.25687E+11,1.56147E+11,1.82623E+11,1.92644E+11,2.13717E+11,2.53297E+11,2.81493E+11,2.27338E+11,2.54418E+11,3.06551E+11,2.9525E+11,3.17833E+11,3.24536E+11,2.82478E+11,2.88751E+11,
ESP,TX.VAL.MRCH.AL.ZS,2.648641192,2.827401885,2.725166916,2.296195652,2.431101331,3.571050122,4.271597067,5.11059708,4.653622422,6.146801574,4.651328204,4.692046185,5.833863597,6.801663387,8.314161699,9.55042559,9.526063472,12.07819186,11.23640736,11.90214242,12.84333966,15.04881686,15.71681371,14.33629889,12.63472716,9.321544636,6.799817685,6.110838175,5.903340314,4.785641409,4.28074315,4.071645633,4.279273198,4.715276337,4.11565595,4.147992956,3.501449544,3.550730321,3.778305988,3.831931347,3.550868425,3.752430694,3.959363529,4.008195516,4.361840423,4.196722651,4.152686748,4.658767538,5.561269083,5.927119964,5.635977806,5.69761768,6.959695437,7.603679254,7.493287907,7.590916972,7.407939571,
ESP,TX.VAL.MMTL.ZS.UN,,,6.125261281,5.66925427,5.625520112,5.545165949,4.673823618,5.7524561,5.608442128,4.391130342,4.033579861,2.882436316,1.857028376,2.029867357,2.431674998,2.641357724,2.666084902,2.689950107,2.517831159,2.781531654,4.534108788,4.224897269,3.510290694,3.718912196,4.012398598,3.427859959,2.804612887,2.54918791,2.994846862,3.353541041,2.442655613,2.522650754,2.456990974,2.427447225,2.293238652,2.318925494,2.315067662,2.523389868,2.111232404,2.206265227,2.235155035,2.149237206,2.0079667,1.94667454,1.955815605,2.407721683,3.145090486,3.073400296,2.760995229,2.722159212,3.449546907,3.778266031,3.690055346,3.304484514,3.320706206,3.331777431,3.24410891,
ESP,TX.VAL.MANF.ZS.UN,,,27.75023211,30.76975393,31.93352669,39.33329999,43.65286021,40.21443044,46.333273,53.50582405,53.34980234,60.23625426,64.8720857,61.99634949,64.6220694,69.99599899,69.16059808,70.49466201,73.25781818,73.23438633,71.72161313,70.33623157,71.39963126,69.68665566,69.20396816,70.41060765,72.13961646,71.03819364,72.18472793,72.72592567,74.87312824,74.76206997,76.80104807,76.39036184,77.42426607,78.195684,77.76747909,75.98063816,77.82193634,78.39303559,77.71348722,77.60709361,77.64129557,77.35954688,77.24292303,76.5958445,75.91515374,75.749167,73.2562559,73.21976611,72.54489788,70.16007846,67.7943106,69.12684159,69.37157035,71.97640344,72.56230945,
ESP,TX.VAL.INSF.ZS.WT,,,,,,,,,,,,,,,,1.53307903,2.491761665,1.768889804,1.764354128,1.97615974,2.458392352,2.066863244,2.22748973,2.297673253,1.424536159,1.343406248,1.300804366,1.516685237,1.354523785,1.925302734,4.310282664,4.851921563,6.017783386,4.813085039,4.534557289,3.92467643,3.808701193,3.099823014,3.191269923,,,,,,,,,,,,,,,4.936193492,4.561266382,4.757579877,4.399487924,
ESP,TX.VAL.ICTG.ZS.UN,,,,,,,,,,,,,,,,,,,,,,,,,,,,,,,,,,,,,,,,,4.724931133,4.537322269,3.972090086,4.147458552,3.838365615,3.732677516,3.432335647,2.635744094,2.442275788,2.188497042,2.190781675,1.532128861,1.267373702,1.071438888,1.12931397,1.257399683,,
ESP,TX.VAL.FUEL.ZS.UN,,,6.066072753,5.857256077,4.978036669,3.933895711,4.471527839,5.822913684,8.645292051,6.440968159,5.490265605,4.280035791,3.615999786,4.689997241,6.768450725,3.28673536,3.727302144,3.704018463,2.515308089,1.904304673,3.655959529,4.953995897,6.992901027,8.795608961,8.705820589,8.836189392,6.172922548,5.867938454,4.453931329,5.002868134,4.445555308,4.158735075,2.842296063,2.689537078,2.015043736,1.62694139,2.402724827,2.444311164,2.018339346,2.142114704,3.564425736,2.771344397,2.556058417,2.919395747,3.589111283,4.173447807,4.447181691,4.501227103,6.373241181,4.406105165,4.934989705,7.271911823,7.321757209,6.785667018,6.674910164,4.674995575,3.665207751,
ESP,TX.VAL.FOOD.ZS.UN,,,55.5006437,52.08509978,52.85242408,47.17243942,43.55917696,44.98034453,36.58928975,33.2638713,35.11803957,30.84430499,27.94384415,29.29375628,24.04679783,22.22644077,22.51903328,21.1672661,19.70680415,20.29403565,17.97869978,18.537322,16.1265013,15.74443256,15.64614117,14.88791479,16.33809319,17.78352368,17.22521308,15.76211919,14.73194585,15.43764741,15.19203024,15.91881799,15.86916306,15.45060128,15.54042802,15.86278955,15.27118756,14.61402938,13.54939814,14.56684236,15.05591302,15.06878653,14.49945814,14.10360837,13.54965088,13.47911201,14.21405501,16.04570457,15.13687584,14.37463938,15.48521087,15.3452644,15.56784799,16.24580354,17.00662075,
ESP,TX.VAL.AGRI.ZS.UN,,,4.418680255,5.473817055,4.440745611,3.782779626,3.279719977,2.953398924,2.557239672,2.146254607,1.866624824,1.649850512,1.606663702,1.867501913,2.008280622,1.732832,1.810897214,1.832178803,1.843632412,1.673311307,1.96594102,1.870968577,1.715947447,1.957152427,1.853946948,1.973991406,2.238065512,2.620007682,2.772156995,2.650707254,2.093261913,1.796336524,1.518752895,1.212449668,1.390785974,1.644312292,1.254127677,1.352447831,1.260181682,1.224735415,1.340853167,1.267123637,1.212859428,1.180473917,1.126444657,1.158025303,1.140984603,1.093753258,1.068674787,0.950716529,1.121196173,1.184434135,1.196511505,1.160273353,1.079316436,0.91001359,0.979800077,
ESP,TX.QTY.MRCH.XD.WD,,,,,,,,,,,,,,,,,,,,,,,,,,,,,,,,,,,,,,,,,100,103.0150754,105.1507538,109.1708543,113.5678392,114.8241206,120.4773869,126.0050251,126.2562814,112.5628141,125.6281407,136.3065327,137.1859296,149.4974874,154.8994975,160.8040201,166.3316583,
ESP,TT.PRI.MRCH.XD.WD,,,,,,,,,,,,,,,,,,,,,,,,,,,,,,,,,,,,,,,,,100,99.54570931,100.0852193,100.0549613,98.67605373,96.64618133,95.91365419,96.449319,93.51142411,98.07901076,95.12626279,91.54566053,90.45348976,88.07105196,88.15483328,91.56516851,92.41919844,
ESP,TM.VAL.TRVL.ZS.WT,,,,,,,,,,,,,,,,16.47261374,15.29279397,19.76940451,19.01741224,23.08870071,22.80246072,18.78505182,17.85375392,17.62174086,17.03082836,19.98515104,24.24882518,22.04465269,22.10902857,24.03740876,27.99591024,27.65875543,28.07589023,26.90634303,23.23214912,20.30695156,20.17023912,18.5686869,18.46391437,18.43124818,18.0932981,18.88235237,19.46369237,19.98764381,22.11881166,24.73919544,24.26719733,24.70842334,23.30810683,23.98328106,24.79570654,24.34516368,23.94079898,26.05411918,25.81244774,26.5426334,27.45098448,
ESP,TM.VAL.TRAN.ZS.WT,,,,,,,,,,,,,,,,44.70316462,42.00052067,40.47849338,40.1273665,37.61295709,41.00075021,42.87035582,38.46878585,44.32718386,44.47647062,39.00334978,35.25987487,37.33631591,35.60696578,33.57365628,30.84631138,29.26284019,26.76140359,24.0647654,27.63547174,31.65550676,31.69900173,32.2960542,30.61092301,,,,,,,,,,,,,,,19.11584473,20.27887933,20.37482654,19.61365801,
ESP,TM.VAL.SERV.CD.WT,,,,,,,,,,,,,,,,2334485514,2639955033,2686709120,2974033458,3996753139,5392921095,5377878647,5656504869,5075751911,4905882596,5053235113,6244158467,8749791414,11053051510,12810358295,15196664026,16385048260,19838824433,17594043644,17905829777,22353750000,25069101438,25210444990,28638892390,32057841636,32987841626,34859950406,37837069678,45853252961,55540526126,61340407879,69328032865,80418060069,88124092741,71438571950,68276070271,71367327981,64328362486,63074696705,69615299700,65354921248,70249881537,
ESP,TM.VAL.OTHR.ZS.WT,,,,,,,,,,,,,,,,32.02583278,36.36166765,34.0436793,34.80664476,32.73680086,30.47491812,32.25335418,37.6499466,33.07839744,32.92937012,35.56035936,33.70799624,34.6741915,37.28208474,37.30862401,34.86215627,37.20000745,38.49342223,39.72557284,40.58492415,40.65246323,41.69951799,44.35504754,46.04145275,81.56875182,81.9067019,81.11764763,80.53630763,80.01235619,77.88118834,75.26080456,75.73280267,75.29157666,76.69189317,76.01671894,75.20429346,75.65483632,76.05920102,45.3274918,43.69479005,43.27604601,43.74624718,
ESP,TM.VAL.MRCH.XD.WD,,,,,,,,,,,,,,,,,,,,,,,,,,,,,,,,,,,,72.8975685,77.72103008,74.26837028,87.65447645,86.97698203,100,99.28898901,106.0015834,133.9281033,165.8550496,185.4078621,211.0314514,249.9413992,270.1663824,188.2532883,209.952378,241.7906956,216.5798845,218.6868935,230.3973132,200.2166204,199.1060747,
ESP,TM.VAL.MRCH.WR.ZS,,,,,,,,,,,,,,,,,,,,,,,,,,,,,,,,,,,,,,,,,,,,,,,,,,,,,,,,,,
ESP,TM.VAL.MRCH.WL.CD,701300000,1076800000,1552800000,1936500000,2241400000,3005300000,3593000000,3482300000,3511390000,4229170000,4748050000,4964820000,6796550000,9590620000,15379370000,16234140000,17461410000,17833940000,18712990000,25437510000,34076480000,32152550000,31469880000,29194290000,28831780000,29962870000,35055000000,49106900000,60536530000,70949185235,87808386852,96647030849,99824890730,81856953426,92176422072,1.15493E+11,1.21847E+11,1.22753E+11,1.30074E+11,1.35067E+11,1.55776E+11,1.54558E+11,1.65064E+11,2.08813E+11,2.5834E+11,2.8851E+11,3.28819E+11,3.89667E+11,4.22726E+11,2.93555E+11,3.26907E+11,3.76341E+11,3.37676E+11,3.4062E+11,3.5886E+11,3.11851E+11,3.11163E+11,
ESP,TM.VAL.MRCH.RS.ZS,3.522030515,2.507429421,3.451828954,3.588949135,2.57428393,4.006255615,3.222933482,4.373546219,3.898740954,3.777336924,4.711197228,3.479481633,3.501188103,3.555036066,3.236478477,3.480751059,3.413756392,3.065222828,2.972320297,3.253345158,3.387615153,3.439602769,3.71046855,4.174583455,4.055663577,3.380483912,4.320952788,6.16033592,5.946178283,5.645402389,5.550035431,6.824388467,4.648389663,3.844122433,3.599582605,4.005772694,3.700511951,0.193778169,0.249825727,0.241814943,0.161038097,0.153559743,0.239748365,0.417873156,0.317301638,0.291485553,0.423457424,0.088413343,0.067768157,0.07205491,0.316968927,0.233406457,0.415345647,0.071291175,0.101642793,0.103199285,0.087173128,
ESP,TM.VAL.MRCH.R6.ZS,0.983887067,1.40230312,1.648634724,2.075910147,2.663513875,2.275979104,2.607848594,2.153748959,2.630012616,4.288075438,3.822200693,4.238622951,4.688555223,3.952299226,3.058187689,3.994298435,3.611449476,4.131448239,3.571636601,3.261600683,4.112337894,4.723917699,3.601221231,4.051614203,6.115023075,8.66285506,4.540921409,4.129826969,3.756640825,3.771455898,3.507109673,3.423993796,3.362675402,2.788459415,3.203211266,2.885578968,3.21540498,2.999734034,2.507107916,2.378565195,3.318107362,3.05895463,2.72761074,2.828334109,2.679264529,3.182143139,3.319650852,3.069829984,4.107148435,3.001920795,3.581768664,4.382837123,4.829418626,4.685456015,4.815998301,3.770384313,2.674146482,
ESP,TM.VAL.MRCH.R5.ZS,0.755739341,0.650074294,0.747037609,1.280660986,0.718301062,0.412604399,0.386863345,0.450851449,0.414935396,0.381635167,0.321816325,0.237269428,0.371806284,0.488810942,0.278359907,0.259638022,0.401113083,0.300270159,0.299097044,0.424923666,0.252344139,0.240105373,0.640580771,0.311704789,0.272997366,0.888499666,0.329254029,0.34416752,0.388872636,0.43564562,0.510338546,0.502193324,0.536089998,0.550745646,0.583797958,0.618259319,0.652867628,0.674323569,0.676009368,0.634910125,0.636028137,0.716971175,0.78074372,0.818960445,0.872968457,0.89813522,0.954011206,1.007136346,1.055663346,1.165512408,1.311843942,1.427115,1.545151417,1.507972948,1.641583621,1.946716181,2.196188468,
ESP,TM.VAL.MRCH.R4.ZS,10.95109083,7.290118871,6.047140649,5.442809192,6.125635763,4.086114531,3.888115781,4.382161215,6.431356244,5.92622193,5.820073504,6.555927506,5.711574255,5.109158741,8.412763332,8.504300197,12.33130658,14.2777199,13.28708026,11.39164171,14.27447905,12.1338743,12.69534552,16.20196963,13.73304042,15.04288474,8.736100414,5.933158069,4.044186213,4.837524984,4.710473302,4.041792952,3.758138174,4.09133976,4.073870857,3.708680245,3.780196804,4.216117484,3.313014945,3.700838596,5.410051453,5.180234748,4.607783929,4.408968684,4.698044065,5.538966548,5.986758763,5.228206229,6.645813889,6.167786197,6.842216662,6.540960183,7.146786587,6.722422272,5.895463159,5.096916004,5.100905979,
ESP,TM.VAL.MRCH.R3.ZS,8.69813204,9.249628529,8.816331788,9.279628195,8.276077452,7.929324859,8.600055664,8.626482497,8.283329394,8.076289201,8.151135729,8.864369705,7.167754228,7.559365297,7.174156028,7.865214911,6.319707286,8.230486365,7.727626638,8.336704339,9.559526101,11.39259561,10.18233943,11.62919187,11.06213352,11.00605516,6.623135073,5.733858175,4.797483437,4.418905609,4.178840337,4.900691503,3.774071812,4.008812392,3.858997964,3.686198235,3.500165907,3.661029264,3.561725473,3.375329072,3.346964192,3.489870932,3.553641107,3.217093129,3.146302535,3.707370812,4.061944838,4.133852839,4.333808694,4.010906063,4.455420316,5.198983001,6.728874443,6.30355553,5.574970362,4.438974343,4.184366716,
ESP,TM.VAL.MRCH.R2.ZS,0.869813204,0.742942051,0.701957754,0.888200361,0.843222986,0.791934249,0.832173671,0.732274646,1.054568134,0.53083702,0.52695317,0.526705903,0.757148848,0.699850479,0.821945242,0.964325797,0.705784928,0.412023367,0.544755274,0.523007165,0.430003334,0.651799002,0.734321199,0.686915147,0.49653542,0.616029105,0.545428612,0.449285131,0.523551647,0.468364585,0.428867799,0.465609705,0.522529422,1.736847411,1.761225612,2.049186995,1.863172852,1.883796969,1.682377156,1.834394074,2.366884265,2.502135104,3.135706403,3.069540246,3.696995911,4.411247952,5.110310744,5.139422902,5.173490886,4.658825557,4.772105487,5.643039839,5.898539336,6.570224939,5.886118652,4.859295431,4.91160489,
ESP,TM.VAL.MRCH.R1.ZS,0.670183944,0.900817236,0.682637816,0.630002582,0.620148122,0.552357502,1.082660729,0.835654596,0.943785794,1.129299603,1.159212729,1.092486737,1.016103759,1.153731458,1.03320227,0.869032791,1.071219335,1.629365132,1.694384489,1.808156537,1.442285119,1.299772491,0.988500751,1.095077154,1.507295075,1.347834837,1.576265868,1.563425914,1.575841892,1.643365916,1.728162445,2.301083789,2.960958471,2.981852042,3.558725,3.725377516,3.91315608,4.43618455,4.414188148,4.291633925,4.139923737,4.201145671,4.22958577,4.607055901,4.848091933,5.657871942,6.190278024,7.122024454,7.512688245,7.41420168,8.228889775,7.715888855,7.504497857,7.51082806,8.034732885,9.035107941,9.174352375,
ESP,TM.VAL.MRCH.OR.ZS,22.92884643,20.2358841,18.64374034,19.59721146,19.24689926,16.04831464,17.39771778,17.18117336,19.75798758,20.33235836,19.80139215,21.51538223,19.7129426,18.96321614,20.77861447,22.45681015,24.44058069,28.98131316,27.1245803,25.7460341,30.07097564,30.44206447,28.8423089,33.9764728,33.18702487,37.56415857,22.35110541,18.15372178,15.08657665,15.57526261,15.0637921,15.63536507,14.91446328,16.15805667,17.03982866,16.67328128,16.92496425,17.87118587,16.15442301,16.21567099,19.21795915,19.14931226,19.03507167,18.94995251,19.94166743,23.39573561,25.62295443,25.70047275,28.8286135,26.4191527,29.19224485,30.908824,33.65326827,33.30045976,31.84886698,29.14739421,28.24156491,
ESP,TM.VAL.MRCH.HI.ZS,73.54912306,77.25668648,77.90443071,76.8138394,78.17881681,79.94542974,79.37934873,78.44528042,76.34327147,75.89030472,75.48741062,75.00513614,76.7858693,77.48174779,75.98490705,74.06243879,72.14566292,67.95346401,69.9030994,71.00062074,66.54140921,66.11833276,67.44722255,61.84894375,62.75731155,59.05535751,73.32794181,75.6859423,78.96724507,78.779335,79.38617247,77.54024646,80.43714706,79.9978209,79.36058874,79.32094603,79.3745238,81.93503596,83.59575127,83.54251407,80.62100276,80.697128,80.72517997,80.63217433,79.74103093,76.31277883,73.95358815,74.2111139,71.10361835,73.50879239,70.49078623,68.85776954,65.93138609,66.62824906,68.04949023,70.7494065,71.67126196,
ESP,TM.VAL.MRCH.CD.WT,721667000,1091670000,1570000000,1954500000,2255330000,3040330000,3590830000,3441120000,3505140000,4233000000,4747140000,5009490000,6829330000,9667040000,15427600000,16264600000,17474400000,17835800000,18711600000,25438100000,34078000000,32150000000,31465000000,29193000000,28831000000,29963000000,35057000000,49113000000,59643000000,71469000000,87715000000,93306000000,99758000000,77525000000,88863000000,1.13537E+11,1.21221E+11,1.1567E+11,1.36662E+11,1.35346E+11,1.56143E+11,1.5465E+11,1.65105E+11,2.08602E+11,2.58331E+11,2.88786E+11,3.28696E+11,3.89301E+11,4.20803E+11,2.93218E+11,3.27016E+11,3.76606E+11,3.37338E+11,3.40598E+11,3.58924E+11,3.12016E+11,3.11329E+11,
ESP,TM.VAL.MRCH.AL.ZS,14.33052902,12.89004458,10.52936631,8.747740769,9.583296154,8.049113233,8.151962149,9.146253913,11.91465488,9.858908486,9.545602932,12.34989385,11.3769486,10.89679291,21.58501941,19.51387631,20.33759015,19.25328895,20.69247085,21.65872367,25.07861728,23.05341256,22.24361834,18.28032125,18.04311076,14.2221356,9.636884895,6.587933671,4.620780213,4.871041681,4.71534943,4.726466247,4.719021605,4.840930576,4.687496077,4.298434762,4.236994856,4.920800244,3.880840646,4.120385551,6.030998036,5.670337493,5.483722099,5.046356815,5.643459928,6.491837615,6.985744233,6.32325223,7.805911858,7.104207344,7.649509402,8.08602855,9.993420132,9.717882962,8.347916641,6.845200057,6.291370538,
ESP,TM.VAL.MMTL.ZS.UN,,,6.442317806,5.489871998,6.332819942,6.778377248,7.788275095,6.035807846,7.539767587,8.054380465,8.927657423,7.770722263,7.294727627,7.498660479,7.529139768,6.588981891,6.292724877,6.210523204,5.867751706,5.984228758,5.777244142,5.145967958,5.016978246,5.152094065,5.696705084,5.717867284,4.745023315,3.760017009,4.419772259,4.331347548,3.684254395,3.388522421,3.012949528,3.129594861,3.686424239,3.923725363,3.408334503,3.769048122,3.408378069,2.939499862,3.155403418,3.09366728,2.877600022,2.836905831,3.166965604,3.27507748,4.267919542,4.340495407,3.908367185,3.070941461,3.942137541,4.342880797,3.978640324,3.934889224,3.799463141,3.676296868,3.509367103,
ESP,TM.VAL.MANF.ZS.UN,,,45.93916426,50.88190366,54.07861091,55.44492349,54.16251586,54.26136887,51.01367719,53.11471861,54.11559122,49.97574426,53.25437687,54.0180924,44.92623217,44.99813977,44.65691131,43.04582708,42.77247617,42.73172213,38.12903192,36.45013821,39.16728814,37.74991341,39.75677924,42.59971594,58.55022843,63.97824361,68.66132628,69.36734207,70.51392194,71.1216264,72.1673776,69.92294054,70.43315042,70.97998108,72.1730086,72.56788642,76.18424033,77.12234281,73.10379362,73.14838593,73.56202226,74.41364212,73.94065332,71.56832434,69.80823672,70.15803999,65.79923336,67.66929729,65.32584876,61.72029963,58.62881016,60.65666675,63.22051664,69.6414903,72.410804,
ESP,TM.VAL.INSF.ZS.WT,,,,,,,,,,,,,,,,6.798388856,6.345017712,5.708422806,6.048576501,6.561541332,5.721870951,6.091238174,6.027513628,4.972677837,5.5633309,5.451139822,6.783303704,5.944839901,5.001920912,5.080310953,6.295622112,5.878396927,6.669283953,9.303318735,8.547454984,7.38507845,6.431241161,4.780211364,4.883709875,,,,,,,,,,,,,,,9.502544285,10.21388288,9.806494059,9.18911033,
ESP,TM.VAL.ICTG.ZS.UN,,,,,,,,,,,,,,,,,,,,,,,,,,,,,,,,,,,,,,,,,8.47437793,7.768912099,7.025553743,7.024879094,7.240857845,7.232533694,7.340822738,7.384811259,7.910619738,6.458080816,6.682139448,5.23550357,4.621103281,4.540346077,4.59822347,4.978905303,,
ESP,TM.VAL.FUEL.ZS.UN,,,15.67363233,12.63530404,12.72347095,10.03289873,9.637476999,12.37095292,15.45892597,12.60240965,13.3076315,16.44543403,14.44261041,13.03593977,25.44894631,26.02802534,29.45841761,28.61721943,28.65888566,30.50217859,38.69014206,42.52097474,39.87576287,40.34816018,37.84461245,36.1347921,18.91122883,16.3084441,11.38629123,11.79553222,11.65944301,10.88685976,10.10393963,10.92428926,9.437305352,8.355082379,9.372002186,8.971146776,6.403181249,7.188250176,12.17739181,11.23264104,10.85226409,10.42270975,11.22034631,14.07477158,15.72645939,14.94017142,19.43964224,16.49115784,18.48004954,21.46487923,24.52767844,22.88677349,20.93536348,14.05843793,10.84043624,
ESP,TM.VAL.FOOD.ZS.UN,,,19.81325269,22.36473025,18.28370288,20.28470975,19.740073,19.61673871,17.89819274,16.94355621,15.64848423,17.56027063,16.3092978,16.89847062,15.32304686,16.55345858,13.18156754,15.5438693,16.34838998,14.69921392,12.50853717,11.89966731,12.19369099,12.72537996,12.01490331,10.64194537,12.91516469,11.37340548,11.3307525,10.63563969,10.78953458,11.79849625,12.14015377,13.57690616,13.63569613,13.63545459,12.32626112,11.7787817,11.43686713,10.44343738,9.155255603,9.995607996,10.29961192,9.97968844,9.538617678,9.224355951,8.406015338,8.722548453,9.251834662,11.24990749,10.41918687,10.53125292,11.09661464,11.08655393,10.79814369,11.292026,11.86804722,
ESP,TM.VAL.AGRI.ZS.UN,,,12.12903086,8.625834797,8.578157668,7.456638781,8.668423585,7.712169008,8.086264526,9.279465777,7.996504438,8.242223694,8.686045256,8.536285229,6.765355424,5.823861021,6.402562958,6.578878351,6.299378051,6.060744905,4.825624734,3.933597584,3.702299428,3.989328541,4.60355499,4.774135923,4.858517325,4.552380978,4.166371434,3.777509279,3.201878921,2.680750829,2.492076828,2.333178326,2.700818911,2.979473297,2.563827377,2.472340149,2.284477249,1.981544344,1.963959758,1.82593597,1.72790442,1.61809887,1.442548913,1.35301713,1.332081017,1.319803854,1.17598613,1.125830868,1.261064403,1.428550164,1.264493723,1.271669268,1.150583438,1.183095688,1.198393974,
ESP,TM.TAX.TCOM.WM.FN.ZS,,,,,,,,,,,,,,,,,,,,,,,,,,,,,3.47,3.32,4.21,4.57,5.03,5.2,5,9.94,7.69,7.39,6.38,4.12,1.79,2.12,2.06,1.99,1.84,1.62,1.53,1.58,1.32,1.67,1.48,1.35,1.26,1.34,1.32,1.47,1.89,
ESP,TM.TAX.TCOM.WM.AR.ZS,,,,,,,,,,,,,,,,,,,,,,,,,,,,,2.73,2.71,3.7,3.73,4.06,3.62,3.54,8.79,6.23,5.58,4.8,3.31,0.91,1.64,1.04,0.99,0.73,0.75,0.59,0.61,0.46,0.58,0.57,0.46,0.43,0.43,0.69,0.75,0.89,
ESP,TM.TAX.TCOM.SR.ZS,,,,,,,,,,,,,,,,,,,,,,,,,,,,,26.98232,25.49622,16.93116,15.96301,17.05738,16.6389,17.45752,25.51019,37.6087,36.77582,29.85218,40.8425,25.88154,26.80114,34.38274,31.54522,23.56445,21.33408,26.23838,25.48423,22.15982,22.32976,25.77638,25.71524,27.78579,26.80639,26.38892,26.24227,25.36446,
ESP,TM.TAX.TCOM.SM.FN.ZS,,,,,,,,,,,,,,,,,,,,,,,,,,,,,6.9,7,7.77,7.68,7.8,7.66,7.88,17.5,13.59,13.62,11.49,7.77,4.61,4.73,4.72,4.71,4.79,4.74,4.73,4.93,4.84,4.89,4.99,4.99,5.69,5.6,5.57,5.58,5.69,
ESP,TM.TAX.TCOM.SM.AR.ZS,,,,,,,,,,,,,,,,,,,,,,,,,,,,,5.87,6.23,7.38,7.18,7.44,6.31,6.34,12.97,9.73,9.31,7.96,6.21,2.97,3.98,2.58,2.54,2.62,2.6,2.42,2.42,2.26,2.42,2.44,2.12,2.22,2.18,2.58,2.5,2.43,
ESP,TM.TAX.TCOM.IP.ZS,,,,,,,,,,,,,,,,,,,,,,,,,,,,,15.13533,15.71462,20.69455,20.98832,20.60003,17.09331,17.62777,25.71892,30.76033,27.75367,21.33961,12.61151,6.08252,8.246401,4.836339,5.639287,5.909031,6.375638,4.975795,5.722136,5.317493,5.372413,6.383808,4.774599,4.4329,5.255677,7.86377,7.197316,6.987795,
ESP,TM.TAX.TCOM.BR.ZS,,,,,,,,,,,,,,,,,,,,,,,,,,,,,,,,,,,,10.36,11.62,10.59,10.46,10.89,4.59,4.59,4.79,4.79,4.79,4.79,4.79,5,5,5,5,5,5.75,5.75,5.75,5.75,5.75,
ESP,TM.TAX.TCOM.BC.ZS,,,,,,,,,,,,,,,,,,,,,,,,,,,,,,,,,,,,100,100,100,100,100,100,100,100,100,100,100,100,100,100,100,100,100,100,100,100,100,100,
ESP,TM.TAX.MRCH.WM.FN.ZS,,,,,,,,,,,,,,,,,,,,,,,,,,,,,4.73,4.73,6.22,5.92,6.33,6.3,6.14,7.36,5.75,5.79,4.6,3.63,2.68,2.88,2.99,2.97,2.84,2.69,2.63,2.59,2.4,2.63,2.48,2.43,2.3,2.43,2.41,2.56,2.77,
ESP,TM.TAX.MRCH.WM.AR.ZS,,,,,,,,,,,,,,,,,,,,,,,,,,,,,3.59,3.77,5.05,4.74,4.46,4.12,4.44,6.27,4.01,3.62,3.29,3.13,1.67,2.32,1.75,1.66,1.47,1.66,1.62,1.58,1.15,1.26,1.58,1.08,1.02,1.04,1.51,1.57,1.6,
ESP,TM.TAX.MRCH.SR.ZS,,,,,,,,,,,,,,,,,,,,,,,,,,,,,12.71628,17.69554,5.047931,4.237892,4.532078,4.407461,4.565684,6.798499,11.85437,11.2955,8.700487,13.95402,7.199114,7.468193,11.60093,10.91687,6.791642,5.60961,7.145239,6.821628,5.661909,5.766441,7.144056,7.083234,7.426126,7.337349,7.283516,7.243509,6.791332,
ESP,TM.TAX.MRCH.SM.FN.ZS,,,,,,,,,,,,,,,,,,,,,,,,,,,,,6.24,6.26,8.35,7.15,7.25,7.18,7.19,8.99,7.34,7.5,6.48,5.29,4.4,4.47,4.62,4.41,4.22,4.2,4.18,4.06,4.05,4.05,4.22,4.23,4.42,4.4,4.39,4.39,4.38,
ESP,TM.TAX.MRCH.SM.AR.ZS,,,,,,,,,,,,,,,,,,,,,,,,,,,,,3.14,3.49,6.12,4.82,4.03,3.68,4.35,5.72,3.9,3.31,3.68,3.97,2.3,3.08,1.81,1.74,1.79,1.76,1.79,1.7,1.6,1.62,1.89,1.54,1.57,1.55,2.1,2.06,1.92,
ESP,TM.TAX.MRCH.IP.ZS,,,,,,,,,,,,,,,,,,,,,,,,,,,,,4.209674,4.33863,11.47864,6.273315,6.249241,5.056185,5.131768,7.355046,9.712525,8.587495,6.32093,4.390583,1.821503,2.453426,2.075775,2.157062,1.797052,1.772612,1.452121,1.632861,1.432872,1.457772,1.873789,1.386644,1.248809,1.496119,2.269145,2.102112,1.970677,
ESP,TM.TAX.MRCH.BR.ZS,,,,,,,,,,,,,,,,,,,,,,,,,,,,,,,,,,,,5.47,5.73,5.5,5.47,5.56,4.11,4.11,4.17,4.17,4.17,4.17,4.17,4.18,4.18,4.18,4.18,4.18,4.38,4.38,4.38,4.38,4.38,
ESP,TM.TAX.MRCH.BC.ZS,,,,,,,,,,,,,,,,,,,,,,,,,,,,,,,,,,,,100,100,100,100,100,100,100,100,100,100,100,100,100,100,100,100,100,100,100,100,100,100,
ESP,TM.TAX.MANF.WM.FN.ZS,,,,,,,,,,,,,,,,,,,,,,,,,,,,,5.84,5.8,7.6,6.79,7.15,7.01,6.82,6.4,5.03,5.23,4.1,3.5,3.09,3.24,3.43,3.44,3.32,3.27,3.3,3.18,3.16,3.18,3.15,3.22,3.19,3.24,3.24,3.3,3.22,
ESP,TM.TAX.MANF.WM.AR.ZS,,,,,,,,,,,,,,,,,,,,,,,,,,,,,4.32,4.57,5.99,5.39,4.78,4.47,4.96,5.3,3.14,2.87,2.86,3.1,2,2.64,2.07,1.98,1.82,2.15,2.24,2.15,1.63,1.65,2.24,1.54,1.51,1.48,2.12,2.11,1.95,
ESP,TM.TAX.MANF.SR.ZS,,,,,,,,,,,,,,,,,,,,,,,,,,,,,7.791177,15.07648,0.8980715,0.1205882,0.2357272,0.3275069,0.144989,0.7623338,0.3152843,0.1578368,0.2622062,0.7419519,0.1576275,0.2596901,0.188365,0.1791334,0.1891851,0.176629,0.1733945,0.1875017,0.1686227,0.1750877,0.197045,0.1749071,0.178014,0.1795815,0.2657372,0.2685423,0.2649594,
ESP,TM.TAX.MANF.SM.FN.ZS,,,,,,,,,,,,,,,,,,,,,,,,,,,,,6.07,6.06,8.53,7.02,7.12,7.07,7.02,6.57,5.56,5.77,5.05,4.59,4.36,4.42,4.61,4.35,4.09,4.08,4.06,3.85,3.86,3.85,4.04,4.04,4.05,4.05,4.05,4.05,4,
ESP,TM.TAX.MANF.SM.AR.ZS,,,,,,,,,,,,,,,,,,,,,,,,,,,,,2.55,2.84,5.86,4.33,3.3,3.15,3.96,4.23,2.72,2.11,2.84,3.52,2.18,2.92,1.67,1.59,1.64,1.61,1.67,1.56,1.47,1.47,1.78,1.43,1.44,1.43,2.01,1.98,1.82,
ESP,TM.TAX.MANF.IP.ZS,,,,,,,,,,,,,,,,,,,,,,,,,,,,,0.4065226,0.4008741,8.29889,1.111032,1.331585,1.044082,0.8497304,1.446893,0.2822267,0.2100069,0.3297073,0.3513515,0.215942,0.2939601,0.6945961,0.3452651,0.1787276,0.1825088,0.165714,0.1794945,0.13961,0.1364979,0.1925616,0.1306828,0.1154572,0.11408,0.2143994,0.2318268,0.207973,
ESP,TM.TAX.MANF.BR.ZS,,,,,,,,,,,,,,,,,,,,,,,,,,,,,,,,,,,,4.1,4.09,4.08,4.08,4.08,3.99,3.99,4.03,4.03,4.03,4.03,4.03,3.98,3.98,3.98,3.98,3.98,3.98,3.98,3.98,3.98,3.98,
ESP,TM.TAX.MANF.BC.ZS,,,,,,,,,,,,,,,,,,,,,,,,,,,,,,,,,,,,100,100,100,100,100,100,100,100,100,100,100,100,100,100,100,100,100,100,100,100,100,100,
ESP,TM.QTY.MRCH.XD.WD,,,,,,,,,,,,,,,,,,,,,,,,,,,,,,,,,,,,,,,,,100,100.3401361,102.0408163,107.7097506,117.0068027,122.7891156,131.1791383,137.8684807,130.2721088,105.1020408,113.3786848,113.1519274,104.6485261,104.1950113,111.4512472,120.0680272,121.8820862,
ESP,TG.VAL.TOTL.GD.ZS,11.98353124,13.02320989,14.2929054,14.10141617,14.87624677,16.05809926,16.86682045,15.1773372,16.18580214,17.01819995,17.45421017,17.15074259,18.05264347,18.95370456,23.2126857,20.92781825,22.17254461,21.24256154,19.87069673,20.39369599,23.60613128,25.94915782,26.58437941,28.69839833,30.49428071,30.06615349,24.84175778,26.2062498,26.65254046,28.03492231,26.79063081,26.66493921,26.07936684,27.14182004,31.28940627,34.48724322,35.64190462,36.76387369,40.29478112,37.86811525,45.58149791,43.34177993,41.23857845,40.22138865,41.22775534,41.60027589,42.89371768,43.43814774,42.95349829,34.72458191,40.61374336,45.90899818,47.34877637,48.34814213,49.63720029,49.63255501,48.50091814,
ESP,ST.INT.XPND.MP.ZS,,,,,,,,,,,,,,,,,,,,,,,,,,,,,,,,,,,,4.315543051,4.38398812,4.191493368,4.405555855,4.348652639,4.092639071,4.47246182,4.645793617,4.509708425,4.783769001,4.421668547,4.319524367,4.231039222,4.09758476,4.785434773,4.401748459,4.007100726,3.947228971,4.165400445,4.309704568,4.722060977,5.20606666,
ESP,ST.INT.XPND.CD,,,,,,,,,,,,,,,,,,,,,,,,,,,,,,,,,,,,5826000000,6332000000,6163000000,7119000000,7803000000,7710000000,8466000000,9366000000,11330000000,14864000000,15175000000,16824000000,19870000000,20540000000,17133000000,16930000000,17374000000,15401000000,16434000000,17969000000,17347000000,19284000000,
ESP,ST.INT.TVLX.CD,,,,,,,,,,,,,,,,,,,,,,,,,,,,,,,,,,,,4539000000,5057000000,4681000000,5288000000,5862000000,5922000000,6529000000,7295000000,9071000000,12153000000,15175000000,16824000000,19870000000,20540000000,17133000000,16930000000,17374000000,15401000000,16434000000,17969000000,17347000000,19284000000,
ESP,ST.INT.TVLR.CD,,,,,,,,,,,,,,,,,,,,,,,,,,,,,,,,,,,,25368000000,27168000000,26185000000,29117000000,31214000000,29802000000,30550000000,31880000000,39634000000,45067000000,49565000000,53160000000,59910000000,64422000000,55748000000,54305000000,62447000000,57877000000,62584000000,65099000000,56532000000,60605000000,
ESP,ST.INT.TRNX.CD,,,,,,,,,,,,,,,,,,,,,,,,,,,,,,,,,,,,1287000000,1275000000,1482000000,1831000000,1941000000,1788000000,1937000000,2071000000,2259000000,2711000000,,,,,,,,,,,,,
ESP,ST.INT.TRNR.CD,,,,,,,,,,,,,,,,,,,,,,,,,,,,,,,,,,,,2001000000,2583000000,2464000000,2475000000,2570000000,2854000000,3279000000,3588000000,4229000000,4929000000,,,,,,,,,,,,,
ESP,ST.INT.RCPT.XP.ZS,,,,,,,,,,,,,,,,,,,,,,,,,,,,,,,,,,,,20.43830307,20.19488035,18.98987843,19.77194487,20.21862651,19.17682999,19.38227871,18.9169737,18.96023521,18.53982001,17.34704936,16.87517764,15.72431074,15.4640814,16.33342069,14.83908051,14.47862663,14.1014248,14.24817949,14.43339857,14.29919553,14.86027255,
ESP,ST.INT.RCPT.CD,,,,,,,,,,,,,,,,,,,,,,,,,,,,,,,,,,,,27369000000,29751000000,28649000000,31592000000,33784000000,32656000000,33829000000,35468000000,43863000000,49996000000,49565000000,53160000000,59910000000,64422000000,55748000000,54305000000,62447000000,57877000000,62584000000,65099000000,56532000000,60605000000,
ESP,ST.INT.DPRT,,,,,,,,,,,,,,,,,,,,,,,,,,,,,,,,,,,,3648000,4224000,3980000,4794000,3519000,4100000,4139000,3871000,4094000,5121000,10464000,10678000,11276000,11229000,12017000,12379000,13347000,12422000,11246000,11783000,14407000,15405000,
ESP,ST.INT.ARVL,,,,,,,,,,,,,,,,,,,,,,,,,,,,,,,,,,,,32971000,34027000,39553000,41892000,45440000,46403000,48565000,50331000,50854000,52430000,55914000,58004000,58666000,57192000,52178000,52677000,56177000,57464000,60675000,64939000,68175000,75315000,
ESP,NY.EXP.CAPM.KN,4877337773,5225274255,6219552842,6697630471,8188847573,8764308614,11012781121,11686832593,14727380099,17580769748,19521406055,22414937576,26576837600,28996457120,24756865672,25510487497,27142719522,29766218264,35469602024,38224464113,33669639166,33442214833,35734899248,37480561843,42227699718,45006789086,53646660010,60141253925,65286508099,68877445471,74734971313,83357791340,91119313761,97171261188,1.12023E+11,1.24303E+11,1.38837E+11,1.58701E+11,1.76224E+11,1.9049E+11,2.02642E+11,2.13749E+11,2.22975E+11,2.33881E+11,2.42719E+11,2.49066E+11,2.61749E+11,2.85267E+11,2.76091E+11,2.58086E+11,2.75847E+11,2.85196E+11,2.82883E+11,2.98097E+11,3.08554E+11,3.25018E+11,3.42077E+11,
ESP,NE.TRD.GNFS.ZS,15.26805265,16.57385794,18.42278072,18.49234533,20.19538931,21.33913148,22.44910439,20.43472283,23.16902129,24.46148591,25.84998355,25.92878864,27.21466006,28.13889662,31.7185344,29.10905173,30.0997697,29.1926122,27.76174119,27.8710614,31.5916736,35.41684951,36.56742743,39.81511104,41.59969293,40.92329962,35.39741014,36.3646225,36.75434858,37.41871194,35.64299658,35.5113419,36.01253333,36.99307769,41.69560426,44.83026623,46.32842342,51.29225228,52.86422329,54.73805181,60.23783366,58.07415858,54.98286373,53.11137165,54.21246314,54.33510358,55.65927296,57.40645647,55.75793411,46.4972031,52.34357293,58.08609285,59.9311416,61.17961222,62.99647338,63.61039557,62.87600959,
ESP,NE.RSB.GNFS.ZS,1.465408334,-0.629145584,-1.815473504,-3.067768192,-2.571870627,-4.952811901,-4.663403657,-3.33249169,-2.031795777,-1.795661576,-1.472389623,0.222902854,-0.408533781,-1.368086476,-5.222759052,-4.238677119,-4.845434909,-2.561764709,0.1305292,-0.331245405,-2.872945993,-2.693681473,-2.450285863,-1.481422195,1.210853965,1.006405007,1.171866059,-0.744846137,-1.982733273,-4.054637109,-4.042501865,-3.838659216,-3.482096441,-1.405364455,-0.878423862,-0.966610571,-0.091599862,0.215230606,-0.497796196,-1.943578837,-3.00549323,-2.349727245,-2.028592477,-2.216754286,-3.854681804,-4.999537916,-5.915331149,-5.990986365,-5.124952407,-1.150361614,-1.304981336,-0.245878132,1.468818973,3.25545753,2.429515716,2.269726425,3.017195907,
ESP,NE.RSB.GNFS.CD,176905941.6,-87037891.14,-292991012.2,-585174142.7,-548936071,-1226165597,-1339379067,-1054637619,-639518864.9,-647133296.7,-601937247.4,103633772.5,-240919751.5,-1072934609,-5066588117,-4851814493,-5726592141,-3383823001,209060112.8,-708928358.9,-6669101880,-5448160569,-4789436771,-2525630278,2078254813,1814572505,2937147083,-2367733190,-7438000286,-16771217287,-21631477963,-22095266293,-21909434097,-7359183684,-4647930195,-5924739792,-587153553.1,1267045455,-3071611538,-12306626891,-17894785333,-14708724832,-14304536044,-20102708804,-41227961261,-57858475314,-74802408732,-88627155762,-83793760070,-17245068074,-18682331380,-3658831970,19623699812,44334585311,33452264545,27186553944,37330407809,
ESP,NE.IMP.GNFS.ZS,6.901322159,8.601501763,10.11912711,10.78005676,11.38362997,13.14597169,13.55625402,11.88360726,12.60040853,13.12857374,13.66118659,12.85294289,13.81159692,14.75349155,18.47064672,16.67386443,17.47260231,15.87718845,13.815606,14.1011534,17.2323098,19.05526549,19.50885665,20.64826662,20.19441948,19.95844731,17.11277204,18.55473432,19.36854093,20.73667453,19.84274922,19.67500056,19.74731488,19.19922107,21.28701406,22.8984384,23.21001164,25.53851084,26.68100974,28.34081532,31.62166344,30.21194291,28.5057281,27.66406297,29.03357247,29.66732075,30.78730205,31.69872142,30.44144326,23.82378236,26.82427713,29.16598549,29.23116131,28.96207735,30.28347883,30.67033457,29.92940684,
ESP,NE.IMP.GNFS.KD.ZG,,40.13200144,34.44241652,23.51678235,13.00091783,32.92846804,19.38143406,-3.255426058,8.110978751,15.99032747,7.429799256,0.700504799,24.30048166,16.69845247,7.99978567,-0.900476207,9.799995039,-5.498814494,-1.001158142,11.40190574,3.224253978,-3.608678876,4.929365783,-1.199910835,-1.333677013,7.548648425,17.18275657,24.79274608,16.08054798,17.71764796,9.621257064,10.34286815,6.819980206,-5.225223101,11.4446994,11.07091176,7.401699787,12.90507723,14.10579825,13.8889817,9.4907464,3.505638048,3.57415597,5.913546253,10.07728462,7.027372739,8.164382647,8.563245175,-5.618827222,-18.3148484,6.922708164,-0.804268278,-6.352804559,-0.510118842,6.591286501,5.946337672,2.685519607,
ESP,NE.IMP.GNFS.KD,5328273954,7466616934,10038300238,12398985458,14010967369,18624564280,22234271925,21510451643,23255159804,26973736011,28977830449,29180821542,36271901730,42328747998,45714957115,45303304803,49743026426,47007749680,46537127766,51843247209,53514805170,51583627700,54126373393,53476905174,52763695983,56746641888,66497279225,82983780813,96328027501,1.13395E+11,1.24305E+11,1.37162E+11,1.46516E+11,1.3886E+11,1.54753E+11,1.71885E+11,1.84608E+11,2.08431E+11,2.37832E+11,2.70865E+11,2.96572E+11,3.06968E+11,3.1794E+11,3.36742E+11,3.70676E+11,3.96725E+11,4.29115E+11,4.65861E+11,4.39685E+11,3.59157E+11,3.84021E+11,3.80932E+11,3.56732E+11,3.54913E+11,3.78306E+11,4.00801E+11,4.11565E+11,
ESP,NE.IMP.GNFS.CD,833136311.9,1189957607,1633079904,2056286551,2429704295,3254542782,3893500156,3760819358,3966047696,4731368828,5584919182,5975692695,8144948227,11570563678,17918337468,19085788986,20650048744,20972103834,22127555773,30179158404,40002154560,38540617048,38132871271,35202582715,34660785448,35985561937,42891188903,58982195257,72658897158,85773218412,1.06179E+11,1.13249E+11,1.24251E+11,1.00537E+11,1.12634E+11,1.40354E+11,1.48776E+11,1.50343E+11,1.64633E+11,1.79452E+11,1.88276E+11,1.89119E+11,2.01007E+11,2.50872E+11,3.1053E+11,3.43333E+11,3.89321E+11,4.68932E+11,4.97722E+11,3.57142E+11,3.84021E+11,4.34009E+11,3.90534E+11,3.94421E+11,4.16976E+11,3.67366E+11,3.70303E+11,
ESP,NE.EXP.GNFS.ZS,8.366730493,7.972356178,8.303653609,7.712288569,8.81175934,8.19315979,8.892850367,8.55111557,10.56861275,11.33291217,12.18879696,13.07584575,13.40306314,13.38540507,13.24788767,12.43518731,12.6271674,13.31542374,13.9461352,13.769908,14.3593638,16.36158402,17.05857078,19.16684442,21.40527344,20.96485231,18.2846381,17.80988818,17.38580765,16.68203742,15.80024736,15.83634134,16.26521844,17.79385662,20.4085902,21.93182783,23.11841178,25.75374144,26.18321355,26.39723649,28.61617021,27.86221567,26.47713563,25.44730868,25.17889067,24.66778283,24.8719709,25.70773505,25.31649085,22.67342074,25.51929579,28.92010736,30.69998028,32.21753488,32.71299455,32.940061,32.94660275,
ESP,NE.EXP.GNFS.KD.ZG,,7.956237745,12.76276095,3.839327556,24.99465419,6.762372053,15.51123614,-4.617121356,18.40976518,15.7625266,17.98041328,14.20160909,13.39970869,10.00138802,-1.000063158,-0.401516713,5.00079992,12.10006704,10.69885002,5.600982344,2.295028622,11.29160167,5.565657559,9.613370172,12.03839382,0.667172112,0.233468878,5.265234039,3.816984572,1.431812767,4.692345483,8.247005524,7.508037285,7.83631921,16.66967621,9.401463728,9.937532109,14.59608821,8.035081084,8.004748255,10.48385054,3.675230132,1.366773821,3.419064403,4.252115302,1.771300721,4.934782004,8.254468582,-0.847267815,-11.02283276,9.423581167,7.406279568,1.064544328,4.284125558,4.288747482,4.193139281,4.753821035,
ESP,NE.EXP.GNFS.KD,11060929779,11940963649,13464960295,13981924226,17476657837,18658494462,21552657598,20557545241,24342141047,28179077505,33245792100,37967229533,43054727688,47360798063,46887160171,46698900386,49034218959,54967392326,60848271191,64256372117,65731074248,73153165324,77224620000,84648508584,94838829412,95471567633,95694464031,1.00733E+11,1.04578E+11,1.06075E+11,1.11053E+11,1.20211E+11,1.29237E+11,1.39364E+11,1.62596E+11,1.77882E+11,1.95559E+11,2.24103E+11,2.4211E+11,2.6149E+11,2.88905E+11,2.99523E+11,3.03616E+11,3.13997E+11,3.27349E+11,3.33147E+11,3.49587E+11,3.78444E+11,3.75237E+11,3.33875E+11,3.65339E+11,3.92397E+11,3.96574E+11,4.13563E+11,4.313E+11,4.49385E+11,4.70748E+11,
ESP,NE.EXP.GNFS.CD,1010042253,1102919716,1340088892,1471112408,1880768224,2028377185,2554121089,2706181740,3326528831,4084235531,4982981935,6079326467,7904028475,10497629069,12851749351,14233974493,14923456603,17588280832,22336615885,29470230045,33333052680,33092456479,33343434499,32676952436,36739040261,37800134442,45828335987,56614462067,65220896872,69002001124,84547320927,91153749079,1.02341E+11,93177437966,1.07986E+11,1.34429E+11,1.48189E+11,1.5161E+11,1.61561E+11,1.67146E+11,1.70381E+11,1.74411E+11,1.86702E+11,2.3077E+11,2.69302E+11,2.85474E+11,3.14519E+11,3.80305E+11,4.13929E+11,3.39897E+11,3.65339E+11,4.30351E+11,4.10158E+11,4.38756E+11,4.50429E+11,3.94553E+11,4.07633E+11,
ESP,MS.MIL.XPRT.KD,1000000,5000000,6000000,6000000,7000000,21000000,21000000,7000000,7000000,6000000,70000000,140000000,4000000,4000000,84000000,267000000,46000000,25000000,38000000,18000000,10000000,130000000,251000000,352000000,242000000,85000000,177000000,148000000,141000000,174000000,108000000,100000000,65000000,98000000,237000000,82000000,105000000,625000000,162000000,43000000,46000000,8000000,16000000,95000000,52000000,108000000,840000000,601000000,602000000,951000000,263000000,1429000000,546000000,728000000,1050000000,1151000000,483000000,
ESP,MS.MIL.MPRT.KD,231000000,112000000,55000000,14000000,60000000,401000000,277000000,279000000,128000000,187000000,237000000,601000000,751000000,886000000,580000000,1165000000,831000000,280000000,492000000,658000000,692000000,631000000,517000000,609000000,88000000,338000000,1111000000,1110000000,1958000000,859000000,709000000,112000000,212000000,303000000,858000000,359000000,429000000,228000000,99000000,386000000,334000000,168000000,289000000,253000000,315000000,363000000,315000000,339000000,349000000,235000000,290000000,181000000,238000000,176000000,127000000,164000000,97000000,
ESP,LP.LPI.TRAC.XQ,,,,,,,,,,,,,,,,,,,,,,,,,,,,,,,,,,,,,,,,,,,,,,,,3.63,,,3.96,,3.67,,3.544628,,3.823157,
ESP,LP.LPI.TIME.XQ,,,,,,,,,,,,,,,,,,,,,,,,,,,,,,,,,,,,,,,,,,,,,,,,3.86,,,4.12,,4.02,,4.074288,,3.999192,
ESP,LP.LPI.OVRL.XQ,,,,,,,,,,,,,,,,,,,,,,,,,,,,,,,,,,,,,,,,,,,,,,,,3.52,,,3.63,,3.7,,3.718636,,3.727412,
ESP,LP.LPI.LOGS.XQ,,,,,,,,,,,,,,,,,,,,,,,,,,,,,,,,,,,,,,,,,,,,,,,,3.55,,,3.62,,3.69,,3.830432,,3.728878,
ESP,LP.LPI.ITRN.XQ,,,,,,,,,,,,,,,,,,,,,,,,,,,,,,,,,,,,,,,,,,,,,,,,3.45,,,3.11,,3.68,,3.505149,,3.631566,
ESP,LP.LPI.INFR.XQ,,,,,,,,,,,,,,,,,,,,,,,,,,,,,,,,,,,,,,,,,,,,,,,,3.51,,,3.58,,3.74,,3.773806,,3.716888,
ESP,LP.LPI.CUST.XQ,,,,,,,,,,,,,,,,,,,,,,,,,,,,,,,,,,,,,,,,,,,,,,,,3.17,,,3.47,,3.4,,3.62747,,3.477058,
ESP,LP.IMP.DURS.MD,,,,,,,,,,,,,,,,,,,,,,,,,,,,,,,,,,,,,,,,,,,,,,,,3.1,,,7.07,,2,,2,,4,
ESP,LP.EXP.DURS.MD,,,,,,,,,,,,,,,,,,,,,,,,,,,,,,,,,,,,,,,,,,,,,,,,2.6,,,4,,1,,3,,3,
ESP,IC.IMP.TMDC,,,,,,,,,,,,,,,,,,,,,,,,,,,,,,,,,,,,,,,,,,,,,,,,,,,,,,,1,1,1,
ESP,IC.IMP.TMBC,,,,,,,,,,,,,,,,,,,,,,,,,,,,,,,,,,,,,,,,,,,,,,,,,,,,,,,0,0,0,
ESP,IC.IMP.DURS,,,,,,,,,,,,,,,,,,,,,,,,,,,,,,,,,,,,,,,,,,,,,,10,10,10,10,10,10,10,9,9,9,,,
ESP,IC.IMP.DOCS,,,,,,,,,,,,,,,,,,,,,,,,,,,,,,,,,,,,,,,,,,,,,,5,5,5,5,5,4,4,4,4,4,,,
ESP,IC.IMP.CSDC.CD,,,,,,,,,,,,,,,,,,,,,,,,,,,,,,,,,,,,,,,,,,,,,,,,,,,,,,,0,0,0,0
ESP,IC.IMP.CSBC.CD,,,,,,,,,,,,,,,,,,,,,,,,,,,,,,,,,,,,,,,,,,,,,,,,,,,,,,,0,0,0,0
ESP,IC.IMP.COST.CD,,,,,,,,,,,,,,,,,,,,,,,,,,,,,,,,,,,,,,,,,,,,,,1129,1129,1129,1250,1350,1350,1350,1350,1350,1400,,,
ESP,IC.EXP.TMDC,,,,,,,,,,,,,,,,,,,,,,,,,,,,,,,,,,,,,,,,,,,,,,,,,,,,,,,1,1,1,
ESP,IC.EXP.TMBC,,,,,,,,,,,,,,,,,,,,,,,,,,,,,,,,,,,,,,,,,,,,,,,,,,,,,,,0,0,0,
ESP,IC.EXP.DURS,,,,,,,,,,,,,,,,,,,,,,,,,,,,,,,,,,,,,,,,,,,,,,10,10,10,10,10,10,10,10,10,10,,,
ESP,IC.EXP.DOCS,,,,,,,,,,,,,,,,,,,,,,,,,,,,,,,,,,,,,,,,,,,,,,4,4,4,4,4,4,4,4,4,4,,,
ESP,IC.EXP.CSDC.CD,,,,,,,,,,,,,,,,,,,,,,,,,,,,,,,,,,,,,,,,,,,,,,,,,,,,,,,0,0,0,0
ESP,IC.EXP.CSBC.CD,,,,,,,,,,,,,,,,,,,,,,,,,,,,,,,,,,,,,,,,,,,,,,,,,,,,,,,0,0,0,0
ESP,IC.EXP.COST.CD,,,,,,,,,,,,,,,,,,,,,,,,,,,,,,,,,,,,,,,,,,,,,,1050,1050,1050,1171,1271,1271,1271,1310,1310,1310,,,
ESP,IC.CUS.DURS.EX,,,,,,,,,,,,,,,,,,,,,,,,,,,,,,,,,,,,,,,,,,,,,,4.9,,,,,,,,,,,,
ESP,GC.TAX.IMPT.ZS,,,,,,,,,,,,,,,,,,,,,,,,,,,,,,,,,,,,0.002736989,-0.02063531,0.002463934,0,0,0,0,0,0,0,0,0,0,0,0,0,0,0,0,0,0,,
ESP,GC.TAX.EXPT.ZS,,,,,,,,,,,,,,,,,,,,,,,,,,,,,,,,,,,,0,0,0,0,0,0,0,0,0,0,0,0,0,0,0,0,0,0,0,0,0,,
ESP,EG.IMP.CONS.ZS,39.10049118,41.95470714,50.3985525,48.76573169,56.23245376,56.87308869,58.89101777,66.05283126,69.44510328,70.46116428,74.49799684,75.47320015,74.16354617,77.99543125,76.48367785,76.76828652,79.5593305,76.17039328,77.55861222,76.2013549,76.69856131,74.23810005,70.61883365,67.72881414,63.92735041,62.66686336,60.87364277,62.3795671,62.21762475,60.78804651,61.5969187,63.24910656,64.57754006,63.93179845,66.52337281,68.73312572,67.07232261,69.96792552,70.83482118,73.62370849,74.10016865,73.22307281,75.41840141,75.27397504,76.59245835,78.75104301,77.90083445,78.94003136,78.17691953,76.23691935,73.04963274,74.55708299,73.31055967,70.34306113,69.35978962,71.43266029,,
ESP,BX.GSR.TRVL.ZS,,,,,,,,,,,,,,,,63.9485853,60.36681346,64.91261334,66.89614664,63.01021378,60.01383982,59.28805993,61.7859051,60.15468287,62.54559923,64.04367025,67.56896054,67.80443366,67.75105342,65.80701338,66.51052514,65.1680804,66.77638455,64.33473602,64.01726051,62.76109648,61.62882924,60.45975392,59.90840216,61.19327152,58.1553695,56.31607505,54.58228971,55.54137105,55.47910731,53.77373084,51.38705106,49.97009669,48.67075324,49.45541595,48.10117117,47.7017092,47.35536063,49.48516854,48.8717443,47.87557783,47.76060568,
ESP,BX.GSR.TRAN.ZS,,,,,,,,,,,,,,,,21.98376238,23.99071622,21.44694803,19.98517672,23.4816624,25.91526658,26.19590492,23.712185,26.68791762,25.03488609,23.61520751,19.30711871,18.8276249,19.26526561,19.11657058,17.01075818,16.22282248,14.77393743,14.92410667,15.68069763,16.25981052,16.83808446,17.1424323,16.32857748,,,,,,,,,,,,,,,13.37198863,12.89864917,13.13394464,12.68654486,
ESP,BX.GSR.TOTL.CD,,,,,,,,,,,,,,,,13852538446,14545196913,17202124671,22444862966,29990120593,33862732762,34331154956,34765472954,32694046177,36792319121,38499367383,46377373389,57428552118,67092501711,72175929940,91411395869,1.00261E+11,1.13421E+11,1.04313E+11,1.16471E+11,1.48115E+11,1.62902E+11,1.65906E+11,1.75707E+11,1.87406E+11,1.94243E+11,2.00071E+11,2.15345E+11,2.65752E+11,3.12262E+11,3.32658E+11,3.82614E+11,4.68562E+11,5.02548E+11,4.13032E+11,4.36549E+11,5.04758E+11,4.74321E+11,5.06746E+11,5.20837E+11,4.54328E+11,4.66226E+11,
ESP,BX.GSR.NFSV.CD,,,,,,,,,,,,,,,,5434092162,5105474373,6151894276,8195300861,10285107410,11593348448,11330920902,11541515969,11365066188,12338801112,12723146517,17835669125,21705339606,24456612402,24617674457,27936975049,29170874542,33490003619,30449125666,33815815245,40419916877,44082589445,43309671638,48602301862,52524960036,52826646197,55988948394,60351184284,73833737989,84173461895,92173958560,1.0345E+11,1.19892E+11,1.32363E+11,1.12723E+11,1.12897E+11,1.3091E+11,1.22219E+11,1.26471E+11,1.33203E+11,1.18081E+11,1.26894E+11,
ESP,BX.GSR.MRCH.CD,,,,,,,,,,,,,,,,7821050192,9015180711,10600891398,13491229193,18356978259,20546771287,20973667222,21288329911,20004108400,22964530676,23959552537,26875768096,33861409837,39945426892,43783030150,55657617114,60166814753,65847035601,62018683096,73968443401,93490417576,1.03237E+11,1.07555E+11,1.1118E+11,1.14568E+11,1.17462E+11,1.18547E+11,1.27142E+11,1.57508E+11,1.85495E+11,1.93552E+11,2.11569E+11,2.6111E+11,2.84228E+11,2.28589E+11,2.53062E+11,3.00394E+11,2.88215E+11,3.12771E+11,3.17827E+11,2.7727E+11,2.80939E+11,
ESP,BX.GSR.INSF.ZS,,,,,,,,,,,,,,,,1.51052033,2.451738993,1.745716421,1.739158949,1.948635401,2.427971574,2.043683967,2.204289674,2.274886782,1.410407843,1.334364255,1.292482105,1.496562741,1.340166,1.905932989,4.26589725,4.791877898,5.948372969,4.75601387,4.481702739,3.881026134,3.773965698,3.075971943,3.169542309,,,,,,,,,,,,,,,4.936193492,4.561266382,4.757579877,4.399487924,
ESP,BX.GSR.GNFS.CD,,,,,,,,,,,,,,,,13255142354,14120655084,16752785674,21686530054,28642085669,32140119734,32304588124,32829845880,31369174588,35303331788,36682699055,44711437222,55566749443,64402039294,68400704607,83594592163,89337689295,99337039220,92467808762,1.07784E+11,1.3391E+11,1.4732E+11,1.50865E+11,1.59782E+11,1.67093E+11,1.70289E+11,1.74536E+11,1.87493E+11,2.31342E+11,2.69668E+11,2.85726E+11,3.15019E+11,3.81002E+11,4.16591E+11,3.41312E+11,3.65959E+11,4.31305E+11,4.10434E+11,4.39242E+11,4.5103E+11,3.95351E+11,4.07832E+11,
ESP,BX.GSR.CMCP.ZS,,,,,,,,,,,,,,,,12.55713199,13.19073133,11.8947222,11.37951769,11.55948842,11.64292202,12.47235118,12.29762022,10.88251273,11.00910684,11.00675799,11.83143864,11.8713787,11.64351496,13.17048305,12.21281944,13.81721922,12.50130504,15.98514344,15.82033913,17.09806687,17.7591206,19.32184184,20.59347805,,,,,,,,,,,,,,,28.07572833,29.12372215,29.61273886,30.59334146,
ESP,BX.GSR.CCIS.ZS,,,,,,,,,,,,,,,,,,,,,,,,,,,,,,,9.493376154,10.36998285,8.572415249,12.22707068,12.12323461,13.80609356,14.71480959,16.03493784,16.76684002,,,,,,,,,,,,,,,25.00572985,26.55908832,27.04158532,27.82992691,
ESP,BX.GSR.CCIS.CD,,,,,,,,,,,,,,,,,,,,,,,,,,,,,,,2652162127,3025014688,2870902177,3723036117,4099570617,5580411539,6486669098,6944678925,8149070197,,,,,,,,,,,,,,,31624988367,35377564725,31930854302,35314402978,
ESP,BN.GSR.MRCH.CD,,,,,,,,,,,,,,,,-7385832025,-7284206101,-6135435175,-4064189574,-5683628963,-11725161631,-10112718053,-9253770946,-7555715831,-4020282508,-3876232109,-6402329750,-12686087257,-17704845378,-24013802168,-29157695195,-30334526351,-30399673229,-15001296433,-14848734243,-18616745579,-15671653795,-13859521198,-21389565995,-32808578145,-37936972365,-35885921364,-36623829513,-47875307698,-69682074211,-88302741233,-1.08593E+11,-1.28095E+11,-1.28918E+11,-57998552018,-63280522883,-61818805083,-37629342469,-18690086751,-29501622746,-24735491555,-19224272964,
ESP,BN.GSR.GNFS.CD,,,,,,,,,,,,,,,,-4490645955,-4985991660,-2878926354,947431718.5,317356389.4,-5864272516,-4496190326,-3665235294,-1577197353,3179640064,3412308494,4655266432,-291431443.8,-4978925186,-12771848314,-17275201785,-18426164799,-17812850099,-3454379111,102136496.9,-1090056714,2884818093,3828678157,-1809459296,-12341441094,-18098167794,-14756000580,-14108731400,-19893688048,-41049138442,-57470409866,-74468420965,-88622184154,-84679714580,-16711435457,-18660555506,-2275596608,20261252744,44706183620,34087561210,27990133333,37418353698,
ESP,BM.GSR.TRVL.ZS,,,,,,,,,,,,,,,,15.14631766,14.3813859,18.34458321,17.7651108,21.53996451,21.45185239,17.67882012,16.96458591,16.6049926,16.25865328,18.58270288,22.33872494,20.71664307,20.83186799,23.02140033,26.50004226,26.25284296,26.64631143,25.04423636,22.05100086,19.82841905,19.80911392,18.27080249,18.22005722,18.43124818,18.0932981,18.88235237,19.46369237,19.98764381,22.11881166,24.73919544,24.26719733,24.70842334,23.30810683,23.98328106,24.79570654,24.34516368,23.94079898,26.05411918,25.81244774,26.5426334,27.45098448,
ESP,BM.GSR.TRAN.ZS,,,,,,,,,,,,,,,,41.10387958,39.49740624,37.56112582,37.48496919,35.08996764,38.57224236,40.34576622,36.55293028,41.76957122,42.45991444,36.26630887,32.48242503,35.08710892,33.550077,32.15457163,29.19814174,27.77539105,25.39875631,22.39931574,26.23045367,30.909546,31.13146713,31.77795127,30.20663755,,,,,,,,,,,,,,,19.11584473,20.27887933,20.37482654,19.61365801,
ESP,BM.GSR.TOTL.CD,,,,,,,,,,,,,,,,18514352663,19981843084,20743115580,22469598324,30648560431,41089031079,41011260746,40590206147,36604388877,35869380212,36775818952,43544353862,60296482314,75379660365,87716119454,1.12219E+11,1.22956E+11,1.37024E+11,1.11379E+11,1.24139E+11,1.54607E+11,1.67472E+11,1.69502E+11,1.86103E+11,2.05825E+11,2.16366E+11,2.22968E+11,2.36794E+11,2.92343E+11,3.62438E+11,4.06793E+11,4.78445E+11,5.93483E+11,6.32413E+11,4.56354E+11,4.75056E+11,5.32781E+11,4.63037E+11,4.68913E+11,4.91809E+11,4.28905E+11,4.29191E+11,
ESP,BM.GSR.NFSV.CD,,,,,,,,,,,,,,,,2538906092,2807259932,2895385455,3183679569,4284122057,5732459333,5714393176,5952980317,5386547710,5138878540,5434605914,6778072943,9310683793,11730692209,13375720603,16054481639,17262512989,20903180488,18902208345,18864944505,22893228012,25526117556,25621472284,29022195163,32057841636,32987841626,34859950406,37837069678,45853252961,55540526126,61340407879,69328032865,80418060069,88124092741,71438571950,68276070271,71367327981,64328362486,63074696705,69615299700,65354921248,70249881537,
ESP,BM.GSR.MRCH.CD,,,,,,,,,,,,,,,,15206882216,16299386812,16736326573,17555418767,24040607223,32271932918,31086385275,30542100857,27559824231,26984813184,27835784646,33278097847,46547497094,57650272270,67796832318,84815312308,90501341104,96246708830,77019979529,88817177645,1.12107E+11,1.18909E+11,1.21414E+11,1.32569E+11,1.47377E+11,1.55399E+11,1.54432E+11,1.63765E+11,2.05383E+11,2.55177E+11,2.81856E+11,3.20159E+11,3.89207E+11,4.13147E+11,2.86585E+11,3.16344E+11,3.62213E+11,3.25844E+11,3.31461E+11,3.47327E+11,3.02006E+11,3.00164E+11,
ESP,BM.GSR.INSF.ZS,,,,,,,,,,,,,,,,6.251015095,5.966872271,5.297005133,5.650276198,6.12140844,5.382959872,5.732531645,5.727326208,4.685761715,5.311090353,5.068608762,6.248977197,5.586712027,4.71297759,4.865577377,5.959236568,5.5795942,6.329694828,8.659464168,8.112892881,7.211049368,6.316097098,4.703525789,4.819209601,,,,,,,,,,,,,,,9.502544285,10.21388288,9.806494059,9.18911033,
ESP,BM.GSR.GNFS.CD,,,,,,,,,,,,,,,,17745788308,19106646744,19631712028,20739098336,28324729280,38004392251,36800778451,36495081174,32946371941,32123691724,33270390560,40056170790,55858180887,69380964479,81172552921,1.0087E+11,1.07764E+11,1.1715E+11,95922187873,1.07682E+11,1.35E+11,1.44435E+11,1.47036E+11,1.61591E+11,1.79435E+11,1.88387E+11,1.89292E+11,2.01602E+11,2.51236E+11,3.10717E+11,3.43196E+11,3.89487E+11,4.69625E+11,5.01271E+11,3.58024E+11,3.8462E+11,4.3358E+11,3.90172E+11,3.94536E+11,4.16943E+11,3.67361E+11,3.70414E+11,
ESP,BM.GSR.CMCP.ZS,,,,,,,,,,,,,,,,37.49878767,40.15433559,38.79728584,39.09964381,37.24865942,34.59294538,36.24288201,40.7551576,36.93967447,35.97034192,40.0823795,38.92987283,38.60953599,40.90507742,39.95845066,38.34257943,40.39217179,41.62523743,43.89698374,43.60565259,42.05098558,42.74332185,45.24772045,46.75409563,,,,,,,,,,,,,,,41.26590939,39.50521268,39.43372105,39.7521633,
ESP,BG.GSR.NFSV.GD.ZS,,,,,,,,,,,,,,,,6.965428155,6.695192896,6.849354095,7.104603504,6.807444293,7.463690154,8.427550206,8.950220867,9.825750368,10.18302355,10.07072074,9.820416918,9.757081291,9.646379422,9.185345754,8.221146332,8.066974556,8.644783427,9.424497823,9.956267521,10.32942497,10.8594216,11.70920254,12.58009968,13.35811549,14.4128503,14.51316379,13.92453084,13.19805469,13.06280861,13.26514208,13.66319349,13.54049844,13.48534809,12.28481283,12.65516712,13.59332383,13.96292819,13.91820526,14.7299689,15.31449521,15.93394272,
