EUU,TX.VAL.TRVL.ZS.WT,,,,,,,,,,,,,,,,29.38072984,25.38686828,26.85305772,27.3248025,27.16293746,26.57460655,24.66226773,25.63914366,27.22887158,27.83789,28.42711668,29.63860266,30.66286575,31.01140682,30.3598965,29.45448953,30.42434186,30.35994663,29.62226831,31.22756716,30.97316269,31.16972884,30.23125268,30.35380581,29.87609949,29.79478468,28.23563169,26.32865939,26.03583012,24.97927179,24.0367105,23.61204058,22.65772259,22.05262388,22.10651547,21.0613981,21.10385292,20.51640052,20.58102702,20.26596334,19.53508316,19.53011603,
EUU,TX.VAL.TRAN.ZS.WT,,,,,,,,,,,,,,,,32.86221329,39.08993112,38.30505919,36.3016301,37.82742028,37.26643014,37.87825813,35.02636954,34.04703568,34.36849374,33.52546964,31.33427747,30.35156229,31.75716209,31.72971243,30.41989439,28.21746113,26.90850988,27.43266883,26.67066857,25.7663675,25.27673717,25.51814639,23.95980153,23.07373546,22.61339913,22.62745456,22.56236378,22.0073427,22.38721749,22.30805553,22.48741086,23.0722799,23.51401311,21.28638026,22.36607196,21.95788895,21.3287191,20.32388222,19.66025259,19.52771496,18.76352075,
EUU,TX.VAL.TECH.MF.ZS,,,,,,,,,,,,,,,,,,,,,,,,,,,,,14.04866953,14.43489986,14.2835083,15.23116922,14.865487,16.09840069,16.05738072,16.4243742,16.80256551,17.861498,18.74938448,19.50220783,21.40868859,20.76900388,19.26662188,17.92354742,17.78312448,18.20217365,18.58580995,14.12995402,13.69520828,15.27680352,15.42806423,15.01615382,15.55318638,15.64286061,15.47802557,16.88179048,16.28061252,
EUU,TX.VAL.TECH.CD,,,,,,,,,,,,,,,,,,,,,,,,,,,,,,,,,1.7407E+11,1.67071E+11,1.94848E+11,2.47655E+11,2.62638E+11,2.90241E+11,3.18172E+11,3.53012E+11,3.92754E+11,3.8729E+11,3.86284E+11,4.22591E+11,5.01705E+11,5.49419E+11,6.27452E+11,5.55933E+11,5.83539E+11,5.04378E+11,5.74989E+11,6.52222E+11,6.4065E+11,6.73584E+11,6.9011E+11,6.39405E+11,6.47043E+11,
EUU,TX.VAL.SERV.CD.WT,,,,,,,,,,,,,,,,90471382838,99548139381,1.17028E+11,1.45841E+11,1.78626E+11,2.13112E+11,2.00957E+11,1.92379E+11,1.83157E+11,1.81827E+11,1.91892E+11,2.3521E+11,2.84521E+11,3.06298E+11,3.21958E+11,4.09236E+11,4.1532E+11,4.81011E+11,4.5456E+11,4.85116E+11,5.65872E+11,5.95844E+11,6.04272E+11,6.45751E+11,6.89946E+11,6.95546E+11,7.19183E+11,7.87686E+11,9.3244E+11,1.13259E+12,1.24669E+12,1.40765E+12,1.68677E+12,1.87585E+12,1.63525E+12,1.68029E+12,1.89848E+12,1.88655E+12,2.04613E+12,2.20055E+12,2.01361E+12,2.03356E+12,
EUU,TX.VAL.OTHR.ZS.WT,,,,,,,,,,,,,,,,35.52381772,32.71686605,32.23133624,33.72668645,32.49734659,33.67796823,34.79217931,36.6332357,36.26377361,35.24309614,35.40422393,33.54521014,33.74565278,31.6669083,32.47878211,34.73265606,34.02796036,34.11008736,34.56856482,35.30628073,35.88149118,35.31640732,35.47197215,37.46087833,39.32414281,40.43399532,42.17802421,42.89399262,45.44383223,44.75022267,45.47857126,44.75998563,44.91977576,45.2918871,46.76568523,47.35726746,47.68381322,49.02040989,48.81344011,50.51558699,51.6326394,52.25195395,
EUU,TX.VAL.MRCH.XD.WD,,,,,,,,,,,,,,,,,,,,,,,,,,,,,,,,,,,,,,,,,,,,,,,,,,,,,,,,,,
EUU,TX.VAL.MRCH.WR.ZS,0.027568548,0.024695556,0.026657844,0.028329117,0.019215978,0.022782642,0.033642107,0.041322799,0.034722078,0.030399814,0.028852111,0.025067759,0.03581408,0.03848064,0.041531814,0.045514339,0.055608144,0.060196758,0.054498795,0.064947629,0.073765821,0.103348319,0.086213781,0.105571013,0.091261017,0.09463825,0.074451535,0.07301894,0.067369264,0.064131842,0.037999613,0.028811016,0.082099706,0.105990237,0.145342544,0.180238793,0.164811312,0.149266817,0.121607805,0.103826074,0.124026823,0.111442317,0.118469747,0.137217219,0.17497253,0.208858404,0.247453892,0.301702265,0.345884278,0.303242829,0.352742789,0.385526815,0.372888263,0.374664374,0.369616241,0.328569729,0.320691213,
EUU,TX.VAL.MRCH.WL.CD,44942520000,48348780000,50416680000,54961120000,61147030000,67595320000,74400810000,78455480000,88848370000,1.03915E+11,1.23873E+11,1.41696E+11,1.70575E+11,2.32896E+11,3.05332E+11,3.31522E+11,3.62573E+11,4.18743E+11,5.03204E+11,6.30061E+11,7.23587E+11,6.72203E+11,6.47132E+11,6.3126E+11,6.49789E+11,6.8787E+11,8.33269E+11,9.96205E+11,1.10788E+12,1.17404E+12,1.39905E+12,1.39684E+12,1.47978E+12,1.37735E+12,1.57905E+12,1.93133E+12,1.99681E+12,2.20821E+12,2.28E+12,2.34412E+12,2.44873E+12,2.47272E+12,2.64054E+12,3.15554E+12,3.76984E+12,4.07788E+12,4.60752E+12,5.3707E+12,5.96868E+12,4.61702E+12,5.18248E+12,6.09307E+12,5.81533E+12,6.07532E+12,6.15839E+12,5.38907E+12,5.37728E+12,
EUU,TX.VAL.MRCH.RS.ZS,10.90902335,11.39644061,11.37542179,11.10545054,11.32316647,11.12358074,11.17994549,11.46798159,12.31791872,12.8033327,14.31284055,14.16830373,14.34485974,14.37112347,14.2678004,15.00297504,14.64937845,14.63175502,14.67374015,14.02771266,13.89881941,13.16955101,12.74646895,12.98829526,12.54162946,12.42052421,12.25095517,11.62058471,11.59636434,11.42357141,11.17289671,10.38234857,9.495118169,7.87759112,7.552397456,7.192635282,7.052467364,6.411433516,6.041670605,0.964329281,1.067461183,1.036894056,0.995733276,0.913156149,1.020091253,1.249941449,1.205981106,1.181692389,1.242807211,1.225775253,1.000422838,1.095181424,1.274771637,1.348593726,1.109900789,0.86574006,0.797670085,
EUU,TX.VAL.MRCH.R6.ZS,5.498378818,5.240028807,4.962425134,5.308079602,5.535182984,5.511372681,4.822823838,4.95910547,4.492305261,4.372033179,4.402630357,4.413225549,3.727746795,3.574935589,3.778143356,4.322438807,4.016862391,4.265103553,4.077454417,3.326990053,4.056661465,4.291969923,3.852196116,3.089989026,2.872552894,2.621539944,2.282178215,2.084991089,2.0622713,1.91968284,1.79403347,1.716563013,1.722324861,1.601685066,1.42982773,1.519683596,1.481948203,1.364553361,1.44722686,1.282104614,1.276039628,1.320881463,1.274655797,1.312560241,1.273269392,1.327048529,1.344929457,1.391910368,1.499292293,1.588299327,1.60464143,1.736385588,1.727423105,1.720143204,1.680928418,1.589999485,1.386858956,
EUU,TX.VAL.MRCH.R5.ZS,2.625887467,2.439875422,2.037956486,1.947940653,1.859746908,1.814149264,1.581125259,1.38663354,1.066524912,0.923800224,0.77352478,0.838360571,0.740888311,0.659217327,0.640654683,0.760681586,0.649210606,0.669318124,0.771502343,0.769803916,0.797204458,0.886135424,0.893720992,0.852519158,0.859481681,0.91054727,0.959432599,0.922595349,0.854893791,0.834236672,0.70954985,0.640359115,0.632093657,0.714935639,0.720733522,0.753476869,0.745141189,0.730952642,0.611117071,0.647227056,0.686170399,0.620167212,0.663517406,0.676935241,0.748021392,0.842179607,0.850020641,0.911381679,0.94141351,1.022403126,1.081474617,1.108934743,1.033645856,0.949922313,0.942262752,0.984683527,0.980050317,
EUU,TX.VAL.MRCH.R4.ZS,6.268518098,5.189624226,4.155688157,4.083195539,3.72950248,3.75243434,3.594154418,3.428632391,3.489304306,3.363504179,3.071603513,3.041299987,3.21443823,3.427457098,4.561375208,6.451522927,6.045350524,6.091107153,5.839428442,5.040063177,5.707167701,7.250123131,6.651506796,6.147496979,5.365775787,4.597996058,3.404472127,2.722273766,2.668470936,2.60534415,2.671085128,2.694619452,2.635411636,2.572924848,2.212424674,2.007272793,1.966306587,1.92744815,1.94045729,1.839611756,1.746643746,1.84781291,1.882898923,1.890742301,1.963125685,2.019909105,1.757765038,1.787491403,2.046275272,2.401879671,2.295279845,1.988173893,2.123727136,2.13093205,2.125075885,2.038295665,2.057492995,
EUU,TX.VAL.MRCH.R3.ZS,4.894118087,4.812592996,4.331998854,3.697468319,3.618491364,3.411463989,3.545942578,3.46930514,3.595305125,3.478367169,3.208286152,3.225389225,3.076175012,2.736634723,3.191539311,3.300331953,2.874912381,2.810767114,2.646985251,2.626735222,2.642994013,2.825670962,2.416572119,1.925886139,1.868102067,1.808753258,1.782271402,1.645133069,1.495674184,1.455644247,1.421633836,1.575171342,1.733843778,1.952880882,2.054461273,1.974186144,2.020866605,2.147748408,2.279995339,1.987633648,1.960255111,1.971719745,1.718734911,1.511571568,1.498207784,1.573669381,1.616284288,1.716499469,1.842977287,1.804623653,2.059912795,2.083059407,2.310427621,2.286125499,2.150648395,2.151584661,1.995039787,
EUU,TX.VAL.MRCH.R2.ZS,1.095443691,1.135602594,1.101103841,1.093445694,1.011905239,1.116497414,1.364407189,1.591858211,1.47249747,1.271536955,1.281225871,1.248773845,1.366918893,1.372656202,1.590887268,1.735024475,1.63125893,1.441815169,1.257582549,1.255067031,1.164812286,1.182981138,1.04714471,1.075213119,1.097613168,1.214914429,1.074618151,1.075100377,0.961855,0.89483098,1.068724942,1.030415344,1.474159795,3.397741938,3.304431156,3.635595335,4.060867099,4.268798617,3.850367093,3.06284507,3.39522109,3.496208905,3.878346248,4.305067828,4.884715813,5.372465839,6.002337215,6.584528623,7.188526707,6.216105547,6.577634461,7.107842389,7.410755997,7.384448244,6.832107256,6.034455498,6.079784252,
EUU,TX.VAL.MRCH.R1.ZS,2.023184281,1.634870621,1.374941785,1.363873225,1.286800029,1.452881649,1.964615708,2.03250302,1.759840951,1.60855436,1.442495773,1.308075468,1.10666327,1.222503131,1.385414667,1.45794745,1.315238249,1.167478479,1.404182798,1.480338696,1.349762641,1.411957357,1.470321761,1.538108245,1.451010357,1.734338695,1.645219881,1.478963626,1.493183638,1.516829095,1.535495785,1.597409715,1.838468278,2.528317889,2.533510632,2.6732644,2.642653886,2.497103623,1.813918213,1.786670768,1.951726156,2.171121506,2.213324318,2.397019052,2.49754043,2.43306215,2.545105118,2.700875921,2.813031085,3.417405864,3.870770299,4.086430956,4.325004845,4.395666,4.661873558,4.62506601,4.65307589,
EUU,TX.VAL.MRCH.OR.ZS,22.37796189,20.42789911,17.93745641,17.46567392,17.02241303,17.03601669,16.83942688,16.82671497,15.84105595,14.98739625,14.15091433,14.05005688,13.19701643,12.95492343,15.10648268,17.98243286,16.47722494,16.38539283,15.94263701,14.43405047,15.64483674,17.74548962,16.24524871,14.52364165,13.42327494,12.7934514,11.07374084,9.856038336,9.468979585,9.162436142,9.162523399,9.225726965,9.954202299,12.66249602,12.11004644,12.38324034,12.75297226,12.78733798,11.82147406,10.50226684,10.89202931,11.31646942,11.51300786,11.95667901,12.68990797,13.35947621,13.86898786,14.7909852,15.98563188,16.14747436,17.13697066,17.72530016,18.5580963,18.49257294,18.02328002,17.09551512,16.83161098,
EUU,TX.VAL.MRCH.HI.ZS,66.68544621,68.15096472,70.66046396,71.40054642,71.63520452,71.81761992,71.94698552,71.66398064,71.80630326,72.17887124,71.507393,71.75657162,72.42230976,72.63547246,70.58418511,66.96907776,68.81778847,68.92265539,69.32912405,71.47328924,70.38257802,68.98161106,70.92206855,72.38249207,73.94383458,74.69138613,76.60085246,78.45035801,78.86728682,79.3498606,79.62658028,80.36311345,80.46857983,79.35392262,80.19221356,80.24388558,80.02974907,80.65196168,82.01524753,88.42957781,87.91648269,87.5351942,87.37278912,86.99294762,86.11502825,85.18172394,84.67757714,83.72562015,82.42567663,82.32350756,81.50986371,80.7939916,79.7942438,79.78416896,80.49720295,81.71017509,82.05002772,
EUU,TX.VAL.MRCH.CD.WT,53624674345,57756747554,60954869815,66608676488,74568912007,82698432542,90047023498,95140132357,1.06297E+11,1.23917E+11,1.43619E+11,1.62727E+11,1.97021E+11,2.68632E+11,3.51234E+11,3.80414E+11,4.17433E+11,4.79887E+11,5.75975E+11,7.21728E+11,8.21867E+11,7.60234E+11,7.30504E+11,7.14824E+11,7.35518E+11,7.71527E+11,9.40387E+11,1.12652E+12,1.24987E+12,1.32675E+12,1.58294E+12,1.56442E+12,1.65964E+12,1.56235E+12,1.78778E+12,2.19212E+12,2.26985E+12,2.26267E+12,2.36746E+12,2.36274E+12,2.4585E+12,2.47583E+12,2.64405E+12,3.15687E+12,3.77047E+12,4.0817E+12,4.60542E+12,5.36301E+12,5.94991E+12,4.60787E+12,5.18391E+12,6.09218E+12,5.80858E+12,6.07695E+12,6.15973E+12,5.39161E+12,5.37933E+12,
EUU,TX.VAL.MRCH.AL.ZS,6.220478958,5.331551282,4.479231873,4.429804196,3.947845055,3.863581088,3.726088466,3.490081254,3.563689463,3.592357331,3.208123889,3.134973093,3.235399638,3.365996277,4.608834992,6.3727224,6.642007269,7.115383163,6.951739827,7.119561491,7.537153078,9.422843062,9.49280522,8.471984452,7.402103603,6.250566892,4.816907516,3.982399898,3.894086525,3.861835124,3.475465052,3.469106686,3.520855408,3.784753642,3.397468343,3.141374625,3.116657984,3.116929129,3.064791,2.861381941,2.702579069,2.893687357,2.917107701,2.91966451,2.976198324,3.223586749,2.996774916,3.136957907,3.537819284,3.879395404,3.727698485,3.466398022,3.859996399,4.135365925,4.108613462,4.234319508,3.99056549,
EUU,TX.VAL.MMTL.ZS.UN,,,4.383972035,3.965813492,4.220320338,4.501287995,4.797362341,4.612001556,4.739464389,4.50418392,4.302596691,3.417389393,3.301253678,3.608981841,4.093097361,3.0651543,3.155173012,3.098585751,2.970995593,3.331418287,3.828896318,3.169751351,2.859230369,3.191259351,3.400359041,2.939321871,2.628071288,2.735157516,3.176261984,3.391311661,3.0391546,2.766999393,2.705792069,2.64882701,2.630163113,2.813418362,2.515221416,2.586684989,2.347762228,2.27178736,2.396640666,2.262242531,2.142832037,2.111755402,2.389229641,2.506408399,3.200862228,3.271609129,3.029275135,2.481500383,3.137683949,3.428402289,3.16837589,2.87650553,2.828034038,2.81910261,2.467548189,
EUU,TX.VAL.MANF.ZS.UN,,,76.40053073,69.39247053,69.11630556,69.37751417,71.42682806,70.92492729,71.36089944,72.46444591,72.43041312,76.10111707,74.34719027,73.46550063,72.93900901,74.04256854,75.39135381,75.10790434,75.71583892,74.46932797,73.00216718,71.9883707,72.58520138,72.37145625,72.22209561,73.88868207,76.80917299,77.13315668,78.20791568,77.62969317,78.20159122,78.30473137,78.20396262,77.31373079,78.12912926,79.19568275,79.15148527,80.41771712,82.15272989,82.18771344,78.77946988,79.39148418,79.93038004,79.55409286,79.22207758,78.9937072,78.24177473,77.63283431,75.62759226,75.68303817,75.55888762,75.63474627,74.83958928,75.24324688,76.39974533,79.20579624,80.29477174,
EUU,TX.VAL.INSF.ZS.WT,,,,,,,,,,,,,,,,2.23323916,2.806334558,2.610546848,2.646880948,2.512295664,2.480995081,2.667294837,2.701251095,2.460319129,2.830375575,2.933213378,5.483737465,5.241666244,5.566378074,5.433419921,5.394758101,7.368828007,8.868246999,8.775196095,6.979756226,7.576642272,8.457777871,8.971436605,8.407331265,9.790623216,9.150849258,8.935948701,10.10819555,8.244087506,9.767920658,9.774063748,10.82194458,11.07384146,10.85097834,11.47094748,10.86853332,10.88839872,10.70671719,10.28165064,9.558197079,9.304562488,9.454409265,
EUU,TX.VAL.ICTG.ZS.UN,,,,,,,,,,,,,,,,,,,,,,,,,,,,,,,,,,,,,,,,,10.67238305,9.918433799,9.202993326,8.617197567,8.737540693,8.882964603,8.986272297,7.017870799,6.342113183,6.202814678,6.358874532,5.746500044,5.249753088,4.983410562,5.123674955,5.245825791,,
EUU,TX.VAL.FUEL.ZS.UN,,,7.059527339,5.022348867,4.429910995,4.325829688,3.874169745,3.765395745,4.357326824,3.978417191,4.263740637,4.552996538,3.673349715,4.061831084,5.547804754,5.268906295,5.400858356,5.56144911,5.137500663,6.253850439,7.396934218,8.484287938,8.584611651,8.590470912,8.708100265,8.051471875,5.101611454,4.497546368,3.584750825,3.780827315,4.039572017,4.066893727,3.630903524,3.774704333,3.450332763,3.058733338,3.477802621,3.199085035,2.63565671,2.865931495,3.93825818,3.536525377,3.440967924,3.571309602,3.987328252,4.859609013,5.264746482,4.968815813,6.216123137,5.037132849,5.716819079,6.759808658,7.194689094,7.611013345,6.784511992,4.428299536,3.548549128,
EUU,TX.VAL.FOOD.ZS.UN,,,17.70330221,15.11410573,14.51326489,14.33162785,14.11451174,13.94603999,13.05434804,12.65632008,12.60466111,12.67875072,12.54714768,12.66466835,11.50511411,12.04403314,11.84621609,11.95106678,11.94743129,11.54041743,11.38885399,12.0382066,11.75180389,11.40837801,11.19409274,10.92565028,11.14843069,11.14224354,10.93816151,10.7290481,10.42941256,10.69114591,11.22346092,10.93892977,10.65875886,10.27314937,10.04993868,9.379491173,9.12650004,8.810578098,7.557234466,7.759427112,7.979997977,8.073532495,7.726530125,7.70402579,7.478973638,7.687199674,8.120102665,9.2204456,8.710570026,9.018214444,9.200916014,9.571425055,9.54490335,8.763237087,9.128311626,
EUU,TX.VAL.AGRI.ZS.UN,,,5.21054745,5.244590639,4.987963168,4.687052898,4.660686993,4.10604924,3.918828102,3.779892046,3.539448314,3.320367245,3.259129772,3.506653667,3.226456265,2.711088623,2.966829555,2.844305702,2.777821147,2.794235629,2.702670681,2.619879626,2.431570807,2.497067269,2.602295389,2.489917239,2.526567399,2.609823945,2.590616238,2.456211892,2.255396109,2.106856585,2.135873678,1.983573899,2.188480935,2.134135603,1.887522245,1.815281145,1.732510238,1.676367197,1.658626855,1.533422778,1.564468953,1.557420516,1.468436191,1.405999579,1.377725608,1.37220743,1.270365983,1.334068019,1.431421063,1.513490537,1.447605938,1.475371208,1.451218787,1.27578801,1.076896193,
EUU,TX.QTY.MRCH.XD.WD,,,,,,,,,,,,,,,,,,,,,,,,,,,,,,,,,,,,,,,,,,,,,,,,,,,,,,,,,,
EUU,TT.PRI.MRCH.XD.WD,,,,,,,,,,,,,,,,,,,,,,,,,,,,,,,,,,,,,,,,,,,,,,,,,,,,,,,,,,
EUU,TM.VAL.TRVL.ZS.WT,,,,,,,,,,,,,,,,27.64352556,24.31410658,25.35292586,26.36667208,26.85691439,27.3138648,25.36996802,25.16885617,25.61396256,25.813645,26.37884428,29.72701678,31.38752061,32.3880168,31.94072203,32.02596412,31.72795622,32.64323072,31.28616413,32.23548444,32.03717994,32.69048478,31.82368003,31.43103818,31.3913471,31.18910993,30.14428033,29.65810535,29.61284916,27.8951547,27.33536299,26.32627285,25.68946393,25.22266065,25.23341626,24.09230731,23.75291386,22.99685549,22.70739012,23.0099457,22.1135825,22.39058684,
EUU,TM.VAL.TRAN.ZS.WT,,,,,,,,,,,,,,,,37.49140912,42.2527304,40.72113823,39.86998557,40.39823615,39.41548237,40.59697227,38.87898835,38.36102324,38.0345689,36.57084771,33.69527907,33.63557309,33.38498099,33.46497922,30.12598202,29.10893554,27.15452572,26.4757069,26.73504976,26.26344671,25.69884509,25.81631391,24.29645782,22.96585201,23.08594462,22.51226454,23.02863417,23.08310967,23.88764551,23.5301323,23.71754469,24.12251703,24.16743043,21.49723765,23.37286919,23.06518097,22.81743249,21.7582977,21.04635899,20.81072993,20.15870278,
EUU,TM.VAL.SERV.CD.WT,,,,,,,,,,,,,,,,85875861938,93799202524,1.07208E+11,1.28831E+11,1.61108E+11,1.97441E+11,1.87728E+11,1.78535E+11,1.67125E+11,1.63611E+11,1.69754E+11,2.14402E+11,2.63256E+11,2.95929E+11,3.16154E+11,4.01964E+11,4.1353E+11,4.83727E+11,4.50477E+11,4.7381E+11,5.51538E+11,5.71555E+11,5.68314E+11,6.13685E+11,6.66919E+11,6.73014E+11,6.92761E+11,7.40053E+11,8.75803E+11,1.05049E+12,1.14112E+12,1.25668E+12,1.48563E+12,1.67093E+12,1.45657E+12,1.49409E+12,1.64402E+12,1.61328E+12,1.74353E+12,1.87824E+12,1.74557E+12,1.78959E+12,
EUU,TM.VAL.OTHR.ZS.WT,,,,,,,,,,,,,,,,30.69051735,29.42465393,29.88624227,29.58319086,28.56547841,29.22052951,29.92799172,31.51563166,31.80528361,31.69135502,32.35592535,31.87503773,30.2784994,28.98071938,29.14969888,32.19919812,32.81389831,32.45337812,35.35635389,36.11131395,36.54335357,36.40831565,36.85836041,39.22073239,41.90082442,42.67508878,44.02262361,43.2886492,43.26387857,43.72602535,44.55170676,44.93099587,45.39169673,45.52087424,47.82191861,47.27316568,47.94656561,49.19836057,48.1586497,48.59476455,50.29725531,50.5788723,
EUU,TM.VAL.MRCH.XD.WD,,,,,,,,,,,,,,,,,,,,,,,,,,,,,,,,,,,,,,,,,,,,,,,,,,,,,,,,,,
EUU,TM.VAL.MRCH.WR.ZS,0.023969778,0.034809283,0.037025425,0.028805444,0.02654068,0.026335906,0.02765037,0.043090497,0.040599207,0.042802901,0.040102318,0.03606018,0.044430402,0.037999645,0.0375049,0.038202506,0.046903284,0.0595973,0.058836814,0.047226426,0.045904003,0.063643074,0.070316915,0.084731516,0.07310232,0.08237178,0.069747336,0.061433723,0.053481619,0.046893254,0.032329377,0.021206177,0.111607359,0.217686751,0.195469051,0.239487951,0.225437685,0.191364684,0.173708722,0.159217076,0.206702426,0.219593881,0.229342325,0.268175237,0.322666936,0.342392383,0.377524216,0.494784463,0.57756374,0.429415965,0.448636945,0.48044751,0.485544204,0.48303446,0.463561415,0.410809633,0.40682444,
EUU,TM.VAL.MRCH.WL.CD,48602870000,51767800000,56231630000,62314610000,70608590000,76815280000,83145360000,86097870000,95617630000,1.13076E+11,1.35404E+11,1.5036E+11,1.78887E+11,2.49344E+11,3.44968E+11,3.57071E+11,4.02893E+11,4.51547E+11,5.24281E+11,6.84236E+11,8.18817E+11,7.30347E+11,6.90946E+11,6.63333E+11,6.71185E+11,7.04769E+11,8.22132E+11,1.0026E+12,1.1316E+12,1.21584E+12,1.45487E+12,1.49691E+12,1.55936E+12,1.36335E+12,1.55101E+12,1.88021E+12,1.94028E+12,2.13304E+12,2.23865E+12,2.32675E+12,2.50998E+12,2.48316E+12,2.60191E+12,3.13695E+12,3.77664E+12,4.1558E+12,4.77477E+12,5.5768E+12,6.26473E+12,4.72139E+12,5.32333E+12,6.24424E+12,5.87592E+12,5.9215E+12,6.04257E+12,5.23871E+12,5.25751E+12,
EUU,TM.VAL.MRCH.RS.ZS,10.15946178,10.18370493,10.21350439,10.58570374,10.34925071,10.45644825,10.33387792,10.49783229,11.40111923,11.97800546,13.35386892,13.5055083,13.57191818,13.24936322,12.29995445,12.68195386,12.61738858,12.59999265,12.62014406,12.19359839,11.73934113,11.84560609,11.93822725,12.35281534,12.20504176,11.97476001,11.93661534,11.40280561,11.26021392,10.86944946,10.26371544,10.16856613,9.091816997,6.958335316,7.086154726,7.135550014,6.986440312,6.347371919,5.799037581,0.88802119,1.2855548,1.480551133,1.24202915,0.773219093,0.662678703,1.196709409,1.572805615,0.699898428,0.667112624,0.718694896,0.660778022,0.471442737,0.544497869,0.587416904,0.566015575,0.44946283,0.505644165,
EUU,TM.VAL.MRCH.R6.ZS,4.833438848,4.925165837,4.741815238,4.783131917,5.42602536,5.311859828,5.25903069,5.081391677,4.88068989,4.925896725,4.436007678,4.022709241,4.01772422,3.873089432,4.490750921,3.933684135,3.682498803,4.057072842,3.64162912,3.700739855,3.974220003,3.326720012,3.246556407,3.276122404,3.619880482,3.727622772,2.700065336,2.109805646,2.005706868,1.943515146,1.978892518,1.84488624,1.717511045,1.571315059,1.585756582,1.506856397,1.555777278,1.5609903,1.437442974,1.37243941,1.463491249,1.607076678,1.532323188,1.470712549,1.346565334,1.452690736,1.447313097,1.442952713,1.670703271,1.551012537,1.539204736,1.888435219,2.047074675,1.917704647,1.876136373,1.593610487,1.37118511,
EUU,TM.VAL.MRCH.R5.ZS,1.855034487,1.731674902,1.605270912,1.539863605,1.306838162,1.157478043,1.068345846,1.016889268,0.952868211,0.774428295,0.675071202,0.63310223,0.609581989,0.605216232,0.53042997,0.532643644,0.62523267,0.629907206,0.554401021,0.563004356,0.500263503,0.474216312,0.592229946,0.485411565,0.564541846,0.5538968,0.515903075,0.564253782,0.571156097,0.57448174,0.634438064,0.639175285,0.658039341,0.825351093,0.841759659,0.814149137,0.833908641,0.840902476,0.818863689,0.763042098,0.771401131,0.780237523,0.784919015,0.809482416,0.849449144,0.84071231,0.875343258,0.921475893,0.966570468,1.086696179,1.165487553,1.256942982,1.188964502,1.229420144,1.27162943,1.346740859,1.364062962,
EUU,TM.VAL.MRCH.R4.ZS,5.049146275,5.055864843,5.131578082,5.099574562,4.981079498,4.960953081,4.645430605,4.767644078,5.12331251,4.758315408,4.444765936,4.467096087,3.926289717,4.100809372,7.230534341,6.38401293,6.712227344,6.035793331,5.669337183,5.566235422,5.997742515,4.995981394,5.95893129,5.855788132,5.58657995,5.481034656,2.981479678,2.949440581,2.428268814,2.715199171,2.963348459,2.680021318,2.494247661,2.524489462,2.230315002,2.041988808,2.177422752,2.030697838,1.666098899,1.793931072,2.352204293,2.141690959,1.949663675,1.952049338,1.997304171,2.413556921,2.530912343,2.394575919,2.817828424,2.295731535,2.512552475,2.186468191,2.462543518,2.124139939,1.857310567,1.523104618,1.429209053,
EUU,TM.VAL.MRCH.R3.ZS,5.463627971,5.024571259,5.337992159,5.211715198,4.930292476,4.67854833,4.440259805,4.258456104,3.693272883,3.630498755,3.371438093,3.09282681,3.031492272,3.128728728,2.800570173,2.786338615,2.707901073,3.095851067,2.765883002,2.797355206,2.902611466,3.20811581,3.146221508,3.348872652,3.381935247,3.332399786,2.47180188,2.222947405,2.263463621,2.234958531,2.075565278,2.045968719,1.88877749,1.893836641,2.013422661,1.920824321,1.818040597,1.848200519,1.778592786,1.69072217,1.722841141,1.740931748,1.69956507,1.67958458,1.687210609,1.763049808,1.804507232,1.902039508,2.040471851,1.910387409,2.028256498,2.169232913,2.185504097,1.988178196,1.897661032,1.792381728,1.723723351,
EUU,TM.VAL.MRCH.R2.ZS,0.801495879,0.881068927,0.932073283,0.955393928,0.855051772,0.907410609,0.945079798,1.014926386,1.013955272,0.940780355,1.072561984,1.035983291,1.054029678,1.101735432,0.936542123,0.94592441,0.987810423,0.916441084,0.917895493,0.902987564,0.838812578,0.883269176,0.886065317,0.939624922,1.017789777,1.031688253,0.987436149,0.984710285,0.924868739,0.921447953,0.808341828,0.77363963,1.352693904,3.368242605,3.74702753,3.804471689,3.841346198,3.655901317,3.362232138,3.409341252,4.129893816,4.405766406,4.602643651,4.946222434,5.471385571,6.229082614,6.859681631,6.819035538,7.633980581,6.690636044,7.377709229,8.231108644,8.37321408,8.510563324,8.002391328,6.760228218,6.443643054,
EUU,TM.VAL.MRCH.R1.ZS,1.540238262,1.305077674,1.132672128,1.119929981,1.248006794,1.305833943,1.67956456,1.474566096,1.326941486,1.296847433,1.173405652,1.12324999,1.105066503,1.256420256,1.169711405,1.153671716,1.246491084,1.399470434,1.440931059,1.507876765,1.495330074,1.434206395,1.422226943,1.465226039,1.580240742,1.556129328,1.626515538,1.730118279,1.87381393,1.971364984,2.039031811,2.51575622,2.782633535,3.475588802,3.521310014,3.48876424,3.838854212,3.970085527,4.156582701,4.298699048,4.874813996,5.010318561,5.271028078,5.733846131,6.033090418,6.440453804,6.774259052,7.342438011,7.362125684,7.98276588,8.763191845,8.278225986,8.109041886,8.089861086,8.513899404,9.575024079,9.433990066,
EUU,TM.VAL.MRCH.OR.ZS,19.51901194,18.88861416,18.84437638,18.68080375,18.72075338,18.29574793,18.01006093,17.57078311,16.95044104,16.28396407,15.13314823,14.33890747,13.69975398,14.02799981,17.12103403,15.69807294,15.91525811,16.07493866,14.93124006,14.99097274,15.66307614,14.25886603,15.18191449,15.2863142,15.67786572,15.60039982,11.21345432,10.49984225,10.01379645,10.31407427,10.46728858,10.47824123,10.78229562,13.44113691,13.7441224,13.33756664,13.83991199,13.71541329,13.04610447,13.16895797,15.1079432,15.46642799,15.61080035,16.32372221,17.06233831,18.79715381,19.9144924,20.32773312,21.91411654,21.08781362,22.93776539,23.52996643,23.88079855,23.37683288,22.95546672,22.18028036,21.35898916,
EUU,TM.VAL.MRCH.HI.ZS,70.2975565,70.89287163,70.90509381,70.70468707,70.90345523,71.22146792,71.62841077,71.8882941,71.60784052,71.69522757,71.47288053,72.11952405,72.68389744,72.68463733,70.54150661,71.58177069,71.42045002,71.26547138,72.38977906,72.76820244,72.55167873,73.83188481,72.80954134,72.27613895,72.04399019,72.34246839,76.780183,78.03591841,78.67250801,78.76958302,79.2366666,79.33198646,80.01428003,79.38284102,78.97425383,79.28739539,78.94821001,79.74585011,80.98114923,85.78380376,83.39979957,82.83342699,82.91782817,82.63488346,81.95231605,79.6637444,78.13517777,78.47758399,76.8412071,77.76407552,75.95281964,75.51814333,75.08915937,75.55271576,76.01495629,76.95944718,77.72854224,
EUU,TM.VAL.MRCH.CD.WT,58808064376,62604097869,68168319893,75735458999,85339763175,92757410900,1.00134E+11,1.03892E+11,1.13807E+11,1.33193E+11,1.54849E+11,1.71797E+11,2.05094E+11,2.85448E+11,3.93836E+11,4.08867E+11,4.62E+11,5.15951E+11,6.00366E+11,7.79082E+11,9.23475E+11,8.23694E+11,7.78465E+11,7.46088E+11,7.56129E+11,7.86326E+11,9.25002E+11,1.12602E+12,1.26564E+12,1.36141E+12,1.63826E+12,1.66479E+12,1.74351E+12,1.54069E+12,1.75224E+12,2.1236E+12,2.19448E+12,2.1908E+12,2.33046E+12,2.35374E+12,2.52053E+12,2.48643E+12,2.60198E+12,3.13768E+12,3.77426E+12,4.16092E+12,4.77427E+12,5.56409E+12,6.2483E+12,4.71122E+12,5.32517E+12,6.23546E+12,5.86389E+12,5.9204E+12,6.04119E+12,5.24063E+12,5.25631E+12,
EUU,TM.VAL.MRCH.AL.ZS,7.331027983,7.078898466,7.205321987,7.111269733,7.001286954,6.795223554,6.680757651,6.893782622,7.529856157,6.78862416,6.295680686,6.884529432,6.393785325,6.459656874,11.13703556,9.837553372,9.97924153,9.234146838,8.215693085,9.486189258,11.72367842,12.13023987,9.907482034,7.780514691,6.891293915,6.469138044,4.023803857,3.7076965,2.938985351,3.25343932,3.529464286,3.238619781,3.018812205,3.0604145,2.638101543,2.39503775,2.564052881,2.515798117,2.045698354,2.171694468,2.892002802,2.640866545,2.436622527,2.451763289,2.589037826,3.212049415,3.114222187,2.853884231,3.346917122,2.70404093,3.042756853,3.104818125,3.69368303,3.402836039,2.980066418,2.440556507,2.127521303,
EUU,TM.VAL.MMTL.ZS.UN,,,8.84197665,7.476093624,8.501269638,9.064118238,9.500509457,8.681669123,9.499382586,9.392382246,9.01335562,7.206428018,6.205939596,6.474610513,7.023533956,5.561663792,5.698423434,5.480241499,4.869770076,5.329486158,5.71285133,4.735592751,4.424095075,4.667015744,4.87485558,4.607349299,4.132840062,3.84780898,4.520391743,4.882117654,4.085856499,3.585391745,3.389827335,3.265253838,3.573485772,3.909780428,3.34361451,3.511230936,3.324438907,3.009232268,3.230878122,3.067891655,2.885669843,2.812534106,3.146654019,3.269077838,4.258910831,4.403238167,3.857353041,2.92954574,3.95560929,4.287244134,3.920313216,3.653105486,3.568729547,3.412608665,3.209371427,
EUU,TM.VAL.MANF.ZS.UN,,,50.41852796,45.87166694,46.08151324,46.62197225,48.51446993,49.30417986,51.25962153,53.40607441,54.40375692,56.97306409,56.40151257,55.7205262,49.90934832,51.4460437,53.00409334,54.89597798,57.74284673,56.46533058,53.92224149,52.69452925,53.79381718,55.23066103,55.60035158,57.56519295,65.97833274,68.48031198,70.34503155,70.34776884,71.14961819,71.79848367,72.08800715,70.93109415,72.31602751,73.76335581,73.19673296,74.14699088,77.07803322,77.39901565,72.73867591,73.88362331,74.46054811,73.94625109,73.16929821,71.75706768,70.04103505,70.09007325,66.80778586,67.39988689,67.49550912,66.41769923,64.64462739,66.07882434,68.42429363,73.52976454,74.45166318,
EUU,TM.VAL.INSF.ZS.WT,,,,,,,,,,,,,,,,4.174547967,4.008509088,4.039693637,4.180151491,4.179371053,4.050123322,4.105067996,4.436523815,4.219730599,5.1525631,5.422817306,4.702666414,4.698406895,5.24628283,5.444599868,5.648855735,6.386236946,7.942440561,7.183529902,5.034706138,5.278211252,5.325644028,5.600835326,5.144192943,5.843117978,5.099756165,5.352914758,5.984654122,6.00537,6.581044869,6.450823044,6.962139329,6.745142848,7.029923333,7.234950162,7.161286799,7.112810378,6.806542868,7.375662485,7.348930754,6.778432269,6.871838077,
EUU,TM.VAL.ICTG.ZS.UN,,,,,,,,,,,,,,,,,,,,,,,,,,,,,,,,,,,,,,,,,12.55141584,11.82651483,10.76112513,10.46031326,10.74731304,10.53607604,10.31831036,8.928112874,8.144407979,8.076344297,9.051735888,7.848482218,7.390532952,7.265597669,7.411536759,7.901076294,,
EUU,TM.VAL.FUEL.ZS.UN,,,14.44211326,12.7620096,12.42598427,11.74304125,10.90297979,12.23195366,11.32245651,10.09470978,11.25712319,13.57521516,12.43808715,12.76610441,21.6765433,20.92481468,21.41494146,18.70804631,17.09706336,19.39620344,22.90951569,25.34261331,24.36055259,22.64161449,22.15791993,20.94530408,12.30527221,10.75651479,8.10372476,8.924335694,9.850353546,9.582190022,8.835607432,8.712263118,7.896261019,6.955823606,8.054822155,7.679027778,5.615657414,6.113395193,8.932427309,8.689595747,8.522326811,8.619446185,9.317855862,11.8543057,12.72736131,11.39680269,14.40448321,12.43597771,13.6973239,16.04450553,17.56124135,17.03801094,14.83678138,10.18391265,8.428050379,
EUU,TM.VAL.FOOD.ZS.UN,,,23.8044758,21.27504891,19.83823232,20.16328443,20.08220403,19.0294515,17.6258385,16.89031426,16.15577812,17.22467687,16.42814921,16.42057123,13.83672518,14.95015237,13.9170716,15.17309047,14.62099158,13.17905943,11.8699243,12.14924666,12.40467746,12.39167445,12.08825065,11.82432749,12.43789605,11.87510416,11.62017092,10.65090897,10.27409267,10.85992436,11.07467196,11.11386918,11.1517273,10.69632202,10.45512367,9.760374298,9.517660198,9.035693786,7.61432732,8.082929599,8.416680981,8.439058078,7.994015374,7.864504815,7.459144194,7.714634099,8.115443177,9.433878901,8.662325493,8.92134645,9.145208465,9.656277104,9.638876659,9.309831304,9.804626463,
EUU,TM.VAL.AGRI.ZS.UN,,,12.30517091,10.56660707,10.48470819,9.438422553,9.824037799,8.168833299,7.888099922,7.702061896,6.784249854,6.273001778,6.123186544,6.456843847,5.434034588,4.615511197,5.103389919,4.928181185,4.596408198,4.571704639,4.130612865,3.804776046,3.612302189,3.723858787,4.027322558,3.727035549,3.676042826,3.770877427,3.784314698,3.598539631,3.133921712,2.732718962,2.722805731,2.514823059,2.817152286,2.920849594,2.459473337,2.408652149,2.255718673,2.070069085,2.052034349,1.910079972,1.893269014,1.806310791,1.676627838,1.605923705,1.524866943,1.526603617,1.380995058,1.334569613,1.507329635,1.589460174,1.475258119,1.510024305,1.492175738,1.36559549,1.397866236,
EUU,TM.TAX.TCOM.WM.FN.ZS,,,,,,,,,,,,,,,,,,,,,,,,,,,,,3.47,3.32,4.21,4.57,5.03,5.2,5,9.94,7.69,7.39,6.38,4.12,1.79,2.12,2.06,1.99,1.84,1.62,1.53,1.58,1.32,1.67,1.48,1.35,1.26,1.34,1.32,1.47,1.89,
EUU,TM.TAX.TCOM.WM.AR.ZS,,,,,,,,,,,,,,,,,,,,,,,,,,,,,2.73,2.71,3.7,3.73,4.06,3.62,3.54,8.79,6.23,5.58,4.8,3.31,0.91,1.64,1.04,0.99,0.73,0.75,0.59,0.61,0.46,0.58,0.57,0.46,0.43,0.43,0.69,0.75,0.89,
EUU,TM.TAX.TCOM.SR.ZS,,,,,,,,,,,,,,,,,,,,,,,,,,,,,26.98232,25.49622,16.93116,15.96301,17.05738,16.6389,17.45752,25.51019,37.6087,36.77582,29.85218,40.8425,25.88154,26.80114,34.38274,31.54522,23.56445,21.33408,26.23838,25.48423,22.15982,22.32976,25.77638,25.71524,27.78579,26.80639,26.38892,26.24227,25.36446,
EUU,TM.TAX.TCOM.SM.FN.ZS,,,,,,,,,,,,,,,,,,,,,,,,,,,,,6.9,7,7.77,7.68,7.8,7.66,7.88,17.5,13.59,13.62,11.49,7.77,4.61,4.73,4.72,4.71,4.79,4.74,4.73,4.93,4.84,4.89,4.99,4.99,5.69,5.6,5.57,5.58,5.69,
EUU,TM.TAX.TCOM.SM.AR.ZS,,,,,,,,,,,,,,,,,,,,,,,,,,,,,5.87,6.23,7.38,7.18,7.44,6.31,6.34,12.97,9.73,9.31,7.96,6.21,2.97,3.98,2.58,2.54,2.62,2.6,2.42,2.42,2.26,2.42,2.44,2.12,2.22,2.18,2.58,2.5,2.43,
EUU,TM.TAX.TCOM.IP.ZS,,,,,,,,,,,,,,,,,,,,,,,,,,,,,15.13533,15.71462,20.69455,20.98832,20.60003,17.09331,17.62777,25.71892,30.76033,27.75367,21.33961,12.61151,6.08252,8.246401,4.836339,5.639287,5.909031,6.375638,4.975795,5.722136,5.317493,5.372413,6.383808,4.774599,4.4329,5.255677,7.86377,7.197316,6.987795,
EUU,TM.TAX.TCOM.BR.ZS,,,,,,,,,,,,,,,,,,,,,,,,,,,,,,,,,,,,10.36,11.62,10.59,10.46,10.89,4.59,4.59,4.79,4.79,4.79,4.79,4.79,5,5,5,5,5,5.75,5.75,5.75,5.75,5.75,
EUU,TM.TAX.TCOM.BC.ZS,,,,,,,,,,,,,,,,,,,,,,,,,,,,,,,,,,,,100,100,100,100,100,100,100,100,100,100,100,100,100,100,100,100,100,100,100,100,100,100,
EUU,TM.TAX.MRCH.WM.FN.ZS,,,,,,,,,,,,,,,,,,,,,,,,,,,,,4.73,4.73,6.22,5.92,6.33,6.3,6.14,7.36,5.75,5.79,4.6,3.63,2.68,2.88,2.99,2.97,2.84,2.69,2.63,2.59,2.4,2.63,2.48,2.43,2.3,2.43,2.41,2.56,2.77,
EUU,TM.TAX.MRCH.WM.AR.ZS,,,,,,,,,,,,,,,,,,,,,,,,,,,,,3.59,3.77,5.05,4.74,4.46,4.12,4.44,6.27,4.01,3.62,3.29,3.13,1.67,2.32,1.75,1.66,1.47,1.66,1.62,1.58,1.15,1.26,1.58,1.08,1.02,1.04,1.51,1.57,1.6,
EUU,TM.TAX.MRCH.SR.ZS,,,,,,,,,,,,,,,,,,,,,,,,,,,,,12.71628,17.69554,5.047931,4.237892,4.532078,4.407461,4.565684,6.798499,11.85437,11.2955,8.700487,13.95402,7.199114,7.468193,11.60093,10.91687,6.791642,5.60961,7.145239,6.821628,5.661909,5.766441,7.144056,7.083234,7.426126,7.337349,7.283516,7.243509,6.791332,
EUU,TM.TAX.MRCH.SM.FN.ZS,,,,,,,,,,,,,,,,,,,,,,,,,,,,,6.24,6.26,8.35,7.15,7.25,7.18,7.19,8.99,7.34,7.5,6.48,5.29,4.4,4.47,4.62,4.41,4.22,4.2,4.18,4.06,4.05,4.05,4.22,4.23,4.42,4.4,4.39,4.39,4.38,
EUU,TM.TAX.MRCH.SM.AR.ZS,,,,,,,,,,,,,,,,,,,,,,,,,,,,,3.14,3.49,6.12,4.82,4.03,3.68,4.35,5.72,3.9,3.31,3.68,3.97,2.3,3.08,1.81,1.74,1.79,1.76,1.79,1.7,1.6,1.62,1.89,1.54,1.57,1.55,2.1,2.06,1.92,
EUU,TM.TAX.MRCH.IP.ZS,,,,,,,,,,,,,,,,,,,,,,,,,,,,,4.209674,4.33863,11.47864,6.273315,6.249241,5.056185,5.131768,7.355046,9.712525,8.587495,6.32093,4.390583,1.821503,2.453426,2.075775,2.157062,1.797052,1.772612,1.452121,1.632861,1.432872,1.457772,1.873789,1.386644,1.248809,1.496119,2.269145,2.102112,1.970677,
EUU,TM.TAX.MRCH.BR.ZS,,,,,,,,,,,,,,,,,,,,,,,,,,,,,,,,,,,,5.47,5.73,5.5,5.47,5.56,4.11,4.11,4.17,4.17,4.17,4.17,4.17,4.18,4.18,4.18,4.18,4.18,4.38,4.38,4.38,4.38,4.38,
EUU,TM.TAX.MRCH.BC.ZS,,,,,,,,,,,,,,,,,,,,,,,,,,,,,,,,,,,,100,100,100,100,100,100,100,100,100,100,100,100,100,100,100,100,100,100,100,100,100,100,
EUU,TM.TAX.MANF.WM.FN.ZS,,,,,,,,,,,,,,,,,,,,,,,,,,,,,5.84,5.8,7.6,6.79,7.15,7.01,6.82,6.4,5.03,5.23,4.1,3.5,3.09,3.24,3.43,3.44,3.32,3.27,3.3,3.18,3.16,3.18,3.15,3.22,3.19,3.24,3.24,3.3,3.22,
EUU,TM.TAX.MANF.WM.AR.ZS,,,,,,,,,,,,,,,,,,,,,,,,,,,,,4.32,4.57,5.99,5.39,4.78,4.47,4.96,5.3,3.14,2.87,2.86,3.1,2,2.64,2.07,1.98,1.82,2.15,2.24,2.15,1.63,1.65,2.24,1.54,1.51,1.48,2.12,2.11,1.95,
EUU,TM.TAX.MANF.SR.ZS,,,,,,,,,,,,,,,,,,,,,,,,,,,,,7.791177,15.07648,0.8980715,0.1205882,0.2357272,0.3275069,0.144989,0.7623338,0.3152843,0.1578368,0.2622062,0.7419519,0.1576275,0.2596901,0.188365,0.1791334,0.1891851,0.176629,0.1733945,0.1875017,0.1686227,0.1750877,0.197045,0.1749071,0.178014,0.1795815,0.2657372,0.2685423,0.2649594,
EUU,TM.TAX.MANF.SM.FN.ZS,,,,,,,,,,,,,,,,,,,,,,,,,,,,,6.07,6.06,8.53,7.02,7.12,7.07,7.02,6.57,5.56,5.77,5.05,4.59,4.36,4.42,4.61,4.35,4.09,4.08,4.06,3.85,3.86,3.85,4.04,4.04,4.05,4.05,4.05,4.05,4,
EUU,TM.TAX.MANF.SM.AR.ZS,,,,,,,,,,,,,,,,,,,,,,,,,,,,,2.55,2.84,5.86,4.33,3.3,3.15,3.96,4.23,2.72,2.11,2.84,3.52,2.18,2.92,1.67,1.59,1.64,1.61,1.67,1.56,1.47,1.47,1.78,1.43,1.44,1.43,2.01,1.98,1.82,
EUU,TM.TAX.MANF.IP.ZS,,,,,,,,,,,,,,,,,,,,,,,,,,,,,0.4065226,0.4008741,8.29889,1.111032,1.331585,1.044082,0.8497304,1.446893,0.2822267,0.2100069,0.3297073,0.3513515,0.215942,0.2939601,0.6945961,0.3452651,0.1787276,0.1825088,0.165714,0.1794945,0.13961,0.1364979,0.1925616,0.1306828,0.1154572,0.11408,0.2143994,0.2318268,0.207973,
EUU,TM.TAX.MANF.BR.ZS,,,,,,,,,,,,,,,,,,,,,,,,,,,,,,,,,,,,4.1,4.09,4.08,4.08,4.08,3.99,3.99,4.03,4.03,4.03,4.03,4.03,3.98,3.98,3.98,3.98,3.98,3.98,3.98,3.98,3.98,3.98,
EUU,TM.TAX.MANF.BC.ZS,,,,,,,,,,,,,,,,,,,,,,,,,,,,,,,,,,,,100,100,100,100,100,100,100,100,100,100,100,100,100,100,100,100,100,100,100,100,100,100,
EUU,TM.QTY.MRCH.XD.WD,,,,,,,,,,,,,,,,,,,,,,,,,,,,,,,,,,,,,,,,,,,,,,,,,,,,,,,,,,
EUU,TG.VAL.TOTL.GD.ZS,31.72916823,30.83849281,30.0942006,30.31415868,30.76804347,30.64551285,30.68830751,29.85922946,31.50409223,33.54869257,33.03924457,32.741941,32.80351582,35.6810019,42.78335051,38.51287755,41.68599104,41.80317042,40.38932489,42.46586098,43.60016144,44.78784341,44.58176565,44.48136985,47.34012148,47.91778957,42.06320788,41.31977914,41.40064193,43.44095683,42.01541784,40.60995441,39.50434906,39.49826454,42.44548455,44.74817588,45.27688947,47.84551388,48.80981082,49.17689143,55.86604148,55.07592241,53.40721352,52.64208949,54.64541385,57.07703613,60.8856388,61.40262295,63.74256508,54.49294508,61.84452667,67.17117106,67.50917539,66.55257052,65.48217977,64.78847951,64.50790914,
EUU,ST.INT.XPND.MP.ZS,,,,,,,,,,,,,,,,,,,,,,,,,,,,,,,,,,,,8.426295168,8.491421392,8.068817499,8.14264597,8.225624342,7.845381112,7.747151287,7.813737794,7.716108949,7.229048164,6.857603774,6.264117624,6.143426737,5.848963975,6.449179856,5.810595927,5.437603236,5.515521856,5.606581833,5.755123928,5.776824661,5.851761811,
EUU,ST.INT.XPND.CD,,,,,,,,,,,,,,,,,,,,,,,,,,,,,,,,,,,,2.07619E+11,2.15192E+11,2.04235E+11,2.17398E+11,2.26404E+11,2.25142E+11,2.24186E+11,2.4057E+11,2.84804E+11,3.22402E+11,3.39482E+11,3.5457E+11,4.07925E+11,4.35779E+11,3.72563E+11,3.70584E+11,4.01535E+11,3.85356E+11,4.05577E+11,4.32225E+11,3.81032E+11,3.88375E+11,
EUU,ST.INT.TVLX.CD,,,,,,,,,,,,,,,,,,,,,,,,,,,,,,,,,,,,1.81859E+11,1.89563E+11,1.82984E+11,1.94032E+11,1.985E+11,1.98157E+11,1.9677E+11,2.09568E+11,2.49348E+11,2.8007E+11,2.96926E+11,3.11096E+11,3.59647E+11,3.92274E+11,3.36562E+11,3.31277E+11,3.58305E+11,3.40383E+11,3.61493E+11,3.89015E+11,3.39923E+11,3.4826E+11,
EUU,ST.INT.TVLR.CD,,,,,,,,,,,,,,,,,,,,,,,,,,,,,,,,,,,,1.85894E+11,1.94408E+11,1.90994E+11,2.0335E+11,2.05448E+11,2.03613E+11,1.99659E+11,2.13088E+11,2.49937E+11,2.88952E+11,3.02544E+11,3.29645E+11,3.77504E+11,4.07074E+11,3.52162E+11,3.43828E+11,3.90926E+11,3.76333E+11,4.07523E+11,4.30855E+11,3.72219E+11,3.78784E+11,
EUU,ST.INT.TRNX.CD,,,,,,,,,,,,,,,,,,,,,,,,,,,,,,,,,,,,,,,,,,,,,,,,,,,,,,,,,,
EUU,ST.INT.TRNR.CD,,,,,,,,,,,,,,,,,,,,,,,,,,,,,,,,,,,,,,,,,,,,,,,,,,,,,,,,,,
EUU,ST.INT.RCPT.XP.ZS,,,,,,,,,,,,,,,,,,,,,,,,,,,,,,,,,,,,8.334845457,8.507297767,8.277257124,8.238695642,8.62624834,8.274911858,8.001537393,7.724252103,7.545849154,7.24223061,6.881592029,6.571560056,6.380452815,6.121887805,6.649345658,5.993335472,5.824167541,5.908267032,6.029180118,6.124244192,6.007421201,6.080313181,
EUU,ST.INT.RCPT.CD,,,,,,,,,,,,,,,,,,,,,,,,,,,,,,,,,,,,2.15718E+11,2.27009E+11,2.20364E+11,2.33133E+11,2.42614E+11,2.38183E+11,2.36084E+11,2.50532E+11,2.92443E+11,3.39476E+11,3.48521E+11,3.7707E+11,4.3083E+11,4.58282E+11,3.96298E+11,3.91413E+11,4.42469E+11,4.34636E+11,4.65987E+11,4.92468E+11,4.31568E+11,4.38943E+11,
EUU,ST.INT.DPRT,,,,,,,,,,,,,,,,,,,,,,,,,,,,,,,,,,,,,270816555.2,286104530.9,311385515.4,324405341.7,342743430.4,342531933.1,342945457.6,349214615.6,358540812.6,380492046.7,382290073.6,405085982.8,416314462.9,389170491.9,390030519.2,395815785.5,395747351,406156293.2,394574413.2,416959336.8,444983917.5,
EUU,ST.INT.ARVL,,,,,,,,,,,,,,,,,,,,,,,,,,,,,,,,,,,,258870000,267764000,285078000,297044000,306801000,324840000,320374000,325998000,327323000,337254000,354140000,374184000,385690000,381017000,362791000,371704000,391782000,401945000,419948000,440496000,461988000,482410000,
EUU,NY.EXP.CAPM.KN,,,,,,,,,,,,,,,,,,,,,,,,,,,,,,,,,,,,,,,,,,,,,,,,,,,,,,,,,,
EUU,NE.TRD.GNFS.ZS,38.88493235,38.35307134,37.95993214,38.39138727,38.84283999,38.62047985,39.08161962,38.34331817,40.02618742,41.87062458,39.85644351,39.5427011,39.50551446,42.30367305,49.8220603,45.56354881,48.35428399,48.65029838,47.02968968,49.50615967,51.05955219,52.94291363,52.87810546,52.93787223,56.03134446,56.33983032,50.02942105,49.44073384,50.05120881,52.5525949,51.56672041,51.27249578,51.05381781,50.28432969,52.73281845,55.73791453,56.44064475,59.72640205,60.59341081,61.43406188,68.5273963,67.8885023,65.69874848,64.63255731,67.28124006,70.29857754,74.75759957,75.82080652,77.43327137,68.26891474,75.79051996,81.02372165,82.48700804,82.09189674,82.59364327,83.04811138,82.62910677,
EUU,NE.RSB.GNFS.ZS,-0.056733563,-0.243317478,-0.561333879,-1.220210654,-1.373708607,-0.850865322,-0.838557132,-0.770669371,-0.446458107,-0.410042517,-0.527984161,-0.089848209,-0.06776128,-0.795643971,-2.331508267,-1.064380642,-1.764483189,-1.021547028,-0.086622087,-1.054891089,-2.193749241,-1.492630667,-1.332768839,-0.661433706,-0.282037186,-0.102890006,0.360938923,-0.201659854,-0.648069433,-1.011809466,-0.515078617,-0.309875258,-0.139911093,0.999223004,1.256198294,1.411324166,1.433889995,1.679278258,1.206155574,0.717671784,0.210025952,0.720068092,1.384846911,1.059680917,1.185296665,0.814199102,0.546554945,0.716663727,0.257832974,0.977079775,0.838640807,0.980137323,1.902646542,2.5137398,2.704209409,3.359594312,3.260503593,
EUU,NE.RSB.GNFS.CD,,,,,,,,,,,,,,,,,,,,,,,,,,,,,,,,,,,,,,,,,,,,,,,,,,,,,,,,,,
EUU,NE.IMP.GNFS.ZS,19.47083296,19.29819441,19.26063301,19.80579896,20.1082743,19.73567259,19.96008838,19.55699377,20.23632276,21.14033355,20.19221383,19.81627466,19.78663787,21.54965851,26.07678429,23.31396473,25.05938359,24.8359227,23.55815588,25.28052538,26.62665072,27.21777215,27.10543715,26.79965297,28.15669082,28.22136016,24.83424106,24.82119685,25.34963912,26.78220218,26.04089951,25.79118552,25.59686445,24.64255334,25.73831008,27.16329518,27.50337738,29.02356189,29.69362762,30.35819505,34.15868518,33.5842171,32.15695078,31.7864382,33.0479717,34.74218922,37.10552231,37.5520714,38.5877192,33.64591748,37.47593957,40.02179216,40.29218075,39.78907847,39.94471693,39.84425853,39.68430159,
EUU,NE.IMP.GNFS.KD.ZG,,6.128443839,7.448344302,10.37122435,9.728110454,5.657998114,7.904177736,5.720199907,9.508727939,13.50003078,11.12622676,4.978700185,9.087220695,10.89922355,2.493815538,-5.43722222,11.36757974,2.545444898,3.810807715,9.681243991,2.072759893,-1.590836376,1.153904019,1.413225576,6.503142342,4.616199252,5.085446901,7.562624316,7.433526424,7.941851823,3.7036411,2.725491077,4.20221615,-2.792422711,8.504470683,8.423488735,5.370618956,9.987172604,10.0970517,7.245536265,11.91007472,2.713739333,1.623503033,3.405408351,7.672648382,6.507337063,9.383446614,6.40261902,1.036215632,-11.44551792,9.741152062,4.325536558,-0.321582335,1.64612857,5.224156305,6.357574115,4.713565794,
EUU,NE.IMP.GNFS.KD,4.20509E+11,4.4628E+11,4.7952E+11,5.29252E+11,5.80738E+11,6.13596E+11,6.62096E+11,6.99969E+11,7.66528E+11,8.70009E+11,9.66808E+11,1.01494E+12,1.10717E+12,1.22785E+12,1.25847E+12,1.19004E+12,1.32532E+12,1.35905E+12,1.41085E+12,1.54743E+12,1.57951E+12,1.55438E+12,1.57232E+12,1.59454E+12,1.69823E+12,1.77663E+12,1.86697E+12,2.00817E+12,2.15744E+12,2.32879E+12,2.41504E+12,2.48086E+12,2.58511E+12,2.51292E+12,2.72663E+12,2.95631E+12,3.11508E+12,3.42619E+12,3.77213E+12,4.04545E+12,4.52726E+12,4.65012E+12,4.72561E+12,4.88654E+12,5.26147E+12,5.60385E+12,6.12968E+12,6.52214E+12,6.58973E+12,5.8355E+12,6.40394E+12,6.68095E+12,6.65946E+12,6.76909E+12,7.12271E+12,7.57555E+12,7.93262E+12,
EUU,NE.IMP.GNFS.CD,67992031491,72045854394,77557497662,86775194694,98146841737,1.04364E+11,1.14192E+11,1.20954E+11,1.30189E+11,1.50212E+11,1.71353E+11,1.90496E+11,2.28166E+11,3.13878E+11,4.27312E+11,4.46753E+11,4.99384E+11,5.61873E+11,6.54805E+11,8.5524E+11,1.02666E+12,9.24264E+11,8.84887E+11,8.45239E+11,8.53185E+11,8.84325E+11,1.06472E+12,1.31162E+12,1.4879E+12,1.60023E+12,1.93619E+12,1.96878E+12,2.11578E+12,1.87226E+12,2.08923E+12,2.54211E+12,2.62036E+12,2.6148E+12,2.77256E+12,2.84324E+12,2.97666E+12,2.97044E+12,3.11128E+12,3.74732E+12,4.49603E+12,4.96503E+12,5.67264E+12,6.64509E+12,7.41115E+12,5.77914E+12,6.40394E+12,7.40189E+12,7.02197E+12,7.24836E+12,7.51579E+12,6.61339E+12,6.67523E+12,
EUU,NE.EXP.GNFS.ZS,19.41409939,19.05487693,18.69929913,18.58558831,18.73456569,18.88480727,19.12153124,18.7863244,19.78986466,20.73029103,19.66422967,19.72642645,19.71887659,20.75401454,23.74527602,22.24958408,23.2949004,23.81437567,23.47153379,24.22563429,24.43290148,25.72514148,25.77266831,26.13821926,27.87465364,28.11847016,25.19517998,24.61953699,24.70156969,25.77039271,25.5258209,25.48131026,25.45695336,25.64177635,26.99450837,28.57461935,28.93726737,30.70284015,30.89978319,31.07586683,34.36871113,34.3042852,33.5417977,32.84611911,34.23326836,35.55638832,37.65207726,38.26873512,38.84555217,34.62299726,38.31458038,41.00192949,42.19482729,42.30281827,42.64892634,43.20385285,42.94480518,
EUU,NE.EXP.GNFS.KD.ZG,,6.007356534,5.810407775,6.197516923,9.224745868,8.774685091,7.45171068,4.486012707,11.40705091,12.67042933,11.25361017,6.622893532,7.745584684,10.87711245,6.973064428,-3.834833305,9.435464572,5.594204937,5.296503744,6.83894094,1.186525542,4.728561668,1.032575458,3.225799117,8.009163288,4.73873737,1.184089845,4.131958792,4.913126707,6.907154779,3.919418759,3.683391977,3.792630287,1.901018911,9.328247101,9.310186405,5.502204249,10.53009529,6.631243574,5.377536098,12.91117437,3.70275253,2.295543412,1.714228265,8.095621932,6.062859244,9.437054597,6.266876399,1.28121976,-11.70417809,10.65710923,6.658346028,2.2108118,2.148263826,4.678173924,6.199180896,3.391493856,
EUU,NE.EXP.GNFS.KD,4.08948E+11,4.33515E+11,4.58704E+11,4.87133E+11,5.32069E+11,5.78757E+11,6.21884E+11,6.49782E+11,7.23903E+11,8.15625E+11,9.07412E+11,9.67509E+11,1.04245E+12,1.15584E+12,1.23643E+12,1.18902E+12,1.30121E+12,1.374E+12,1.44677E+12,1.54572E+12,1.56406E+12,1.63802E+12,1.65493E+12,1.70831E+12,1.84514E+12,1.93257E+12,1.95546E+12,2.03625E+12,2.1363E+12,2.28385E+12,2.37337E+12,2.46079E+12,2.55412E+12,2.60267E+12,2.84546E+12,3.11037E+12,3.28151E+12,3.62706E+12,3.86758E+12,4.07556E+12,4.60176E+12,4.77215E+12,4.8817E+12,4.96538E+12,5.36736E+12,5.69278E+12,6.23001E+12,6.62043E+12,6.70526E+12,5.92046E+12,6.55141E+12,6.98763E+12,7.14211E+12,7.29554E+12,7.63684E+12,8.11026E+12,8.38532E+12,
EUU,NE.EXP.GNFS.CD,66255060547,70583995559,74906749803,81253057743,90828929474,1.00017E+11,1.09261E+11,1.15242E+11,1.26178E+11,1.45781E+11,1.68044E+11,1.90307E+11,2.2811E+11,3.05175E+11,3.96473E+11,4.31719E+11,4.68563E+11,5.41077E+11,6.53536E+11,8.20648E+11,9.45864E+11,8.79377E+11,8.44766E+11,8.26332E+11,8.43286E+11,8.79324E+11,1.08047E+12,1.30288E+12,1.45133E+12,1.54072E+12,1.89423E+12,1.94476E+12,2.10394E+12,1.95203E+12,2.18942E+12,2.68236E+12,2.77694E+12,2.78367E+12,2.90052E+12,2.92263E+12,3.00348E+12,3.04087E+12,3.24963E+12,3.88089E+12,4.662E+12,5.07516E+12,5.74432E+12,6.74904E+12,7.4417E+12,5.94525E+12,6.55141E+12,7.59764E+12,7.35894E+12,7.71156E+12,8.02649E+12,7.18567E+12,7.23998E+12,
EUU,MS.MIL.XPRT.KD,3483000000,2529000000,2657000000,3111000000,4068000000,3678000000,4514000000,5060000000,4644000000,4808000000,4850000000,7356000000,7245000000,6636000000,6614000000,7409000000,7477000000,8066000000,8649000000,8255000000,9421000000,11440000000,11262000000,10979000000,11018000000,9485000000,7996000000,8306000000,8114000000,8637000000,6573000000,6346000000,4760000000,5597000000,7318000000,5590000000,7173000000,8642000000,8094000000,6914000000,5515000000,5433000000,4749000000,5502000000,5883000000,7441000000,9049000000,10063000000,7863000000,8420000000,6807000000,7986000000,5693000000,6715000000,8024000000,7814000000,8855000000,
EUU,MS.MIL.MPRT.KD,6261000000,6040000000,6238000000,8874000000,12538000000,10280000000,7102000000,6972000000,7184000000,8522000000,7170000000,8957000000,7902000000,7409000000,7966000000,8906000000,7722000000,6843000000,8493000000,6996000000,7909000000,7930000000,7424000000,6495000000,5926000000,5035000000,6262000000,4784000000,6396000000,6005000000,5351000000,5791000000,6066000000,5173000000,4802000000,3452000000,3576000000,3691000000,5121000000,3496000000,3526000000,3647000000,2661000000,5082000000,4020000000,3124000000,4141000000,6028000000,3892000000,4099000000,3629000000,2032000000,2492000000,2135000000,1734000000,2544000000,2691000000,
EUU,LP.LPI.TRAC.XQ,,,,,,,,,,,,,,,,,,,,,,,,,,,,,,,,,,,,,,,,,,,,,,,,3.447037037,,,3.582142857,,3.513571429,,3.559709536,,3.65288475,
EUU,LP.LPI.TIME.XQ,,,,,,,,,,,,,,,,,,,,,,,,,,,,,,,,,,,,,,,,,,,,,,,,3.866666667,,,3.936071429,,3.8125,,3.970118929,,3.978450036,
EUU,LP.LPI.OVRL.XQ,,,,,,,,,,,,,,,,,,,,,,,,,,,,,,,,,,,,,,,,,,,,,,,,3.428518519,,,3.461071429,,3.466071429,,3.559711714,,3.610020357,
EUU,LP.LPI.LOGS.XQ,,,,,,,,,,,,,,,,,,,,,,,,,,,,,,,,,,,,,,,,,,,,,,,,3.41,,,3.390357143,,3.451071429,,3.530032786,,3.551477821,
EUU,LP.LPI.ITRN.XQ,,,,,,,,,,,,,,,,,,,,,,,,,,,,,,,,,,,,,,,,,,,,,,,,3.336666667,,,3.283928571,,3.336785714,,3.423086643,,3.489287464,
EUU,LP.LPI.INFR.XQ,,,,,,,,,,,,,,,,,,,,,,,,,,,,,,,,,,,,,,,,,,,,,,,,3.335555556,,,3.343214286,,3.442142857,,3.498028393,,3.557656036,
EUU,LP.LPI.CUST.XQ,,,,,,,,,,,,,,,,,,,,,,,,,,,,,,,,,,,,,,,,,,,,,,,,3.205925926,,,3.243928571,,3.250357143,,3.399095679,,3.434471464,
EUU,LP.IMP.DURS.MD,,,,,,,,,,,,,,,,,,,,,,,,,,,,,,,,,,,,,,,,,,,,,,,,3.142307692,,,2.78047619,,2.818181818,,1.772727273,,2.590909091,
EUU,LP.EXP.DURS.MD,,,,,,,,,,,,,,,,,,,,,,,,,,,,,,,,,,,,,,,,,,,,,,,,2.573076923,,,2.082857143,,1.909090909,,1.652173913,,2.090909091,
EUU,IC.IMP.TMDC,,,,,,,,,,,,,,,,,,,,,,,,,,,,,,,,,,,,,,,,,,,,,,,,,,,,,,,1.071428571,1.071428571,1.071428571,
EUU,IC.IMP.TMBC,,,,,,,,,,,,,,,,,,,,,,,,,,,,,,,,,,,,,,,,,,,,,,,,,,,,,,,1.714285714,1.714285714,1.714285714,
EUU,IC.IMP.DURS,,,,,,,,,,,,,,,,,,,,,,,,,,,,,,,,,,,,,,,,,,,,,,13.76,12.57692308,12.30769231,12.07407407,12.03703704,11.51851852,11.17857143,10.71428571,10.75,10.64285714,,,
EUU,IC.IMP.DOCS,,,,,,,,,,,,,,,,,,,,,,,,,,,,,,,,,,,,,,,,,,,,,,5.48,4.769230769,4.692307692,4.666666667,4.666666667,4.62962963,4.62962963,4.62962963,4.62962963,4.62962963,,,
EUU,IC.IMP.CSDC.CD,,,,,,,,,,,,,,,,,,,,,,,,,,,,,,,,,,,,,,,,,,,,,,,,,,,,,,,4.464285714,4.464285714,4.464285714,4.464285714
EUU,IC.IMP.CSBC.CD,,,,,,,,,,,,,,,,,,,,,,,,,,,,,,,,,,,,,,,,,,,,,,,,,,,,,,,29.21428571,29.21428571,29.21428571,29.21428571
EUU,IC.IMP.COST.CD,,,,,,,,,,,,,,,,,,,,,,,,,,,,,,,,,,,,,,,,,,,,,,988.44,993.6923077,994.1153846,1096.333333,1091.518519,1075.925926,1094.571429,1082.964286,1069.892857,1079.535714,,,
EUU,IC.EXP.TMDC,,,,,,,,,,,,,,,,,,,,,,,,,,,,,,,,,,,,,,,,,,,,,,,,,,,,,,,1.392857143,1.392857143,1.392857143,
EUU,IC.EXP.TMBC,,,,,,,,,,,,,,,,,,,,,,,,,,,,,,,,,,,,,,,,,,,,,,,,,,,,,,,8.107142857,8.107142857,8.107142857,
EUU,IC.EXP.DURS,,,,,,,,,,,,,,,,,,,,,,,,,,,,,,,,,,,,,,,,,,,,,,14.6,13.34615385,13.07692308,12.7037037,12.62962963,12.25925926,12.03571429,11.89285714,11.78571429,11.57142857,,,
EUU,IC.EXP.DOCS,,,,,,,,,,,,,,,,,,,,,,,,,,,,,,,,,,,,,,,,,,,,,,4.4,4.230769231,4.153846154,4.111111111,4.111111111,4.111111111,4.111111111,4.111111111,4.111111111,4.111111111,,,
EUU,IC.EXP.CSDC.CD,,,,,,,,,,,,,,,,,,,,,,,,,,,,,,,,,,,,,,,,,,,,,,,,,,,,,,,16.96428571,16.96428571,16.96428571,16.96428571
EUU,IC.EXP.CSBC.CD,,,,,,,,,,,,,,,,,,,,,,,,,,,,,,,,,,,,,,,,,,,,,,,,,,,,,,,85.10714286,85.10714286,85.21428571,85.21428571
EUU,IC.EXP.COST.CD,,,,,,,,,,,,,,,,,,,,,,,,,,,,,,,,,,,,,,,,,,,,,,926.44,930.2307692,929.1153846,1040.296296,1046.592593,1033.592593,1045.25,1039.178571,1034.642857,1042.142857,,,
EUU,IC.CUS.DURS.EX,,,,,,,,,,,,,,,,,,,,,,,,,,,,,,,,,,,,,,,,,,,,,,,,,,,,,,,,,3.491666667,
EUU,GC.TAX.IMPT.ZS,,,,,,,,,,,,,,,,,,,,,,,,,,,,,,,,,,,,,,,,,,,,,,,,,,,,,,,,,,
EUU,GC.TAX.EXPT.ZS,,,,,,,,,,,,,,,,,,,,,,,,,,,,,,,,,,,,,,,,,,,,,,,,,,,,,,,,,,
EUU,EG.IMP.CONS.ZS,29.58287908,31.63975272,35.12818703,38.66489663,39.86746146,42.65487769,45.42879952,48.45355824,51.03427038,53.65362288,53.01037764,49.4749652,51.13514928,52.41556873,51.04385386,47.69334848,49.08157396,46.53448604,47.07905827,46.39153536,44.88414908,42.05207526,38.86865721,36.93496774,37.90391287,35.97643229,36.0020067,37.22109861,38.06265216,40.09462774,42.17666605,42.76720444,42.10688214,41.81752355,41.01625134,41.3698355,41.68011097,41.59656517,43.54621312,43.03240023,43.94546752,45.21359325,45.16748259,46.73257633,47.54814826,49.32072512,50.59182194,51.04364878,51.09659285,50.29585464,51.29357669,51.34960562,51.37899815,51.17414946,50.47657843,,,
EUU,BX.GSR.TRVL.ZS,,,,,,,,,,,,,,,,24.34907909,23.05787481,25.24814133,26.01318283,26.1703878,25.55751851,23.80349566,24.84347938,26.39187026,27.38139779,27.90374207,29.01578649,30.41643655,30.84087107,30.53936465,30.20523813,30.66476357,31.3707085,31.32145425,32.41959767,32.67967208,32.62267164,31.79284583,31.7951833,31.23700907,30.27016232,28.59476704,27.24274691,26.82157694,25.50184357,23.97390795,23.28543995,22.28400502,21.70002483,21.52333352,20.4298285,20.54286087,19.779171,19.77512467,19.42337847,18.33573697,18.48537158,
EUU,BX.GSR.TRAN.ZS,,,,,,,,,,,,,,,,32.74049079,34.62073256,33.42311632,31.05766951,32.39565852,32.77723974,32.79611682,31.05344401,29.37317616,28.99855508,27.82259528,25.65897745,25.13944872,26.58842184,26.87544146,25.15606221,24.19189412,23.19947057,23.80686492,23.80927981,23.51513276,22.99313285,23.09141857,22.0427968,20.75042958,21.12709961,20.77444954,20.51060065,20.27391505,21.31697891,21.01240787,20.7980706,21.16386578,22.39042897,19.9501921,21.01970102,20.48166445,19.89082354,18.70572767,18.20654168,17.6391827,16.82337666,
EUU,BX.GSR.TOTL.CD,,,,,,,,,,,,,,,,5.15429E+11,5.62783E+11,6.47696E+11,7.91628E+11,1.00844E+12,1.18212E+12,1.1512E+12,1.11347E+12,1.05856E+12,1.08813E+12,1.13242E+12,1.35849E+12,1.62377E+12,1.8268E+12,1.9725E+12,2.40218E+12,2.42222E+12,2.6045E+12,2.43946E+12,2.60377E+12,3.18501E+12,3.31543E+12,3.33872E+12,3.48152E+12,3.55966E+12,3.69693E+12,3.72094E+12,3.91672E+12,4.67626E+12,5.79715E+12,6.49589E+12,7.58508E+12,9.18633E+12,9.84921E+12,7.64096E+12,8.27404E+12,9.59766E+12,9.18343E+12,9.5604E+12,9.87306E+12,8.74855E+12,8.74134E+12,
EUU,BX.GSR.NFSV.CD,,,,,,,,,,,,,,,,98344621604,1.07731E+11,1.25504E+11,1.5664E+11,1.90837E+11,2.25403E+11,2.12863E+11,2.0431E+11,1.95479E+11,1.94197E+11,2.05159E+11,2.52155E+11,3.04117E+11,3.26865E+11,3.42471E+11,4.32958E+11,4.38809E+11,5.0262E+11,4.72446E+11,5.01222E+11,5.82239E+11,6.11211E+11,6.17836E+11,6.5894E+11,7.00682E+11,7.05627E+11,7.30964E+11,8.03177E+11,9.50951E+11,1.15191E+12,1.26429E+12,1.42555E+12,1.70625E+12,1.89413E+12,1.65203E+12,1.69629E+12,1.91611E+12,1.90425E+12,2.06408E+12,2.21832E+12,2.02982E+12,2.04945E+12,
EUU,BX.GSR.MRCH.CD,,,,,,,,,,,,,,,,3.74315E+11,4.10766E+11,4.73902E+11,5.68123E+11,7.11376E+11,8.08084E+11,7.594E+11,7.28819E+11,7.09342E+11,7.30189E+11,7.63777E+11,9.20193E+11,1.10109E+12,1.22433E+12,1.29681E+12,1.546E+12,1.52741E+12,1.61842E+12,1.47795E+12,1.67795E+12,2.08441E+12,2.15489E+12,2.15849E+12,2.2327E+12,2.21555E+12,2.28347E+12,2.30025E+12,2.43129E+12,2.89958E+12,3.5094E+12,3.80025E+12,4.31236E+12,5.0461E+12,5.59183E+12,4.30793E+12,4.83451E+12,5.68101E+12,5.45215E+12,5.66478E+12,5.82297E+12,5.1541E+12,5.16963E+12,
EUU,BX.GSR.INSF.ZS,,,,,,,,,,,,,,,,2.284915568,2.392172074,2.357989002,2.452667688,2.349588806,2.286134312,2.392962215,2.621419854,2.55890148,3.215056462,3.45986416,6.712347884,6.187461092,6.782056682,6.867689245,7.517039198,8.304693007,10.89068177,9.863467902,7.114925695,7.396671283,8.184347804,9.236171914,8.596187094,12.13004469,12.38799197,12.45944277,12.75806046,12.26976877,13.42020699,14.07048571,15.8119883,16.34403457,15.11761216,15.38394828,14.92917924,15.24469962,15.01485473,14.3545968,13.67703075,13.83464817,13.99932097,
EUU,BX.GSR.GNFS.CD,,,,,,,,,,,,,,,,4.73427E+11,5.19343E+11,6.00356E+11,7.25771E+11,9.03588E+11,1.03487E+12,9.73531E+11,9.34346E+11,9.06119E+11,9.25959E+11,9.70512E+11,1.17408E+12,1.4072E+12,1.5538E+12,1.64216E+12,1.98156E+12,1.96841E+12,2.1221E+12,1.9509E+12,2.18076E+12,2.66977E+12,2.76906E+12,2.77913E+12,2.89375E+12,2.91645E+12,2.98939E+12,3.03143E+12,3.23456E+12,3.85075E+12,4.66157E+12,5.06454E+12,5.73791E+12,6.75234E+12,7.48596E+12,5.95995E+12,6.5308E+12,7.59712E+12,7.3564E+12,7.72886E+12,8.04129E+12,7.18391E+12,7.21909E+12,
EUU,BX.GSR.CMCP.ZS,,,,,,,,,,,,,,,,40.62551455,39.92922056,38.97075335,40.47647997,39.08436488,39.37910744,41.00742531,41.48165676,41.6760521,40.98300297,41.46216685,38.64357032,38.28633472,35.82461981,35.7573659,37.16438056,36.89108957,35.00732745,35.46116821,36.95325679,36.66191508,36.48494546,36.12968148,37.55072994,38.85554933,39.11371695,41.12509635,42.42370047,43.77083981,42.8696945,43.28434033,42.20769514,42.28946835,42.68746381,45.07195218,45.50631182,45.65769375,47.07462014,46.86293222,48.25211209,49.81393504,46.82414837,
EUU,BX.GSR.CCIS.ZS,,,,,,,,,,,,,,,,,,,,,,,,,,,,,,,,23.21307446,22.15791036,22.9932271,23.21728877,22.61215024,22.84088856,23.41210644,25.3376443,27.41540568,27.71876606,29.75380203,30.01206722,31.38449678,29.75272643,30.43111327,30.50714492,30.68584568,31.04090212,32.72699743,33.24225493,33.69415025,34.86080897,34.77071052,35.78382201,36.6105625,34.76223052,
EUU,BX.GSR.CCIS.CD,,,,,,,,,,,,,,,,,,,,,,,,,,,,,,,,,,,91333856855,1.04532E+11,1.10944E+11,1.15929E+11,1.33752E+11,1.47694E+11,1.4912E+11,1.65265E+11,1.95523E+11,2.41212E+11,2.77445E+11,3.5399E+11,3.94653E+11,4.75516E+11,5.36883E+11,4.94491E+11,5.17103E+11,5.88114E+11,6.17936E+11,7.17695E+11,7.8995E+11,7.43128E+11,6.61472E+11,
EUU,BN.GSR.MRCH.CD,,,,,,,,,,,,,,,,,,,,,,,,,,,,,,,,,,,,,,,,,,,,,,,,,,,,,,,,,,
EUU,BN.GSR.GNFS.CD,,,,,,,,,,,,,,,,,,,,,,,,,,,,,,,,,,,,,,,,,,,,,,,,,,,,,,,,,,
EUU,BM.GSR.TRVL.ZS,,,,,,,,,,,,,,,,25.74388368,24.3541067,25.41636394,26.56928526,26.82205614,27.37284177,25.46856044,25.5529917,25.76683406,25.78756281,26.46481008,30.05158312,32.01734015,32.5173921,31.7685209,31.96658194,31.96293005,33.13359562,32.17799919,33.14551057,32.90353568,33.02988953,32.41158166,32.31424267,31.87202451,31.10173686,29.78254122,29.57946021,29.57168542,27.44770602,25.79953028,24.63302438,24.09360677,23.43252766,23.02798897,22.08623465,21.72689247,20.92562979,20.57300453,20.56964488,19.37527933,19.35944685,
EUU,BM.GSR.TRAN.ZS,,,,,,,,,,,,,,,,35.66009799,38.39523548,36.88803779,35.96251131,36.62602511,35.25211927,36.4203014,34.81288555,34.25121288,34.39685119,33.16859346,30.04189152,29.66769019,30.23752857,30.63846033,27.6624177,27.29132985,25.55549188,25.18348353,25.70398563,25.46003235,25.07167613,25.43223759,24.25927185,22.69431439,23.11932189,22.58410146,22.71578414,22.631019,23.32854771,22.17141944,22.25310038,22.49918444,22.71483252,20.0642546,21.68371911,21.41596469,21.14305564,20.31045028,19.28531768,18.43986563,17.62382924,
EUU,BM.GSR.TOTL.CD,,,,,,,,,,,,,,,,5.12035E+11,5.67458E+11,6.37614E+11,7.49142E+11,9.93926E+11,1.2154E+12,1.16121E+12,1.11532E+12,1.0418E+12,1.05643E+12,1.0945E+12,1.28148E+12,1.56462E+12,1.78558E+12,1.95489E+12,2.41099E+12,2.48548E+12,2.66182E+12,2.41023E+12,2.54512E+12,3.09223E+12,3.19767E+12,3.1927E+12,3.37637E+12,3.51481E+12,3.7102E+12,3.68231E+12,3.83561E+12,4.57518E+12,5.62627E+12,6.3544E+12,7.46638E+12,9.11879E+12,9.91818E+12,7.46181E+12,8.07417E+12,9.31377E+12,8.75989E+12,9.03924E+12,9.34943E+12,8.23193E+12,8.21891E+12,
EUU,BM.GSR.NFSV.CD,,,,,,,,,,,,,,,,90986851741,98950487263,1.1283E+11,1.352E+11,1.68301E+11,2.06187E+11,1.95794E+11,1.86896E+11,1.74458E+11,1.70022E+11,1.76314E+11,2.22512E+11,2.72267E+11,3.06512E+11,3.26189E+11,4.1367E+11,4.24994E+11,4.95141E+11,4.61779E+11,4.85459E+11,5.63012E+11,5.84055E+11,5.79064E+11,6.2316E+11,6.79332E+11,6.83239E+11,7.0373E+11,7.50477E+11,8.88611E+11,1.06249E+12,1.15313E+12,1.26992E+12,1.50048E+12,1.68701E+12,1.47111E+12,1.50725E+12,1.65731E+12,1.62676E+12,1.75696E+12,1.89167E+12,1.75476E+12,1.79924E+12,
EUU,BM.GSR.MRCH.CD,,,,,,,,,,,,,,,,3.75159E+11,4.22128E+11,4.69023E+11,5.42282E+11,7.16171E+11,8.50044E+11,7.69011E+11,7.28753E+11,6.9841E+11,7.10435E+11,7.37626E+11,8.57248E+11,1.05003E+12,1.18587E+12,1.2773E+12,1.5342E+12,1.55168E+12,1.61996E+12,1.40249E+12,1.57686E+12,1.94838E+12,2.00076E+12,2.01155E+12,2.11973E+12,2.16446E+12,2.29281E+12,2.26494E+12,2.36248E+12,2.83077E+12,3.4371E+12,3.79732E+12,4.39042E+12,5.13954E+12,5.76352E+12,4.3058E+12,4.87048E+12,5.7271E+12,5.35999E+12,5.47699E+12,5.6186E+12,4.84111E+12,4.83765E+12,
EUU,BM.GSR.INSF.ZS,,,,,,,,,,,,,,,,3.53063288,3.20440765,3.343428653,3.44792989,3.414516398,3.391219328,3.402386506,3.726911792,3.688928747,4.877661344,5.206589161,4.378131898,4.509567477,5.27294,5.689090054,6.365284047,7.087725585,9.268345133,7.875635194,4.710205352,4.833775806,4.850732677,5.118408656,4.663767353,6.44998861,6.064984139,6.276764115,6.727044712,6.930566004,7.769136082,8.03412893,9.070360049,9.009102288,8.735557068,8.81966667,8.968510787,8.858273573,8.422112735,9.07975243,9.250449757,8.680544428,8.618479891,
EUU,BM.GSR.GNFS.CD,,,,,,,,,,,,,,,,4.6705E+11,5.22112E+11,5.82927E+11,6.78599E+11,8.86214E+11,1.05813E+12,9.66232E+11,9.16957E+11,8.74307E+11,8.82216E+11,9.15776E+11,1.08119E+12,1.32407E+12,1.49442E+12,1.60584E+12,1.94982E+12,1.97838E+12,2.11484E+12,1.86271E+12,2.06202E+12,2.51261E+12,2.58581E+12,2.59197E+12,2.74378E+12,2.84291E+12,2.97616E+12,2.96795E+12,3.11174E+12,3.71831E+12,4.49889E+12,4.95045E+12,5.66033E+12,6.64002E+12,7.45053E+12,5.77691E+12,6.37773E+12,7.38441E+12,6.98676E+12,7.23394E+12,7.51026E+12,6.59587E+12,6.63689E+12,
EUU,BM.GSR.CMCP.ZS,,,,,,,,,,,,,,,,35.06538545,34.04625016,34.35216962,34.02027355,33.13740235,33.98381963,34.70875165,35.90721096,36.29302431,35.74002752,35.99028062,35.52839347,33.80540218,31.97213933,31.90392871,34.00571631,33.66793723,32.31441125,35.02634539,36.58560718,36.95043626,37.20508792,37.24416915,38.76967518,38.27452701,39.03780777,40.78807317,40.63367005,40.54414113,41.41229117,43.90532746,43.21497928,44.41491384,44.86550436,47.9830691,47.21568858,47.9411326,49.43873782,49.79054119,50.53246205,53.18010364,52.25617392,
EUU,BG.GSR.NFSV.GD.ZS,,,,,,,,,,,,,,,,8.647360802,9.145026855,9.341434834,9.333477202,9.37913748,9.860165622,10.52676809,10.47555977,10.20260059,10.44112104,10.59325411,9.666742749,9.454020965,9.288397514,9.568219236,9.774342912,9.619476289,10.21669303,10.62794377,10.56386469,10.64127521,10.84124425,11.48606742,11.92381325,13.24025425,14.33824219,14.65834867,14.9806119,14.58425934,15.20833637,16.73974788,17.49688419,18.01955569,18.71352518,18.26238989,18.85245239,19.4709567,20.42207353,21.19631183,22.05824857,23.06168394,23.34330916,
