GNB,TX.VAL.TRVL.ZS.WT,,,,,,,,,,,,,,,,,,,,,,,41.17647059,22.22222222,21.42857143,29.09090909,,,,,,,,,,,13.98601399,53.05084746,,,,76.59900421,35.80556823,36.99722607,16.59061278,34.8751535,81.74204355,85.02545672,87.27438885,37.61381476,31.24558512,32.33938023,31.06352592,45.88526814,46.09853646,50.37281783,,
GNB,TX.VAL.TRAN.ZS.WT,,,,,,,,,,,,,,,,,,,,,,,29.41176471,14.81481481,5.714285714,5.454545455,,,,4.985337243,5.434782609,2.256410256,0.685714286,4.411764706,22.35772358,18.18181818,13.98601399,7.627118644,,,,,1.871291648,15.46463245,22.91395046,10.64265248,,0.209643606,0.159926891,,0.729927007,1.194108415,1.757742765,,,0.176052865,,
GNB,TX.VAL.TECH.MF.ZS,,,,,,,,,,,,,,,,,,,,,,,,,,,,,,,,,,,,,,,,,,,,,3.933057458,,,,,,,,,,,,,
GNB,TX.VAL.TECH.CD,,,,,,,,,,,,,,,,,,,,,,,,,,,,,,,,,,,,,,,,,,,,,4296,,,,,,,,,,,,,
GNB,TX.VAL.SERV.CD.WT,,,,,,,,,,,,,,,,,,,,,,,1700000,2700000,7000000,5500000,0,0,0,3410000,3680000,9750000,8750000,6800000,2460000,2420000,2860000,5900000,,,,3561886.551,6287050.451,4962144.602,5807473.442,4631559.333,3425193.874,33390209.01,43770488.72,31850269.81,42470257.25,43481401.58,21395728.52,37902596.11,45069267.97,34285259.76,,
GNB,TX.VAL.OTHR.ZS.WT,,,,,,,,,,,,,,,,,,,,,,,29.41176471,62.96296296,72.85714286,65.45454545,,,,95.01466276,94.56521739,97.74358974,99.31428571,95.58823529,77.64227642,81.81818182,72.02797203,39.3220339,,,,21.29452317,52.05385669,32.52427184,41.00391134,54.48219402,13.9586823,10.48218029,11.9259767,53.28100471,57.35813515,66.04735493,65.5583122,52.59807534,51.40627889,41.91537627,,
GNB,TX.VAL.MRCH.XD.WD,,,,,,,,,,,,,,,,,,,,,17.61987876,22.59326403,19.31849595,13.7515027,28.02099606,18.57084081,16.07169261,27.32187743,25.55399124,22.8218035,30.95407996,32.85053969,9.381930917,45.80255604,138.545544,38.57206226,45.28745829,77.92585164,43.04304642,82.22502941,100,101.2516634,86.78714007,104.4660019,122.1448638,143.8159341,118.9305253,172.024969,206.008563,195.3707097,203.4611997,388.9638901,210.6050671,245.6102323,266.8784916,405.4267541,422.7909314,
GNB,TX.VAL.MRCH.WR.ZS,,,,,,,,,,,6.25,5.555555556,8,,3.273604411,15.27302363,16.38545182,10.21831161,44.42114094,32.15351812,11.3626116,7.883026065,6.032215439,4.606399184,1.400389558,17.72341051,1.993284806,3.156839588,1.920299301,6.990548676,4.079297163,7.142063153,18.12884167,15.64116022,1.808204558,1.2922027,2.475169716,1.599937963,3.417507546,1.603861198,3.465424677,2.582742825,4.420482958,18.52300583,24.10468676,36.17129962,51.14322807,64.65356979,15.89299551,16.35776607,8.090558713,11.54467619,3.603400065,38.06636807,10.58406545,15.70432961,6.135777975,
GNB,TX.VAL.MRCH.WL.CD,,,,,,,,,2900000,,3200000,1800000,2500000,3100000,2902000,6135000,5334000,12047000,11920000,14070000,11089000,15730000,13133765,22645888,17840750,8651529,7107464,6264018,9754469,7594597,34109871,30793861,12669767,31389385,69709425,93907558,59723541,51736881,76394418,57243794,107097177,209943280,148208670,74694486,73557496,39963007,26376233,32370474,128269872,148725406,152100262,353675446,151526056,250160950,246907430,306081445,321016733,
GNB,TX.VAL.MRCH.RS.ZS,,,,,,,,,0,,0,0,0,0,0.103376981,0,0.149981252,0.522951772,0,0,0,0,0,5.218691358,2.038243908,6.304735267,11.51160245,5.805187661,5.591847183,3.59107929,2.526989914,2.286169961,7.38680514,0.010583196,0.001798896,0.012527213,-1.67438E-06,3.86571E-06,2.61799E-06,1.74691E-06,0,0,0,0,0.805738412,0.014681077,0,0,-1.1617E-14,0,0,0,0,0,0,0,0,
GNB,TX.VAL.MRCH.R6.ZS,,,,,,,,,,,6.25,5.555555556,8,,3.273604411,15.27302363,16.38545182,10.21831161,44.42114094,32.15351812,11.3626116,7.883026065,6.032215439,4.606399184,1.400389558,17.72341051,1.993284806,3.156839588,1.920299301,6.990548676,4.079297163,7.142063153,18.12884167,15.64116022,1.808204558,1.2922027,2.475169716,1.599937963,3.417507546,1.603861198,3.465424677,2.582742825,4.420482958,18.52300583,24.10468676,36.17129962,51.14322807,64.65356979,15.89299551,16.35776607,8.090558713,11.54467619,3.603400065,38.06636807,10.58406545,15.70432961,6.135777975,
GNB,TX.VAL.MRCH.R5.ZS,,,,,,,,,,,3.125,,,,2.963473467,,2.06224222,,,,,,,0.762730082,1.171985483,0.105079692,8.825552968,0.14513049,0.836621655,,37.44110612,60.40616342,21.09310297,18.55034751,36.52853829,30.75924517,11.40018305,47.98801845,31.29892291,50.5284206,11.55374338,50.32671777,52.75991344,33.15435761,61.98404851,50.38590064,30.79080322,18.48965511,79.38545382,79.34274256,86.56508429,82.39390246,82.8752647,53.34290424,65.58340022,65.04232493,67.59842516,
GNB,TX.VAL.MRCH.R4.ZS,,,,,,,,,,,,,,,,5.281173594,1.912260967,19.41562215,,,3.562088556,,,,,,0.025578744,5.834194602,,15.14721584,0.31171915,0.034844608,0.00717456,0.0544356,0.042543745,0.396988281,0.100079464,0.277223901,5.959490391,,0.322839509,0.016201519,,0.036921065,0.095435549,0.071706316,0.034940547,0.003892436,3.74211E-05,0.009520902,0.069120197,0.078638199,0.00930665,0.022513906,0.081841604,0.040094557,0.411450515,
GNB,TX.VAL.MRCH.R3.ZS,,,,,,,,,,,,,,,,,,,,,,,,0.132474381,,,0.004741494,1.014444722,0.010251711,0.052669022,,0.011807548,0.179379779,3.171310938,,,,0.004093791,,0.003382026,0.01081261,0.072375262,0.083908721,1.777435084,0.02445434,0.128578913,0.193769141,0.168783441,0.211080744,0.072506778,0.035258322,3.546018007,3.248013002,0.020561562,0.15375965,0.184744292,0.515702401,
GNB,TX.VAL.MRCH.R2.ZS,,,,,,,,,,,,,,,,,,,,,,,,43.27496453,36.28057677,,18.93016975,,,,,,,,0.130411347,0.415712013,0.009133752,0.001756967,,0.079405988,0.010476467,0.020420277,0.017734455,0.015639709,0.023672638,0.009906662,0.212354054,0.507755926,0.07077266,0.086236107,0.013101884,0.005803909,0.411244783,0.144259925,0.268275847,0.487155633,10.300835,
GNB,TX.VAL.MRCH.R1.ZS,,,,,,,,,,,,,,,,,,1.137212584,,1.208244492,3.904770493,9.51048951,2.849982469,11.24025254,9.681616524,19.96494492,,,27.95921541,,0.066705031,5.31255889,0.008350588,3.734612832,6.289709031,10.61410414,5.786527292,6.713479694,3.50004499,1.709514572,1.300556223,19.7089109,16.60822002,1.38307398,0.368184094,0.286862798,0.74751387,0.814170963,1.367650854,1.285220899,3.022071717,1.297383534,4.598975374,6.880688213,20.54135673,15.73590519,9.960285777,
GNB,TX.VAL.MRCH.OR.ZS,,,,,,,,,,,3.125,,,,2.963473467,5.281173594,3.974503187,20.55283473,,1.208244492,7.46685905,9.51048951,2.849982469,55.41042153,47.13417878,20.07002462,27.78604295,6.993769814,28.80608878,15.19988487,37.81953031,65.76537447,21.2880079,25.51070688,42.99120241,42.1860496,17.29592356,54.9845728,40.75845829,52.32072319,13.19842819,70.14462573,69.46977663,36.36742744,62.49579513,50.88295533,31.97938083,19.98425788,81.0349955,80.79622724,89.70463641,87.32174611,91.14280451,60.41092784,86.62863406,81.4902246,88.78669885,
GNB,TX.VAL.MRCH.HI.ZS,,,,,,,,,100,,90.625,94.44444444,92,100,93.65954514,79.44580277,79.49006374,68.70590188,55.57885906,66.63823738,81.17052935,82.60648442,91.11780209,34.76448793,49.42718776,55.90182961,58.70906979,84.04420294,63.68176474,74.21848717,55.57418262,24.80639242,53.19634528,58.8375497,55.19879414,56.50922048,80.2289084,43.41548537,55.82403154,46.07541387,83.33614713,27.27263145,26.10974041,45.10956672,12.5937797,12.93106397,16.8773911,15.36217233,3.072008991,2.846006687,2.204804881,1.133577704,5.253795426,1.522704083,2.787300487,2.805445786,5.077523171,
GNB,TX.VAL.MRCH.CD.WT,4379000,8630610,7718610,6803130,6363480,4301570,3452870,3742610,3590260,4320350,3701570,2390500,3031410,3832320,3871980,7071540,6182130,12708700,12062000,13411600,11000000,14000000,12000000,9000000,17000000,12000000,10000000,17000000,16000000,14000000,19000000,20000000,6000000,28000000,33000000,24000000,28000000,48000000,27000000,51000000,62000000,63000000,54000000,65000000,76000000,89484000,74000000,107036000,128181000,121562000,126596000,242018000,131041061.5,152821633.9,166055000,252261391.5,263065591,
GNB,TX.VAL.MRCH.AL.ZS,,,,,,,,,,,,,,,,5.281173594,1.912260967,19.41562215,,,3.562088556,,,,,,0.025578744,5.834194602,,15.14721584,0.31171915,0.034844608,0.00717456,0.0544356,0.042543745,0.396988281,0.11496974,0.29613111,5.959490391,,0.322839509,0.016201519,,0.0373468,0.130722231,0.071706316,0.034940547,0.011294243,0.170697917,0.132444083,0.090784853,0.081607871,0.083416017,0.022513906,0.210203476,1.291294217,1.982605997,
GNB,TX.VAL.MMTL.ZS.UN,,,,,,,,,,,0.190350333,0.467453512,0.45964492,,,,,,,,,,,,,,,,,,,,,,,0,,,,,,,,0.005053222,0.087867178,0.628835415,,,,,,,,,,,,
GNB,TX.VAL.MANF.ZS.UN,,,,,,,,,,,1.950114511,2.254143811,2.69742799,,,0.049103459,0.473110943,,,,,,,,,,,,,,,,,,,0.184933192,,,,,,,,3.452869046,0.201807394,0.081837398,,,,,,,,,,,,
GNB,TX.VAL.INSF.ZS.WT,,,,,,,,,,,,,,,,,,,,,,,0,0,0,0,,,,0,0,0,0,0,0,0,0,0,,,,2.106472616,10.26928343,15.01386963,19.49152542,0,4.299274149,4.282719377,0.639707562,9.105180534,10.66635272,0.419156423,1.620419112,1.51665652,2.495184653,7.535753033,,
GNB,TX.VAL.ICTG.ZS.UN,,,,,,,,,,,,,,,,,,,,,,,,,,,,,,,,,,,,,,,,,,,,,,,,,,,,,,,,,,
GNB,TX.VAL.FUEL.ZS.UN,,,,,,,,,,,,0.002623918,,,,0.298296258,,,,,,,,,,,,,,,,,,,,0,,,,,,,,,0.80989194,,,,,,,,,,,,,
GNB,TX.VAL.FOOD.ZS.UN,,,,,,,,,,,93.58750513,90.70944809,90.16499833,,,90.65422218,86.14399826,,,,,,,,,,,,,,,,,,,89.07735066,,,,,,,,95.43778017,98.7947538,98.66002715,,,,,,,,,,,,
GNB,TX.VAL.AGRI.ZS.UN,,,,,,,,,,,4.272030026,6.566330673,6.677928756,,,8.998378103,7.684995083,,,,,,,,,,,,,,,,,,,10.73770888,,,,,,,,1.104295934,0.10567969,0.21410742,,,,,,,,,,,,
GNB,TX.QTY.MRCH.XD.WD,,,,,,,,,,,,,,,,,,,,,27.10750578,20.17255717,20.55159143,17.85909442,18.80603762,11.90438513,23.63484207,16.76188799,18.51738496,15.84847465,22.11005711,28.31943077,9.381930917,36.9375452,119.4358138,63.0118443,39.38039852,73.51495438,48.36297351,80.61277393,100,108.4129097,100.3411894,150.7309995,131.1351494,140.7690362,99.03507183,142.5921402,137.6686782,131.6483978,130.1149846,222.2642275,119.8707769,147.5308212,159.6033261,242.6782676,244.5381505,
GNB,TT.PRI.MRCH.XD.WD,,,,,,,,,,,,,,,,,,,,,125,167.1641791,159.3220339,160.4166667,266.0714286,247.6190476,212.5,203.75,155.0561798,161.7977528,145.8333333,127.4725275,104.1666667,140.9090909,124.7311828,102.7272727,101.7699115,97.24770642,87.25490196,98.07692308,100,96.30351777,88.63408527,66.39816077,80.43240247,73.66316228,79.6102352,72.77350164,74.12056199,82.86206596,83.26362312,80.29830061,81.0755336,78.84721334,81.17769927,92.39585771,98.79875634,
GNB,TM.VAL.TRVL.ZS.WT,,,,,,,,,,,,,,,,,,,,,,,11.02941176,7.575757576,8.962264151,7.96812749,,,,13.28166001,19.83528593,13.96958833,11.35953117,15.61548258,15.73498965,14.07129456,10.88846881,5.954825462,,,,9.17203768,19.01551632,37.04894434,30.95737559,23.47596984,39.26069099,58.92438453,53.49847382,30.45535186,29.30348259,31.67965666,27.34495726,31.1562907,45.68993584,40.3732659,,
GNB,TM.VAL.TRAN.ZS.WT,,,,,,,,,,,,,,,,,,,,,,,47.94117647,52.27272727,35.89622642,39.76095618,45.625,32.88235294,38.73684211,33.42618384,54.51803735,36.67532039,46.28105808,45.51747051,52.54658385,53.05816135,47.67485822,63.90143737,,,,89.69216208,57.44783307,59.36180422,53.54162017,60.9612065,56.88813723,35.18464244,37.67316271,35.94322886,27.80099502,41.05050295,46.61629151,34.58271712,33.02342,31.79169054,,
GNB,TM.VAL.SERV.CD.WT,,,,,,,,,,,,,,,,,,,,,,,13600000,13200000,21200000,25100000,14400000,15300000,17100000,24771000,17242000,24267000,24913000,18059000,24150000,26650000,26450000,24350000,,,,30267168.49,26815374.93,35856828.54,42410835.23,41735221.93,39578105.65,68240427.15,85180951.08,84550716.24,100500608.8,99569747.85,72504667.03,87225137.1,116483875.9,130852336.5,,
GNB,TM.VAL.OTHR.ZS.WT,,,,,,,,,,,,,,,,,,,,,,,36.02941176,35.60606061,52.35849057,49.00398406,49.30555556,63.46405229,56.95906433,49.81631747,20.00927967,45.61750525,37.5707462,34.60878232,26.99792961,28.14258912,36.89981096,24.64065708,,,,0.97805021,22.37560193,2.547984645,15.0948449,11.37003725,0.889103648,3.941969519,3.956327776,28.48018924,38.039801,20.83802025,24.30596829,28.81823863,16.45758731,21.48675809,,
GNB,TM.VAL.MRCH.XD.WD,,,,,,,,,,,,,,,,,,,,,111.9001849,101.2787105,101.032163,111.4219399,97.64254286,122.0531786,122.0531786,142.395375,134.7926825,157.6774501,174.3855131,154.4050009,196.0163877,124.9576374,333.1665273,223.1862642,146.0910961,148.738508,105.8830444,84.81877335,100,104.1098191,99.07224718,109.147391,139.3728223,206.83026,243.2008441,321.4131901,380.5300468,339.6179841,329.8866055,403.1921414,305.2315184,306.920318,359.6700904,380.7244289,418.5177521,
GNB,TM.VAL.MRCH.WR.ZS,,,,,,,,,6.25,,5.147058824,4.901960784,5,3.044496487,3.454515927,3.033675119,3.724973656,2.953162668,1.914788819,4.171179154,6.217174012,8.204055546,5.988726558,7.888783271,11.12672335,4.09962251,8.467339017,7.782044219,5.35959686,7.836792756,9.306860193,7.595431165,8.200569332,3.917766052,5.225416579,4.506336793,10.31117378,12.41964202,11.48076801,15.38324227,22.37524162,19.80370148,17.8908185,14.10742207,29.84575109,42.44731752,35.654801,26.8602579,29.58666623,20.97401461,20.96262013,19.0354562,20.55782257,26.49556686,24.39927711,16.5338468,19.0690711,
GNB,TM.VAL.MRCH.WL.CD,,,,,,,,,17600000,,27200000,30600000,32000000,42700000,43103000,37743000,37960000,34844000,48726000,60942000,55025000,51633000,62768052,65586464,48994316,57584375,59004960,84635204,94912717,125424090,124305918,117556618,115958266,130655530,154268600,138441095,110281819,84402948,93505957,89946994,71003126,61054561,50398555,68824013,62611140,128933568,113047407,156378949,195772050,196848814,181769978,244160090,248026501,266999398,280383774,230315567,254364561,
GNB,TM.VAL.MRCH.RS.ZS,,,,,,,,,2.272727273,,1.470588235,0.980392157,2.8125,4.215456674,0.749367793,24.97681689,11.43308746,16.6140512,13.08131183,20.85261396,14.1026806,7.109794124,6.188586193,8.413252771,8.630564411,18.19781321,8.737318015,6.83371071,6.860984709,5.376621828,6.417708126,7.100404164,4.395437407,4.005592415,4.673313947,5.584669783,6.489724294,6.735872543,6.931338075,8.090490495,0,0,0,2.229409378,0,1.15572E-14,2.91913E-05,0,0,0,0,0,0,0,0,0,0,
GNB,TM.VAL.MRCH.R6.ZS,,,,,,,,,6.25,,5.147058824,4.901960784,5,3.044496487,3.454515927,3.033675119,3.724973656,2.953162668,1.914788819,4.171179154,6.217174012,8.204055546,5.988726558,7.888783271,11.12672335,4.09962251,8.467339017,7.782044219,5.35959686,7.836792756,9.306860193,7.595431165,8.200569332,3.917766052,5.225416579,4.506336793,10.31117378,12.41964202,11.48076801,15.38324227,22.37524162,19.80370148,17.8908185,14.10742207,29.84575109,42.44731752,35.654801,26.8602579,29.58666623,20.97401461,20.96262013,19.0354562,20.55782257,26.49556686,24.39927711,16.5338468,19.0690711,
GNB,TM.VAL.MRCH.R5.ZS,,,,,,,,,,,,,,3.512880562,0.002320024,1.608245238,1.672813488,4.600505108,,1.132224082,1.355747388,,3.090744317,0.016771753,0.022451584,0.038204808,3.131940095,0.324923893,0.451994225,0.155372863,2.059691156,2.050133834,2.109633995,1.03906662,1.002350446,4.657830827,2.381154957,8.606609333,10.23441533,11.53496803,0.281846746,0.145800737,0.419277894,0.584107178,5.070263854,5.835184054,0.739662255,0.524453582,3.012046919,1.318401644,8.610246957,4.544050176,4.748199468,2.658723972,4.652587706,6.535509604,7.841144191,
GNB,TM.VAL.MRCH.R4.ZS,,,,,,,,,3.409090909,,3.676470588,0.980392157,,1.639344262,0.090480941,0.002649498,1.359325606,2.287337849,0.034888971,0.164090447,0.407087687,,0.460425313,0.018296458,0.002245158,0.938023552,0.002055759,0.027713054,0.001916498,0.001595387,3.448522861,5.813331581,0.246195472,0.096980204,0.030364572,0.0392109,0.069625257,0.103375536,0.194819673,0.115616982,0.84023202,0.977273426,1.140846201,3.225006656,0.193245164,0.483471457,0.671670426,0.728353789,0.445437436,0.718083575,0.743087508,0.386818337,2.122987656,2.086048898,1.910172234,1.60050102,2.280250038,
GNB,TM.VAL.MRCH.R3.ZS,,,,,,,,,,,,,4.0625,,5.138853444,4.885674165,0.026343519,,,0.034458994,,6.582999245,6.498968615,0.958025424,0.73940822,0.906983882,0.710357231,2.124027491,0.755133793,0.654627034,0.809807784,0.969254662,0.847136676,6.163441379,0.958213143,1.240208336,1.953594001,2.887740367,2.492834761,2.803035308,0.250450945,0.638440427,0.511963091,1.397532573,0.165167093,0.352908096,0.647022359,0.360746126,0.551878064,1.473748783,0.937726361,0.621010993,0.068114092,0.152789109,0.196208929,0.198796376,0.090548777,
GNB,TM.VAL.MRCH.R2.ZS,,,,,,,,,,,,,,,,0.034443473,,,,,,,,1.576544819,1.728771966,,,,,,,,0.094861715,0.153227345,0.153304042,0.017835022,0.159534003,0.245191673,0.472800893,0.733765489,0.543380301,0.6430183,2.342440175,2.000653464,1.818717883,0.332668216,0.311177416,0.860947723,0.293459153,0.583034247,1.51357228,1.149062486,0.969546799,2.1504835,2.457422875,2.590649029,2.040923853,
GNB,TM.VAL.MRCH.R1.ZS,,,,,,,,,,,,,,,3.64707793,2.289166203,7.291886196,1.191022845,1.524853261,2.676315185,7.356656065,4.615265431,2.276817512,19.87452777,4.131091452,8.118521734,14.52250794,6.00459355,10.3339798,11.05087946,3.197390811,13.49498163,20.52469291,38.45330389,35.77478696,29.37699099,8.934403775,7.433493911,8.554258206,17.20853173,20.30763406,17.3288315,17.67059988,29.04209029,12.43762212,8.236830924,8.686014355,10.38070923,10.58508403,21.40716174,11.89953052,10.9097486,9.268906309,9.331425534,10.96476432,14.49073219,12.1866725,
GNB,TM.VAL.MRCH.OR.ZS,,,,,,,,,3.409090909,,3.676470588,0.980392157,4.0625,5.152224824,8.878732339,8.820178576,10.35036881,8.078865802,1.559742232,4.007088707,9.11949114,11.19826468,12.32695576,22.44416622,6.62396838,10.00173398,18.36686102,8.481257988,11.54302431,11.86247474,9.515412613,22.3277017,23.82252077,45.90601944,37.91901917,35.33207607,13.49831199,19.27641082,21.94912887,32.39591753,22.22354407,19.73336439,22.08512724,36.24939017,19.68501612,15.24106275,11.05554681,12.85521045,14.8879056,25.50042999,23.70416362,17.61069059,17.17775432,16.37947101,20.18115606,25.41618822,24.43953936,
GNB,TM.VAL.MRCH.HI.ZS,,,,,,,,,88.06818182,,89.70588235,93.1372549,88.125,87.58782201,86.91738394,63.16932941,74.49157007,72.35392033,83.44415712,70.96911818,70.56065425,73.48788565,75.49573149,61.25379773,73.61874386,67.7008303,64.42848194,76.90298708,76.23639412,74.92411067,74.76001907,62.97646297,63.58147249,46.17062209,52.18225031,54.57691735,69.70078994,61.56807461,59.63876505,44.1303497,55.40121431,60.46293413,60.02405426,47.41377839,50.46923279,42.31161973,53.289623,60.28453165,55.52542817,53.5255554,55.33321625,63.3538532,62.26442311,57.12496213,55.41956683,58.04996499,56.49138954,
GNB,TM.VAL.MRCH.CD.WT,11193000,10160000,11916500,14163500,15015700,14584300,15078300,16413900,17624300,23384300,27339100,31057400,32040300,43911600,43108200,37759500,36597200,36713900,49271000,60709900,55000000,50000000,50000000,55000000,48000000,60000000,60000000,70000000,66000000,69000000,86000000,76000000,96000000,61000000,164000000,133000000,87000000,89000000,63000000,51000000,59000000,62000000,59000000,65000000,83000000,105788000,127000000,167902000,198747000,202251000,196455720.7,240111000,181772952.3,182778722.4,214192530.6,226730915.5,249237784.3,
GNB,TM.VAL.MRCH.AL.ZS,,,,,,,,,3.409090909,,3.676470588,0.980392157,,1.639344262,0.090480941,0.002649498,1.359325606,2.287337849,0.034888971,0.164090447,0.407087687,,1.349412596,0.018296458,0.002245158,0.938023552,0.002055759,0.027713054,0.013680991,0.001595387,3.449719103,5.814723251,0.247747754,0.09861963,0.032016885,0.041475402,0.072951281,0.108156175,0.199738077,0.121021276,0.84023202,1.206466786,1.161632511,3.780645572,0.293014949,0.487243943,0.730635953,4.339044381,4.574917104,3.154104855,3.98814099,3.948338158,6.293409751,5.536733832,5.293768533,3.702044595,3.841807193,
GNB,TM.VAL.MMTL.ZS.UN,,,,,,,,,,,0.960125268,0.368233023,0.742657196,,,0.381906829,0.048721108,,,,,,,,,,,,,,,,,,,0.151446644,,,,,,,,0.113781162,0.098698638,0.09478639,,,,,,,,,,,,
GNB,TM.VAL.MANF.ZS.UN,,,,,,,,,,,60.79279188,55.13617369,59.76241805,,,46.14292126,58.85727331,,,,,,,,,,,,,,,,,,,39.6016658,,,,,,,,35.87141768,48.59426054,31.13250019,,,,,,,,,,,,
GNB,TM.VAL.INSF.ZS.WT,,,,,,,,,,,,,,,,,,,,,,,5,4.545454545,2.783018868,3.266932271,5.069444444,3.653594771,4.304093567,3.475838682,5.637397054,3.737586022,4.788664553,4.258264577,4.720496894,4.727954972,4.536862004,5.503080082,,,,0.157750034,1.161048689,1.041266795,0.406159339,4.192786409,2.962068132,1.949003517,4.872035689,5.121230041,4.855721393,6.431820131,1.732782935,5.442753542,4.829056853,6.348285462,,
GNB,TM.VAL.ICTG.ZS.UN,,,,,,,,,,,,,,,,,,,,,,,,,,,,,,,,,,,,,,,,,,,,1.603360119,3.508763457,1.846403268,,,,,,,,,,,,
GNB,TM.VAL.FUEL.ZS.UN,,,,,,,,,,,6.91988071,6.653035063,5.096143934,,,17.20190864,9.438185101,,,,,,,,,,,,,,,,,,,16.1615974,,,,,,,,1.241580051,11.84440357,16.64823339,,,,,,,,,,,,
GNB,TM.VAL.FOOD.ZS.UN,,,,,,,,,,,31.12501949,37.59539482,34.14681416,,,36.10427863,27.95966997,,,,,,,,,,,,,,,,,,,43.60457417,,,,,,,,62.41601839,39.18224128,50.6917579,,,,,,,,,,,,
GNB,TM.VAL.AGRI.ZS.UN,,,,,,,,,,,0.135533454,0.154605953,0.181212301,,,0.168987705,0.267346134,,,,,,,,,,,,,,,,,,,0.480712473,,,,,,,,0.355182307,0.249258553,0.605912294,,,,,,,,,,,,
GNB,TM.TAX.TCOM.WM.FN.ZS,,,,,,,,,,,,,,,,,,,,,,,,,,,,,,,,,,,,,,,,,,12.42,12.42,12.73,12.92,10.68,12.82,16.88,12.45,11.36,14.1,13.12,12.33,13.16,12.16,,,
GNB,TM.TAX.TCOM.WM.AR.ZS,,,,,,,,,,,,,,,,,,,,,,,,,,,,,,,,,,,,,,,,,,12.42,12.42,12.73,12.92,10.68,11.23,16.88,11.72,10,12.75,12,10.76,13.16,9.85,,,
GNB,TM.TAX.TCOM.SR.ZS,,,,,,,,,,,,,,,,,,,,,,,,,,,,,,,,,,,,,,,,,,0,0,0,0,0,0,0,0,0,0,0,0,0,0,,,
GNB,TM.TAX.TCOM.SM.FN.ZS,,,,,,,,,,,,,,,,,,,,,,,,,,,,,,,,,,,,,,,,,,11.78,11.78,11.79,11.83,11.82,11.82,11.98,11.97,11.98,11.98,11.97,11.97,11.98,11.98,,,
GNB,TM.TAX.TCOM.SM.AR.ZS,,,,,,,,,,,,,,,,,,,,,,,,,,,,,,,,,,,,,,,,,,16.54,16.54,16.04,16.31,16.17,12.34,16.38,14.49,14.65,14.92,15.02,15.27,16.59,15.53,,,
GNB,TM.TAX.TCOM.IP.ZS,,,,,,,,,,,,,,,,,,,,,,,,,,,,,,,,,,,,,,,,,,57.75194,57.75194,58.90208,60.47157,60.02522,37.97571,63.93939,48.3165,51.83673,56.56475,53.43581,53.77551,62.38426,57.30111,,,
GNB,TM.TAX.TCOM.BR.ZS,,,,,,,,,,,,,,,,,,,,,,,,,,,,,,,,,,,,,,,,,,44.32,44.32,44.39,44.39,44.39,44.39,44.47,44.47,44.47,44.47,44.47,44.47,44.47,44.47,,,
GNB,TM.TAX.TCOM.BC.ZS,,,,,,,,,,,,,,,,,,,,,,,,,,,,,,,,,,,,,,,,,,96.51,96.51,96.36,96.36,96.36,96.36,96.38,96.38,96.38,96.38,96.38,96.38,96.38,96.38,,,
GNB,TM.TAX.MRCH.WM.FN.ZS,,,,,,,,,,,,,,,,,,,,,,,,,,,,,,,,,,,,,,,,,,12.8,12.8,13.28,13.94,11.62,13.81,13.36,13.38,11.62,13.85,13.22,12.28,12.79,12.69,,,
GNB,TM.TAX.MRCH.WM.AR.ZS,,,,,,,,,,,,,,,,,,,,,,,,,,,,,,,,,,,,,,,,,,12.8,12.8,13.28,13.94,11.62,11.54,13.36,12.42,9.84,11.69,11.21,9.66,12.79,9.9,,,
GNB,TM.TAX.MRCH.SR.ZS,,,,,,,,,,,,,,,,,,,,,,,,,,,,,,,,,,,,,,,,,,0,0,0,0,0,0,0,0,0,0,0,0,0,0,,,
GNB,TM.TAX.MRCH.SM.FN.ZS,,,,,,,,,,,,,,,,,,,,,,,,,,,,,,,,,,,,,,,,,,11.99,11.95,11.98,11.99,12,11.99,11.94,11.94,11.94,11.94,11.92,11.92,11.92,11.92,,,
GNB,TM.TAX.MRCH.SM.AR.ZS,,,,,,,,,,,,,,,,,,,,,,,,,,,,,,,,,,,,,,,,,,15.34,15.34,13.98,14.23,14.03,13.08,13.92,13.49,13.26,13.23,13.16,13.36,13.92,13.39,,,
GNB,TM.TAX.MRCH.IP.ZS,,,,,,,,,,,,,,,,,,,,,,,,,,,,,,,,,,,,,,,,,,60.83667,60.83667,55.03679,55.98935,55.42002,50.63922,54.63189,52.67683,51.87258,52.08701,50.6758,51.56545,54.64094,52.19677,,,
GNB,TM.TAX.MRCH.BR.ZS,,,,,,,,,,,,,,,,,,,,,,,,,,,,,,,,,,,,,,,,,,48.65,48.65,48.65,48.65,48.65,48.65,48.66,48.66,48.66,48.66,48.66,48.66,48.66,48.66,,,
GNB,TM.TAX.MRCH.BC.ZS,,,,,,,,,,,,,,,,,,,,,,,,,,,,,,,,,,,,,,,,,,97.73,97.73,97.68,97.68,97.68,97.68,97.66,97.66,97.66,97.66,97.66,97.66,97.66,97.66,,,
GNB,TM.TAX.MANF.WM.FN.ZS,,,,,,,,,,,,,,,,,,,,,,,,,,,,,,,,,,,,,,,,,,13.46,13.46,13.74,14.86,13.59,15.58,11.93,14.82,11.95,13.56,13.32,12.22,12.23,13.46,,,
GNB,TM.TAX.MANF.WM.AR.ZS,,,,,,,,,,,,,,,,,,,,,,,,,,,,,,,,,,,,,,,,,,13.46,13.46,13.74,14.86,13.59,12.08,11.93,13.53,9.62,10.53,10.29,8.47,12.23,9.96,,,
GNB,TM.TAX.MANF.SR.ZS,,,,,,,,,,,,,,,,,,,,,,,,,,,,,,,,,,,,,,,,,,0,0,0,0,0,0,0,0,0,0,0,0,0,0,,,
GNB,TM.TAX.MANF.SM.FN.ZS,,,,,,,,,,,,,,,,,,,,,,,,,,,,,,,,,,,,,,,,,,12.04,12,12.01,12.01,12.02,12.02,11.9,11.9,11.9,11.9,11.87,11.87,11.87,11.87,,,
GNB,TM.TAX.MANF.SM.AR.ZS,,,,,,,,,,,,,,,,,,,,,,,,,,,,,,,,,,,,,,,,,,15.03,15.03,13.59,13.78,13.56,13.29,13.48,13.23,12.97,12.86,12.78,13.02,13.43,12.99,,,
GNB,TM.TAX.MANF.IP.ZS,,,,,,,,,,,,,,,,,,,,,,,,,,,,,,,,,,,,,,,,,,61.7341,61.7341,54.04554,54.68927,54.00784,55.28576,52.65957,53.90525,51.77693,50.67873,49.8834,51.053,52.97996,51.11008,,,
GNB,TM.TAX.MANF.BR.ZS,,,,,,,,,,,,,,,,,,,,,,,,,,,,,,,,,,,,,,,,,,49.88,49.88,49.89,49.89,49.89,49.89,49.9,49.9,49.9,49.9,49.9,49.9,49.9,49.9,,,
GNB,TM.TAX.MANF.BC.ZS,,,,,,,,,,,,,,,,,,,,,,,,,,,,,,,,,,,,,,,,,,98.1,98.1,98.08,98.08,98.08,98.08,98.06,98.06,98.06,98.06,98.06,98.06,98.06,98.06,,,
GNB,TM.QTY.MRCH.XD.WD,,,,,,,,,,,,,,,,,,,,,215.1926633,151.1622544,171.2409543,232.1290414,174.3616837,193.7352041,381.416183,177.9942187,151.4524523,177.1656742,181.6515761,169.6758252,204.1837372,141.9973152,358.2435778,245.7947594,156.6185307,165.6282162,125.0785817,100.070697,100,107.3526271,101.5258533,104.5675694,120.351925,149.1298453,161.2239914,193.8835964,188.4853186,189.628042,175.6570967,185.0029691,140.8522202,145.3611306,174.6101261,210.5628387,239.1587758,
GNB,TG.VAL.TOTL.GD.ZS,,,,,,,,,,,39.42493679,42.5870584,39.98925755,53.42022651,47.5626662,41.13477592,38.06447766,42.98693665,49.99964995,62.52980317,59.64547234,41.36184663,37.45688656,39.12517614,46.93855866,50.04996198,53.75311186,50.04706667,49.86071824,38.94098966,43.03949055,37.33221311,45.07022484,37.57163721,83.60920312,61.81907472,42.52647504,51.01451658,43.59249566,45.44509754,32.6873439,31.86514319,27.17368551,27.28866573,29.93733742,33.27789723,33.96246069,39.52494457,37.83290249,39.21067391,37.97778867,43.854392,31.60134735,32.08057354,36.03605998,46.22895514,43.9766333,
GNB,ST.INT.XPND.MP.ZS,,,,,,,,,,,,,,,,,,,,,,,,,,,,,,,,,,,,6.49859944,5.461940732,3.948555957,,,,5.979195582,11.86323306,20.9830277,17.53487215,12.79935381,10.68273988,17.23543035,16.23392798,8.99024196,9.861873203,11.35576456,9.635436918,10.07196743,16.02897334,15.69045571,,
GNB,ST.INT.XPND.CD,,,,,,,,,,,,,,,,,,,,,,,,,,,,,,,,,,,,5800000,4700000,3500000,,,,5500000,10200000,21300000,22300000,18900000,17800000,40700000,46100000,26000000,29500000,38600000,24500000,27200000,53000000,53000000,,
GNB,ST.INT.TVLX.CD,,,,,,,,,,,,,,,,,,,,,,,,,,,,,,,,,,,,3800000,2900000,1500000,,,,2800000,5100000,13300000,13100000,9800000,15500000,40200000,45600000,25700000,29400000,31500000,19800000,27200000,53000000,53000000,,
GNB,ST.INT.TVLR.CD,,,,,,,,,,,,,,,,,,,,,,,,,,,,,,,,,,,,,,3100000,,,,2700000,2300000,1800000,1000000,1600000,2800000,28400000,38200000,12000000,13300000,14100000,6600000,17400000,20800000,17300000,,
GNB,ST.INT.TRNX.CD,,,,,,,,,,,,,,,,,,,,,,,,,,,,,,,,,,,,2000000,1800000,2000000,,,,2700000,5100000,8000000,9200000,9100000,2300000,500000,500000,300000,100000,7100000,4700000,,,,,
GNB,ST.INT.TRNR.CD,,,,,,,,,,,,,,,,,,,,,,,,,,,,,,,,,,,,,,,,,,,,600000,1200000,,,,,,300000,400000,200000,,,,,
GNB,ST.INT.RCPT.XP.ZS,,,,,,,,,,,,,,,,,,,,,,,,,,,,,,,,,,,,,,5.451987337,,,,4.008839134,3.77798093,3.379972263,2.636390937,1.687999337,3.609873038,20.22347236,22.2219741,7.753875902,7.972283031,5.130163977,4.443166386,9.113197197,9.770419881,5.99618249,,
GNB,ST.INT.RCPT.CD,,,,,,,,,,,,,,,,,,,,,,,,,,,,,,,,,,,,,,3100000,,,,2700000,2300000,2400000,2200000,1600000,2800000,28400000,38200000,12000000,13600000,14500000,6800000,17400000,20800000,17300000,,
GNB,ST.INT.DPRT,,,,,,,,,,,,,,,,,,,,,,,,,,,,,,,,,,,,,,,,,,,,,,,,,,,,,,,,,,
GNB,ST.INT.ARVL,,,,,,,,,,,,,,,,,,,,,,,,,,,,,,,,,,,,,,,,,,7800,,,,5000,11600,15600,18000,16000,22300,36700,35400,35500,36100,43800,,
GNB,NY.EXP.CAPM.KN,,,,,,,,,,,,,,,,,,,,,,,,,,,,,,,,,,,,,,,,,46941125111,73706972871,69152251859,52606471242,62977291691,61452940000,,72177551223,80470558010,70589351552,80610427973,1.23239E+11,64841075343,75376257720,97721447630,1.36111E+11,1.50644E+11,
GNB,NE.TRD.GNFS.ZS,,,,,,,,,,,34.18858777,38.47006914,39.98572778,46.78631843,44.26679366,31.1316203,33.20791806,41.90650735,43.78779478,48.79865967,54.52945335,46.91171733,49.1254312,38.26287155,64.68262293,67.46752471,37.07032416,50.32315395,63.60909023,55.08023526,46.97050272,47.77360999,55.01437562,41.58630061,50.763779,46.8104329,42.3601715,60.89989786,50.28654212,67.67764754,54.87335091,48.01758272,41.18439956,43.27161881,44.84511204,48.42766402,49.54120054,54.1167613,52.76756296,53.76117145,55.15023245,57.84432617,41.26333887,44.26330455,54.40153848,60.76063677,53.15952451,
GNB,NE.RSB.GNFS.ZS,,,,,,,,,,,-26.18873581,-30.15383961,-31.27458994,-34.66664644,-34.23006091,-20.76180682,-22.66276045,-23.29784709,-28.31842294,-34.25424128,-29.15433553,-24.52540121,-33.44495926,-26.24457515,-37.88020618,-47.9515413,-26.59988611,-27.58914793,-38.72729834,-37.29879736,-27.09852399,-27.80863558,-45.20939592,-23.84742783,-17.85496349,-23.47609368,-21.31136338,-18.86637143,-21.39914688,-17.95529425,-11.36163609,-5.628384135,-5.51815842,-5.911997024,-7.925328876,-8.718351997,-15.48209796,-13.76233199,-12.98205264,-16.28101399,-15.32192669,-4.055081113,-10.14134175,-7.382362974,-9.854786371,-5.041383126,-0.93082159,
GNB,NE.RSB.GNFS.CD,,,,,,,,,,,-20619333.15,-23682842.86,-27428700,-30983050.85,-33810855.26,-22627408.84,-25469880.79,-26785816.05,-34737319.88,-40604249.75,-32260389.09,-37948636.36,-55359312.11,-42930229.98,-52456093.07,-68981290.63,-34639706.67,-47959971.08,-63690186.9,-79499781.79,-66110099.87,-71510065.81,-102314962.9,-56489981.12,-42069864.03,-59621512.04,-57630141.84,-50665831.21,-44180155.1,-40300056.82,-42057805.96,-22078922.18,-22946902.11,-28164059.79,-42092163.17,-51158581.91,-91627686.2,-95731646.76,-112182683,-134453286.8,-130333412.1,-44580989.79,-100386663.4,-77228159.31,-103986345.5,-52235308.52,-10843555.01,
GNB,NE.IMP.GNFS.ZS,,,,,,,,,,,30.18866179,34.31195437,35.63015886,40.72648244,39.24842729,25.94671356,27.93533926,32.60217722,36.05310886,41.52645047,41.84189444,35.71855927,41.28519523,32.25372335,51.28141456,57.709533,31.83510513,38.95615094,51.16819428,46.18951631,37.03451335,37.79112279,50.11188577,32.71686422,34.30937124,35.14326329,31.83576744,39.88313465,35.8428445,42.81647089,33.1174935,26.82298343,23.35127899,24.59180791,26.38522046,28.57300801,32.51164925,33.93954664,32.8748078,35.02109272,35.23607957,30.94970364,25.70234031,25.82283376,32.12816243,32.90100995,27.04517305,
GNB,NE.IMP.GNFS.KD.ZG,,,,,,,,,,,,,,,,,,,,,,,,,,,,,,,,,,,,,,,,,,30.54363319,-2.926831046,-23.51654468,29.97457547,-1.752682938,,,9.536366822,-0.804453131,8.123351224,-0.569297212,-24.48244253,-1.444457931,33.54365621,14.034677,-2.940755626,
GNB,NE.IMP.GNFS.KD,,,,,,,,,,,,,,,,,,,,,,,,,,,,,,,,,,,,,,,,,,,,,,,,255129079,279459123.9,277211006.2,299729829.9,298023476.3,225060050,221809152.3,296212051.7,337784456.4,327851041,
GNB,NE.IMP.GNFS.CD,,,,,,,,,,,23768618.66,26948628.57,31248657.14,36398983.05,38767763.16,28278217.82,31395546.98,37483116.72,44225216.14,49224572,46299659.05,55268030.3,68336755.65,52759846.68,71013939.1,83018771.88,41457271.63,67719955.58,84150250.52,98449728.34,90350137.8,97180088.87,113409959,77499974.23,80839738.73,89252263.34,86090212.08,107106561.3,74000259.82,96100135.48,122592301.4,105220708.1,97104771.64,117152486,140134374.5,167664091.9,192413664,236085620.8,284083283.5,289214236,299729829.9,340256676.4,254421184.9,270137072.2,339011935,340897401,315061258.7,
GNB,NE.EXP.GNFS.ZS,,,,,,,,,,,3.999925979,4.158114767,4.35556892,6.059835997,5.018366375,5.184906736,5.272578805,9.304330132,7.734685919,7.272209196,12.68755891,11.19315806,7.840235971,6.009148197,13.40120838,9.757991707,5.235219028,11.36700301,12.44089594,8.890718949,9.935989367,9.982487202,4.902489849,8.86943639,16.45440776,11.66716961,10.52440406,21.01676321,14.44369762,24.86117665,21.75585741,21.19459929,17.83312057,18.67981089,18.45989158,19.85465601,17.02955129,20.17721466,19.89275516,18.74007873,19.91415288,26.89462253,15.56099856,18.44047079,22.27337605,27.85962682,26.11435146,
GNB,NE.EXP.GNFS.KD.ZG,,,,,,,,,,,,,,,,,,,,,,,,,,,,,,,,,,,,,,,,,,10.22704535,-19.22073489,-15.466282,16.90554691,37.13565113,,,4.647725956,9.578550476,1.984709335,14.63219338,-29.62941123,17.32009657,11.82843752,12.41302697,-15.5210765,
GNB,NE.EXP.GNFS.KD,,,,,,,,,,,,,,,,,,,,,,,,,,,,,,,,,,,,,,,,,,,,,,,,144848436.9,151580595.3,166099819.2,169396417.8,194182829.2,136647600.2,160315096.5,179277867.6,201531677.6,170251791.8,
GNB,NE.EXP.GNFS.CD,,,,,,,,,,,3149285.514,3265785.714,3819957.143,5415932.203,4956907.895,5650808.983,5925666.199,10697300.67,9487896.254,8620322.256,14039269.96,17319393.94,12977443.53,9829616.695,18557846.03,14037481.25,6817564.961,19759984.5,20460063.62,18949946.55,24240037.93,25670023.06,11094996.01,21009993.1,38769874.7,29630751.3,28460070.24,56440730.08,29820104.72,55800078.67,80534495.4,83141785.87,74157869.53,88988426.19,98042211.32,116505510,100785977.8,140353974,171900600.6,154760949.2,169396417.8,295675686.6,154034521.5,192908912.9,235025589.6,288662092.5,304217703.7,
GNB,MS.MIL.XPRT.KD,,,,,,,,,,,,,,,,,,,,,,,,,,,,,,,,,,,,,,,,,,,,,,,,,,,,,,,,,,
GNB,MS.MIL.MPRT.KD,,,,,,,,,,,,,,,21000000,10000000,12000000,,14000000,24000000,2000000,1000000,,,11000000,,35000000,,20000000,,20000000,6000000,,5000000,,,,,,,,,,,,,,,,,,,,,,,,
GNB,LP.LPI.TRAC.XQ,,,,,,,,,,,,,,,,,,,,,,,,,,,,,,,,,,,,,,,,,,,,,,,,2.22,,,1.71,,2.58,,2.285714,,2.407407,
GNB,LP.LPI.TIME.XQ,,,,,,,,,,,,,,,,,,,,,,,,,,,,,,,,,,,,,,,,,,,,,,,,2.86,,,2.91,,2.74,,2.714286,,2.740741,
GNB,LP.LPI.OVRL.XQ,,,,,,,,,,,,,,,,,,,,,,,,,,,,,,,,,,,,,,,,,,,,,,,,2.28,,,2.1,,2.6,,2.426464,,2.370681,
GNB,LP.LPI.LOGS.XQ,,,,,,,,,,,,,,,,,,,,,,,,,,,,,,,,,,,,,,,,,,,,,,,,2,,,1.56,,2.58,,2.571429,,2.074074,
GNB,LP.LPI.ITRN.XQ,,,,,,,,,,,,,,,,,,,,,,,,,,,,,,,,,,,,,,,,,,,,,,,,2.22,,,2.75,,2.61,,2.285714,,2.574074,
GNB,LP.LPI.INFR.XQ,,,,,,,,,,,,,,,,,,,,,,,,,,,,,,,,,,,,,,,,,,,,,,,,2.25,,,1.56,,2.68,,2.285714,,1.907407,
GNB,LP.LPI.CUST.XQ,,,,,,,,,,,,,,,,,,,,,,,,,,,,,,,,,,,,,,,,,,,,,,,,2.14,,,1.89,,2.39,,2.428571,,2.444444,
GNB,LP.IMP.DURS.MD,,,,,,,,,,,,,,,,,,,,,,,,,,,,,,,,,,,,,,,,,,,,,,,,,,,,,,,,,,
GNB,LP.EXP.DURS.MD,,,,,,,,,,,,,,,,,,,,,,,,,,,,,,,,,,,,,,,,,,,,,,,,,,,,,,,,,,
GNB,IC.IMP.TMDC,,,,,,,,,,,,,,,,,,,,,,,,,,,,,,,,,,,,,,,,,,,,,,,,,,,,,,,36,36,36,
GNB,IC.IMP.TMBC,,,,,,,,,,,,,,,,,,,,,,,,,,,,,,,,,,,,,,,,,,,,,,,,,,,,,,,72,72,72,
GNB,IC.IMP.DURS,,,,,,,,,,,,,,,,,,,,,,,,,,,,,,,,,,,,,,,,,,,,,,24,24,24,24,22,22,22,22,22,22,,,
GNB,IC.IMP.DOCS,,,,,,,,,,,,,,,,,,,,,,,,,,,,,,,,,,,,,,,,,,,,,,6,6,6,6,6,6,6,6,6,6,,,
GNB,IC.IMP.CSDC.CD,,,,,,,,,,,,,,,,,,,,,,,,,,,,,,,,,,,,,,,,,,,,,,,,,,,,,,,384,205,205,205
GNB,IC.IMP.CSBC.CD,,,,,,,,,,,,,,,,,,,,,,,,,,,,,,,,,,,,,,,,,,,,,,,,,,,,,,,755,550,550,550
GNB,IC.IMP.COST.CD,,,,,,,,,,,,,,,,,,,,,,,,,,,,,,,,,,,,,,,,,,,,,,1749,1749,1749,2349,2349,2349,2006,2006,2006,2006,,,
GNB,IC.EXP.TMDC,,,,,,,,,,,,,,,,,,,,,,,,,,,,,,,,,,,,,,,,,,,,,,,,,,,,,,,60,60,60,
GNB,IC.EXP.TMBC,,,,,,,,,,,,,,,,,,,,,,,,,,,,,,,,,,,,,,,,,,,,,,,,,,,,,,,67,67,67,
GNB,IC.EXP.DURS,,,,,,,,,,,,,,,,,,,,,,,,,,,,,,,,,,,,,,,,,,,,,,27,27,27,27,25,25,25,25,25,25,,,
GNB,IC.EXP.DOCS,,,,,,,,,,,,,,,,,,,,,,,,,,,,,,,,,,,,,,,,,,,,,,6,6,6,6,6,6,6,6,6,6,,,
GNB,IC.EXP.CSDC.CD,,,,,,,,,,,,,,,,,,,,,,,,,,,,,,,,,,,,,,,,,,,,,,,,,,,,,,,316,160,160,160
GNB,IC.EXP.CSBC.CD,,,,,,,,,,,,,,,,,,,,,,,,,,,,,,,,,,,,,,,,,,,,,,,,,,,,,,,677,585,585,585
GNB,IC.EXP.COST.CD,,,,,,,,,,,,,,,,,,,,,,,,,,,,,,,,,,,,,,,,,,,,,,1445,1445,1445,1545,1545,1545,1448,1448,1448,1448,,,
GNB,IC.CUS.DURS.EX,,,,,,,,,,,,,,,,,,,,,,,,,,,,,,,,,,,,,,,,,,,,,,,5.6,,,,,,,,,,,
GNB,GC.TAX.IMPT.ZS,,,,,,,,,,,,,,,,,,,,,,,,,,,,,,,,,,,,,,,,,,,,,,,,,,,,,,,,,,
GNB,GC.TAX.EXPT.ZS,,,,,,,,,,,,,,,,,,,,,,,,,,,,,,,,,,,,,,,,,,,,,,,,,,,,,,,,,,
GNB,EG.IMP.CONS.ZS,,,,,,,,,,,,,,,,,,,,,,,,,,,,,,,,,,,,,,,,,,,,,,,,,,,,,,,,,,
GNB,BX.GSR.TRVL.ZS,,,,,,,,,,,,,,,,,,,,,,,12.5,8.955223881,18.75,24.61538462,,,,,,,,,,,5.747126437,39.125,,,,61.14338123,34.64340914,30.6169297,12.51229105,31.25458547,81.74204355,85.02545672,87.27438885,36.17149758,30.16594681,31.49361129,30.6482644,45.60034815,44.27703742,47.61633945,,
GNB,BX.GSR.TRAN.ZS,,,,,,,,,,,,,,,,,,,,,,,8.928571429,5.970149254,5,4.615384615,,,,2.639751553,2.923976608,1.684532925,0.519031142,3.073770492,9.803921569,7.732864675,5.747126437,5.625,,,,,1.810554206,12.79770445,17.28121927,9.537784299,,0.209643606,0.159926891,,0.704705615,1.162879004,1.734245016,,,0.166418981,,
GNB,BX.GSR.TOTL.CD,,,,,,,,,,,,,,,,,,,,,,,17400000,15300000,25400000,18100000,9700000,15400000,15900000,20640000,26100000,33500000,18030000,25720000,38820000,29590000,28570000,56860000,,,,67917305.19,62168914.45,73083236.51,84751632.47,95228499.92,77859571.74,140870881.8,172081921.4,163401384.2,183791113.3,297902934.3,156272045.9,201167400.3,275820035.8,342254372.4,,
GNB,BX.GSR.NFSV.CD,,,,,,,,,,,,,,,,,,,,,,,5600000,6700000,8000000,6500000,0,0,0,6440000,6840000,13060000,11560000,9760000,5610000,5690000,6960000,8000000,,,,4462248.529,6497957.894,5996211.49,7700391.774,5168084.627,3425193.874,33390209.01,43770488.72,33120280.57,43990266.46,44649105.69,21685624.96,38139419.02,46923358.34,36270010.76,,
GNB,BX.GSR.MRCH.CD,,,,,,,,,,,,,,,,,,,,,,,11800000,8600000,17400000,11600000,9700000,15400000,15900000,14200000,19260000,20440000,6470000,15960000,33210000,23900000,21610000,48860000,,,,62888919.96,54381121.24,65010288.36,75747019.97,89618682.46,74139860.91,107040670,128131430.6,121641030.4,126600766.8,237992932,131358384.9,152792474.9,165964114.8,252246891.9,,
GNB,BX.GSR.INSF.ZS,,,,,,,,,,,,,,,,,,,,,,,0,0,0,0,,,,0,0,0,0,0,0,0,0,0,,,,1.681442984,9.935968205,12.42467719,14.70009833,0,4.299274149,4.282719377,0.639707562,8.756038647,10.29779495,0.408194262,1.598757124,1.507238993,2.396592012,7.12338499,,
GNB,BX.GSR.GNFS.CD,,,,,,,,,,,,,,,,,,,,,,,17400000,15300000,25400000,18100000,9700000,15400000,15900000,20640000,26100000,33500000,18030000,25720000,38820000,29590000,28570000,56860000,,,,67351168.49,60879079.13,71006499.85,83447411.74,94786767.08,77565054.79,140430879,171901919.4,154761311,170591033.3,282642037.7,153044009.8,190931893.9,212887473.1,288516902.7,,
GNB,BX.GSR.CMCP.ZS,,,,,,,,,,,,,,,,,,,,,,,78.57142857,85.07462687,76.25,70.76923077,,,,97.36024845,97.07602339,98.31546708,99.48096886,96.92622951,90.19607843,92.26713533,88.50574713,55.25,,,,37.17517579,53.61006845,44.16068867,55.50639135,59.20763023,13.9586823,10.48218029,11.9259767,55.07246377,58.83155263,66.93531545,66.01873346,52.89241286,53.32637057,45.09385658,,
GNB,BX.GSR.CCIS.ZS,,,,,,,,,,,,,,,,,,,,,,,,,,,,,,,,,,,34.04634581,,29.59770115,29,,,,16.99785998,50.36431883,26.91535151,30.92428712,48.82611886,13.9586823,10.48218029,11.9259767,51.23792271,55.37622187,64.3200243,62.78508911,52.27147285,49.37505415,39.01476234,,
GNB,BX.GSR.CCIS.CD,,,,,,,,,,,,,,,,,,,,,,,,,,,,,,,,,,,1910000,,2060000,2320000,,,,758486.757,3272652.232,1613901.4,2381291.262,2523375.142,478111.931,3500021.908,5220058.284,16970143.76,24360147.55,28718315.63,13615338.95,19936036.06,23168433.59,14150658.5,,
GNB,BN.GSR.MRCH.CD,,,,,,,,,,,,,,,,,,,,,,,-49700000,-49800000,-42700000,-47900000,-41500000,-29300000,-43000000,-54700000,-48810000,-47030000,-77040000,-37860000,-20590000,-35440000,-35190000,-13630000,,,,1170470.571,-4119151.494,-294218.6986,-7124376.726,-16309800.16,-52905953.84,-60860380.96,-70660788.96,-80680683.46,-69970423.82,-2217154.334,-50402766.46,-30038860.97,-48195569.05,45314265.48,,
GNB,BN.GSR.GNFS.CD,,,,,,,,,,,,,,,,,,,,,,,-57700000,-56300000,-55900000,-66500000,-55900000,-44600000,-60100000,-75651000,-62072000,-61377000,-93043000,-49239000,-42090000,-59660000,-57480000,-31780000,,,,-24634449.39,-25100855.24,-30504112.91,-43727738.51,-52876937.46,-89058865.61,-95710599.1,-112071251.3,-134441138.9,-128540778.6,-57273428.19,-101225726.1,-79124579.06,-117763772.4,-49268060.3,,
GNB,BM.GSR.TRVL.ZS,,,,,,,,,,,,,,,,,,,,,,,11.02941176,7.575757576,8.962264151,7.96812749,,,,12.01124457,17.01323251,12.36910278,10.26738744,13.34027154,14.01696791,12.53761284,9.846153846,5.544933078,,,,9.17203768,18.55583982,36.69153638,29.63469344,23.47596984,39.26069099,58.92438453,53.49847382,29.63858195,28.7148986,31.63656204,27.34347986,31.1562907,45.68692132,40.3732659,,
GNB,BM.GSR.TRAN.ZS,,,,,,,,,,,,,,,,,,,,,,,47.94117647,52.27272727,35.89622642,39.76095618,45.625,32.88235294,38.73684211,30.22890731,46.76151627,32.47345569,41.8314407,38.88547235,46.80929546,47.27515881,43.11111111,59.50286807,,,,89.69216208,56.05910301,58.78914603,51.25400555,60.9612065,56.88813723,35.18464244,37.67316271,34.97928177,27.2425897,40.99466094,46.61377291,34.58271712,33.02124119,31.79169054,,
GNB,BM.GSR.TOTL.CD,,,,,,,,,,,,,,,,,,,,,,,82900000,76400000,86000000,90500000,82100000,77900000,95900000,124341000,110452000,127787000,138853000,103939000,107180000,110340000,104700000,102940000,,,,104562037.7,96027450.18,112419072.1,138114325.3,156923031.5,175752033.4,246481542.9,298853336.8,308952617.2,314651905.9,373685002.4,290530687.9,288313981.1,356248489.2,365950934.5,,
GNB,BM.GSR.NFSV.CD,,,,,,,,,,,,,,,,,,,,,,,13600000,13200000,21200000,25100000,14400000,15300000,17100000,27391000,20102000,27407000,27563000,21139000,27110000,29910000,29250000,26150000,,,,30267168.49,27479661.64,36206105.71,44303753.56,41735221.93,39578105.65,68240427.15,85180951.08,86880735.98,102560621.2,99705379.55,72508584.55,87225137.1,116491561.7,130852336.5,,
GNB,BM.GSR.MRCH.CD,,,,,,,,,,,,,,,,,,,,,,,61500000,58400000,60100000,59500000,51200000,44700000,58900000,68900000,68070000,67470000,83510000,53820000,53800000,59340000,56800000,62490000,,,,61718449.39,58500272.73,65304507.06,82871396.7,105928482.6,127045814.7,167901051,198792219.6,202321713.9,196571190.7,240210086.3,181761151.3,182831335.8,214159683.9,206932626.5,,
GNB,BM.GSR.INSF.ZS,,,,,,,,,,,,,,,,,,,,,,,5,4.545454545,2.783018868,3.266932271,5.069444444,3.653594771,4.304093567,3.14336826,4.835339767,3.309373518,4.328266154,3.63782582,4.205090373,4.212637914,4.102564103,5.124282983,,,,0.157750034,1.132981778,1.031221784,0.388805811,4.192786409,2.962068132,1.949003517,4.872035689,4.98388582,4.758190328,6.423070767,1.732689315,5.442753542,4.828738243,6.348285462,,
GNB,BM.GSR.GNFS.CD,,,,,,,,,,,,,,,,,,,,,,,75100000,71600000,81300000,84600000,65600000,60000000,76000000,96291000,88172000,94877000,111073000,74959000,80910000,89250000,86050000,88640000,,,,91985617.88,85979934.37,101510612.8,127175150.3,147663704.5,166623920.4,236141478.1,283973170.7,289202449.9,299131811.9,339915465.9,254269735.9,270056472.9,330651245.6,337784963,,
GNB,BM.GSR.CMCP.ZS,,,,,,,,,,,,,,,,,,,,,,,36.02941176,35.60606061,52.35849057,49.00398406,49.30555556,63.46405229,56.95906433,54.61647987,31.38991145,51.84806801,43.57290571,44.13643029,34.96864626,35.97459044,42.94017094,29.82791587,,,,0.97805021,24.25207539,3.488095804,18.72249519,11.37003725,0.889103648,3.941969519,3.956327776,30.39825046,39.28432137,20.94570625,24.31005792,28.81823863,16.46309925,21.48675809,,
GNB,BG.GSR.NFSV.GD.ZS,,,,,,,,,,,,,,,,,,,,,,,11.59955197,12.16548446,21.08624481,21.9663722,11.05778301,8.801380691,10.39778393,15.87244122,11.04352337,15.73669446,17.28708241,13.04411257,13.88676714,14.01757363,13.39029271,12.71639227,,,,8.853262769,8.170771216,8.858807129,9.791607835,7.99317575,7.266158555,14.61036765,14.92257392,14.53098155,17.2284445,13.13046546,9.515762728,11.98379795,15.48683262,16.12946885,,
