IDX,TX.VAL.TRVL.ZS.WT,,,,,,,,,,,,,,,,,,,,,,,,,,,,,,25.84313637,24.96223672,25.66233559,,34.70231739,34.00979421,,,35.91738319,41.21197324,40.86379755,42.74070729,43.96552887,49.94591618,44.95898115,48.4688765,47.88909364,45.10277131,47.06503442,45.3993953,47.04378616,43.29966208,40.87097536,39.91446808,40.22425755,38.83517303,36.0155061,38.19119166,
IDX,TX.VAL.TRAN.ZS.WT,,,,,,,,,,,,,,,,,,,,,,,,,35.18557155,33.17927995,30.46350184,28.44117463,29.90871178,29.3969719,27.7251235,29.85856355,,18.46785239,19.67072837,,,25.17608921,26.29852772,21.31967744,26.34186657,24.55369178,20.92724843,20.33149393,20.10144681,16.97828905,15.75124801,14.40401199,14.892878,15.75840556,17.31217872,18.96482901,18.54773967,21.28265161,20.44925192,22.71066133,19.01730197,
IDX,TX.VAL.TECH.MF.ZS,,,,,,,,,,,,,,,,,,,,,,,,,,,,,,,,,,,,,,,3.017093193,,3.221549938,2.022395199,2.421802487,2.313163326,3.978195339,3.662568743,3.433324445,3.220829225,,3.284493014,1.614347154,6.033669169,4.626138459,2.565863562,,,,
IDX,TX.VAL.TECH.CD,,,,,,,,,,,,,,,,,,,,,,,,,,,,,,,,,,,,,,,,,,,,,,,,,,,238359739,,816634972,,,,,
IDX,TX.VAL.SERV.CD.WT,,,,,,,,,,,,,,,,,,,2151573276,2607787728,3209147656,3720386797,3547551065,3102399078,3117492990,3615614736,3399721963,3887492264,3989340390,4626621477,5048543304,5141669163,5967973115,7088448135,8114882300,9300846029,9646376881,10299858441,10802225839,11628626363,12442573729,12511843158,12971765182,13422447792,17244049176,20001771468,22838336995,29818810912,34507502875,33464220613,39321229404,48430243621,53595161353,57727649335,60338651858,64557669177,,
IDX,TX.VAL.OTHR.ZS.WT,,,,,,,,,,,,,,,,,,,,,,,,,36.03967078,40.47077525,45.57121737,46.97181201,43.44774897,42.89576176,45.42709546,43.29219851,54.4187202,45.48850348,45.3710073,,,37.2757529,30.57360611,35.46560779,28.95305241,28.88143694,28.04439293,32.78455438,29.97501642,31.8679409,35.72739646,34.84845812,35.05423771,33.54296866,36.00435542,36.45618871,35.85357269,36.23514178,34.20900352,36.21605948,35.45306213,
IDX,TX.VAL.MRCH.XD.WD,,,,,,,,,,,,,,,,,,,,,,,,,,,,,,,,,,,,,,,,,,,,,,,,,,,,,,,,,,
IDX,TX.VAL.MRCH.WR.ZS,9.043521095,8.969292215,9.101797365,8.962415413,9.144925778,9.485422262,7.709740615,8.390021407,8.698718939,9.631211233,9.940653173,9.284658241,12.26376971,12.9092985,13.19840007,9.07782407,7.53014937,7.548461796,8.209633488,8.396241901,8.662225797,9.990036677,10.21629076,9.57758042,8.429351642,8.033983476,7.941149885,9.096491394,8.413902167,9.024819561,9.918964157,12.13827804,14.58617609,14.67589925,14.89499584,14.38755199,12.25709835,12.33705843,14.80365118,13.22020119,13.44186918,14.00723502,13.62474996,15.48908307,18.73013734,19.20082697,21.68755965,21.5855395,24.86506533,25.11573942,24.65646275,26.89484167,26.39942405,26.41025538,26.79737015,24.40076292,25.36905003,
IDX,TX.VAL.MRCH.WL.CD,2103141000,2196316000,2250962000,2931308000,3708450000,3664286000,4329121000,4289262000,4824515000,5424406000,5874956000,4764408000,6557690000,8488548000,11096004000,10055912000,11584073000,13686709000,13268071000,16131348000,18345054000,16926451591,15414986959,15266543165,16033494668,15376242292,16306677683,16676040918,16641210489,18991722332,24628851050,20821410588,22043932060,22174502603,24932077010,30810939598,37152264514,36301735149,32415724772,35737245603,53612909751,57520631878,65346286149,68500034748,78240229798,72044346779,87803033687,1.00362E+11,1.21998E+11,1.08218E+11,1.28209E+11,1.63841E+11,1.5269E+11,1.61364E+11,1.68258E+11,1.53648E+11,1.47257E+11,
IDX,TX.VAL.MRCH.RS.ZS,9.88093523,8.085084296,9.919758752,14.22702766,12.62993973,13.45263443,13.6581768,13.27491769,15.7225545,12.447833,13.7669797,9.936323673,11.25428314,11.15385105,11.98788321,17.49068608,12.29977574,11.91935183,14.67444665,16.12185169,17.68204662,14.69324968,12.35882324,16.01602669,16.75072334,18.34760759,20.24275063,20.02943234,18.99190838,20.69611212,16.91484051,15.64481906,11.73225635,8.636424723,11.4179136,9.902637546,18.2121073,14.74450781,5.205270503,6.641697033,2.921517031,3.361411601,2.104274639,2.512515225,2.476400367,3.065846104,3.686323128,2.982966029,2.99685144,3.067290267,2.955896589,3.054168702,3.355353233,4.026894851,4.490609062,4.535492143,4.634160192,
IDX,TX.VAL.MRCH.R6.ZS,2.183400923,2.740953488,3.736224779,4.176156173,4.590462323,5.020568809,4.841814308,5.347959626,4.931397249,6.770308122,7.246284057,6.561381813,9.861551857,10.31655826,10.08627971,6.052310323,4.283536542,4.701955744,4.660911145,5.213587854,5.901448968,6.687613319,6.945365292,6.262364627,5.629907171,6.16904849,5.80669759,6.726039529,5.9846992,6.019699277,6.828141997,7.504603213,9.068250213,7.619712853,7.551355963,6.697171238,6.671855582,6.518848086,7.971199926,6.9202587,6.272239057,6.486410558,5.894275106,6.896252786,7.982635735,10.77642638,11.29567504,11.30186118,11.67963996,13.650729,13.78609259,16.37355308,17.0236457,16.72642123,14.96308041,11.2573438,12.71223929,
IDX,TX.VAL.MRCH.R5.ZS,7.127434632,5.882577917,6.84596186,4.977300236,4.284539363,3.667917843,3.4210178,2.847319655,2.371637356,2.640989631,2.482044121,3.129937654,3.345049857,2.405735351,1.989536053,1.264251318,1.888403155,2.041549945,2.124536415,1.971267373,1.754064065,2.436299775,2.19744653,1.991580482,2.112629467,1.911972447,2.423063285,2.272046812,1.857809035,1.736876405,2.324428658,2.835231343,2.417272502,2.840203265,2.724958361,2.802976187,2.397078627,2.594168486,3.269174367,3.582981994,3.829703602,4.127587298,4.1853403,3.213757644,3.375783289,5.124275188,5.248113462,5.19323737,4.755779322,5.589062272,5.188761149,4.073255906,5.483448389,4.45360047,5.030855228,8.998228196,6.028644946,
IDX,TX.VAL.MRCH.R4.ZS,4.40988027,3.783972798,3.861593399,2.974474194,2.647305478,2.561808767,2.241586687,2.181400903,1.915840245,1.813654804,1.701340402,1.8925961,2.135325092,2.314129578,2.755974133,3.181789976,2.252351138,2.080880071,2.36226502,2.581774319,2.787328944,3.332569499,3.118739336,3.583947539,3.259420344,2.490351373,1.942900364,1.905232192,2.385111475,3.172852169,3.828836197,4.242787155,3.931275444,4.266541744,4.335313057,3.611353836,2.259655396,2.560799139,3.034784096,2.119161615,3.4367079,3.955874417,4.281862435,5.195496814,6.615545642,2.423114948,4.039198948,4.05833725,6.073085103,5.142006601,4.134462818,3.220438087,1.717490597,1.521744011,1.284066136,1.247965301,1.345720285,
IDX,TX.VAL.MRCH.R3.ZS,1.258974077,1.351991244,1.154439746,0.798278448,1.063301379,1.155750397,1.128658682,1.36683187,1.615167535,1.621449427,1.660165625,2.149941819,2.45385189,2.189703115,2.599323144,2.845261573,2.167147945,2.03864932,2.090175731,1.780062026,1.697607431,1.712350515,1.342932852,1.180211906,0.92650338,0.977860885,0.693749721,0.703045115,0.752972694,0.920689229,0.740666504,1.125354831,1.137172444,1.645225801,1.784615822,2.249606121,2.730068956,2.100686479,2.194902156,3.07073863,1.743184642,1.589157068,1.185194825,1.422450416,1.430304637,2.086404509,2.056777556,2.049592034,1.824330209,1.873723391,1.82436334,1.938763849,2.808679625,2.140746988,2.548036995,2.762951766,2.212535727,
IDX,TX.VAL.MRCH.R2.ZS,0.280532784,0.314162443,1.008457717,0.791455555,0.647170651,0.671344977,0.570554623,0.55725204,0.329587534,0.500312845,0.435271345,0.489294788,0.39684706,0.402094681,0.348873342,0.746386802,0.499435734,0.613894838,0.407323717,1.128312401,1.592985226,1.670093678,3.235846811,4.27720987,3.799865448,3.302333993,1.386068961,1.268643055,1.439882484,1.600832092,0.900804668,1.278421478,2.084851023,5.737288456,2.784040611,4.973021683,3.906840619,3.77447835,3.442876221,3.601498661,6.331197728,5.092473334,6.501319694,4.766256506,5.907052512,2.269882119,2.640817076,2.941919084,2.994534333,2.349641735,2.739561745,2.613785912,2.617463303,2.533092265,2.369865357,2.533027797,2.501373121,
IDX,TX.VAL.MRCH.R1.ZS,4.160443831,4.493888858,3.024973323,3.93339765,3.520311721,3.872514318,2.182960467,2.025220189,2.008968777,1.452269613,2.240238055,3.06482988,2.6527024,2.921689316,2.632551322,2.262867853,2.58811387,2.578589199,2.573237662,3.012029745,2.19323966,2.499028427,2.600718256,2.435044587,2.302063777,2.723813563,2.317382617,2.38328635,3.013038651,2.910624857,2.92173303,3.575888813,3.908089082,5.313558803,5.597501044,7.017547998,7.046798547,7.25517178,6.222135156,7.440981618,5.199124866,5.268792559,5.257991815,8.769065574,10.70459986,14.9205192,10.44926876,9.095086935,11.62058276,11.24204655,12.298502,13.65605291,16.22189118,16.53921049,17.94894728,16.75726577,17.46603774,
IDX,TX.VAL.MRCH.OR.ZS,10.37714542,9.598254532,10.52985346,8.688646843,7.608165136,7.464482849,6.676851952,5.935962877,4.473879758,5.167773209,5.824690432,8.003323813,8.581558445,7.640611798,7.21413763,7.275043775,6.148839014,6.507057321,6.008816202,7.290791817,7.264448499,8.347918537,9.22475832,10.15277859,9.601037945,9.541397275,6.628712654,6.161801659,7.019611372,7.336754469,7.625646898,8.424008789,7.960734615,12.74663167,9.882789015,12.96412508,12.75519938,12.46709389,11.33142074,13.51542002,13.37028861,12.51306022,13.68123422,14.77419667,17.28578434,18.39979537,14.04229119,13.05449436,14.08288635,14.73147013,15.31528089,14.98100808,19.47319475,17.50456008,17.34748126,19.15601971,16.89750108,
IDX,TX.VAL.MRCH.HI.ZS,70.69839825,73.34736896,70.44859042,68.12191008,70.61696935,69.59746046,71.95523063,72.39909803,71.10484681,72.75318256,70.46767669,72.77569427,67.9003887,68.29623865,67.59957909,66.15644608,74.02123588,74.02512905,71.10710366,68.19111459,66.39127909,66.9687951,68.20012768,64.2536143,65.21888708,64.07701166,65.18738683,64.7122746,65.57457808,62.94231385,65.54054843,63.7928941,65.72083294,63.94104436,63.80430155,62.74568539,56.77559498,60.45133987,68.65965758,66.62268175,70.26632517,70.11829317,70.58974119,67.22420503,61.50767795,59.33353155,60.58382603,62.37700012,58.05519687,57.08550019,57.07235977,55.06998155,50.77202797,52.05828969,51.36453953,51.90772522,53.0992887,
IDX,TX.VAL.MRCH.CD.WT,3959057078,3788632670,4059761492,4600933917,4894926397,5015060209,5434745414,5348650757,5926967960,6601109327,7103629745,7307687884,7537146869,9786919481,12871364145,11842730278,13992735991,16144551074,16180161297,20179986008,23763228196,21256689819,19841206710,19521223088,20028974878,19664549085,19811208246,20330070578,21206692378,23822114071,26636162485,23506014943,23965223036,24975930827,27769861839,35448405595,38604396195,39636211321,38505097504,40325337396,46226879620,47363877925,52661642776,57513995768,71562768528,85017941506,1.03564E+11,1.1731E+11,1.42223E+11,1.24728E+11,1.57928E+11,1.8762E+11,1.78109E+11,1.8463E+11,1.86811E+11,1.64839E+11,1.69466E+11,
IDX,TX.VAL.MRCH.AL.ZS,5.427405961,4.680929338,4.772315126,4.079782814,3.556742035,3.508787251,3.278748734,3.112376908,2.729289887,2.628011251,2.522538041,3.187615334,3.394747236,3.555390156,4.039075689,4.821153964,3.752410745,3.788931291,4.276929178,3.782479927,4.716917159,6.019663906,6.23247996,4.877118467,4.671703141,4.065685173,3.675571687,3.328579222,3.842864492,5.102292009,6.356894342,6.341106144,6.400314382,6.932546928,7.463664364,6.557392447,4.469158776,4.730980803,6.092564497,4.921551749,8.331395068,8.283132978,11.313329,10.2668036,10.83802975,5.591106381,8.167703683,8.300944305,9.875415951,8.930760995,9.054587783,7.595026053,7.331355667,7.722505673,7.275262549,6.687832255,7.356839813,
IDX,TX.VAL.MMTL.ZS.UN,,,,,,,,,,,,,,,,,,,,,,,,,,,,,,,,,,,,,9.585927326,9.279041953,8.195295423,,9.491509697,10.02852603,9.676975536,8.271362133,9.613016281,9.909362297,9.774705616,12.30559108,11.47704874,8.145432059,10.33717178,10.63124179,,,,,,
IDX,TX.VAL.MANF.ZS.UN,,,,,,,,,,,,,,,,,,,,,,,,,,,,,,,,,,,,,25.10169505,25.54639661,26.6137056,,28.35258739,29.22823338,31.46225328,30.69574993,30.24445608,29.91652045,32.58846262,34.79431691,32.97098712,33.32193182,31.26593852,31.58338832,,,,,,
IDX,TX.VAL.INSF.ZS.WT,,,,,,,,,,,,,,,,,,,,,,,,,2.101852908,2.085049002,2.029514695,,2.232831508,2.097786409,1.915510198,2.08621907,,,,,,,,,,,,,,4.09717787,4.236335174,3.997177397,5.035581589,3.988432503,3.698185262,4.095868096,5.86161357,2.916172611,6.649319742,5.174066164,7.457866029,
IDX,TX.VAL.ICTG.ZS.UN,,,,,,,,,,,,,,,,,,,,,,,,,,,,,,,,,,,,,,,,,,,,,,0.22622475,0.254015556,0.423999807,,0.278536175,0.253589904,,,,,,,
IDX,TX.VAL.FUEL.ZS.UN,,,,,,,,,,,,,,,,,,,,,,,,,,,,,,,,,,,,,18.24379423,16.68449326,,,26.01507563,25.81878775,24.39746988,23.52810744,25.98278773,26.40909989,26.14199436,18.29575663,25.84383082,25.30277113,25.23414342,24.50233803,,,,,,
IDX,TX.VAL.FOOD.ZS.UN,,,,,,,,,,,,,,,,,,,,,,,,,,,,,,,,,,,,,35.60419189,35.69204488,37.11833401,,27.87020446,26.69531617,26.8094502,28.76821393,25.31759942,25.73358124,26.11533242,27.92206986,22.89137071,27.69844175,27.08061246,26.0356972,,,,,,
IDX,TX.VAL.AGRI.ZS.UN,,,,,,,,,,,,,,,,,,,,,,,,,,,,,,,,,,,,,11.38344864,12.63907304,11.62672486,,8.665964135,7.422394328,7.129676699,8.072617628,7.792805972,7.321016048,5.260730496,6.634904222,5.250096329,3.900787615,5.363080551,5.64018813,,,,,,
IDX,TX.QTY.MRCH.XD.WD,,,,,,,,,,,,,,,,,,,,,,,,,,,,,,,,,,,,,,,,,,,,,,,,,,,,,,,,,,
IDX,TT.PRI.MRCH.XD.WD,,,,,,,,,,,,,,,,,,,,,,,,,,,,,,,,,,,,,,,,,,,,,,,,,,,,,,,,,,
IDX,TM.VAL.TRVL.ZS.WT,,,,,,,,,,,,,,,,,,,14.13225184,15.65346753,17.80201378,13.81576487,15.38479951,13.66743178,14.06187376,13.61512718,16.01236314,16.43831781,19.88026241,20.66632948,18.74355623,18.88183992,18.96227947,19.08628936,20.52644382,20.77714853,19.45176448,20.62234854,21.26627557,21.7046453,23.78129748,20.8669687,20.5755985,20.38184281,19.93883748,20.02545283,20.31265962,19.62780946,19.46617254,20.80371769,20.99112778,17.58692603,16.65289882,15.76324704,15.87466224,16.60654009,18.0019129,
IDX,TM.VAL.TRAN.ZS.WT,,,,,,,,,,,,,,,,,,,60.38942022,60.91404936,58.54723636,60.84181664,60.85476723,61.26218889,61.40457079,58.53969907,57.25315882,57.47269123,56.36476112,57.28165327,58.29252184,57.18160894,56.59184338,54.85008787,54.84223022,52.18355882,56.34735945,57.04416988,56.88545718,57.92673234,56.81565347,57.82968557,58.5646154,57.74899134,56.77651294,55.20115383,50.96441403,53.19368262,57.84878077,54.99802885,55.12993976,56.78954355,56.40174446,55.06821341,53.40618581,54.62836163,51.42499172,
IDX,TM.VAL.SERV.CD.WT,,,,,,,,,,,,,,,,,,,,,7526869173,7678269413,6875568284,6600291711,6721049753,7303553132,6938047580,7657885816,8122323592,8533978871,9012316980,9346624169,10177135223,11085620876,11676187866,14121413813,14577346732,14502684035,15178465493,15182700773,16358712146,16776642844,17400598282,19174661371,23102904927,26926882790,31412628344,37946396782,44585945127,40774244454,48269376127,58099807358,63717730043,68675692201,71766645408,69388558758,70304151992,
IDX,TM.VAL.OTHR.ZS.WT,,,,,,,,,,,,,,,,,,,20.71551565,18.05529082,18.22376145,19.73019949,18.43584507,19.4152192,18.9806006,22.14151976,21.76564418,21.12865,18.96743603,17.08378771,17.56417456,18.74263038,19.87704097,21.6826698,20.46837945,23.66789686,20.17695261,18.57831057,18.2003058,17.64579396,15.95462694,17.38228527,16.95134149,17.62322627,18.0201414,18.60780452,21.93208336,21.10595391,16.78724907,18.57670119,18.57066033,19.98457271,20.05322417,22.29483564,23.26044259,21.92365313,22.40392945,
IDX,TM.VAL.MRCH.XD.WD,,,,,,,,,,,,,,,,,,,,,,,,,,,,,,,,,,,,,,,,,,,,,,,,,,,,,,,,,,
IDX,TM.VAL.MRCH.WR.ZS,6.753376471,6.715981415,7.279218831,8.46620482,12.12773651,12.27678962,12.20938578,12.11238217,13.81534696,13.41419279,13.16851377,12.92241557,12.51257361,12.96329866,12.34032794,11.27920705,10.30979346,10.32246576,10.37102801,11.45474986,13.55527433,14.18450751,15.31666623,15.51471918,16.64910419,15.29841318,11.63955907,11.86670979,11.13038747,13.37530213,13.2796851,12.74102963,14.56976989,16.48841858,17.08628505,19.04832401,20.73474513,20.95515975,20.43044884,20.89123993,20.21714846,19.66056505,20.29044633,21.83464379,22.800682,25.36663415,24.46202612,24.06031623,23.87340594,22.58262771,22.96224081,24.47769383,26.32001315,26.29908048,26.51827145,25.84372505,27.62520373,
IDX,TM.VAL.MRCH.WL.CD,2296703000,2333717000,2469221000,2950909000,3723053273,4001494000,4193790000,4317071364,4775891636,5158114727,5814774364,5752655818,6539847818,9119993545,12956755273,14867963273,14166142182,17321357364,18203803364,20813770636,26397143909,29295187352,25589998627,24207114280,23501268509,24104633097,23126937762,25287804306,25560965376,27437028247,37046149620,35034530878,42673882181,43280097783,45836711550,52747817128,55017619131,53212407585,58044106418,58513401606,72529477134,76368224702,75507963471,89722611053,1.11167E+11,1.11056E+11,1.31423E+11,1.59413E+11,2.04827E+11,1.83191E+11,2.18066E+11,2.59515E+11,2.66143E+11,2.92484E+11,3.07591E+11,2.83929E+11,2.71657E+11,
IDX,TM.VAL.MRCH.RS.ZS,7.776364641,8.099525349,8.679660508,10.05801941,12.29892796,12.16033312,10.07089053,11.12846811,11.20065196,10.97420686,10.9886512,8.054447418,10.62294113,10.01936712,11.52159462,11.26541536,10.00866061,10.37518521,11.75646777,12.57551487,10.3023291,11.13182654,10.36187752,11.91048535,13.563815,13.55332856,15.18797803,13.73286218,13.22349928,12.33696646,10.36336894,9.941999358,8.401717291,8.239099329,9.366884739,7.423077286,9.578273106,7.902584342,7.132077436,8.292541829,6.077022509,4.380606216,4.285388595,6.168291911,3.704306144,4.906757334,6.096390809,3.470402648,3.669937596,3.496315001,2.724906741,2.260438473,3.770472715,4.880714933,4.496975257,3.472546798,3.345557173,
IDX,TM.VAL.MRCH.R6.ZS,3.066569774,2.958370702,3.503534111,4.389494898,7.866475968,8.187641916,8.486023382,7.893503565,9.480470549,9.257015,8.936380511,8.643070379,8.686842382,7.781617361,7.37288828,6.642970149,6.100023485,6.284410397,5.460037802,5.411889958,6.131925782,6.736739982,7.720263935,6.728810271,6.992364044,6.972409533,6.874217799,7.481016541,7.554360728,9.748044263,9.60771977,8.015961817,8.669505716,8.749611436,8.648480774,8.739952216,9.761834519,9.948209394,9.371592035,9.603434023,8.860174315,8.439692951,8.553076738,9.927421857,9.623884353,12.10372035,11.2384189,10.63099411,10.98069637,10.06867791,10.07295056,10.53140165,11.39394732,11.41920396,10.19650844,8.652702792,8.533767398,
IDX,TM.VAL.MRCH.R5.ZS,3.835498103,3.789234085,3.373533596,2.923133177,3.131371685,2.754521186,2.293653235,2.126567904,1.990916194,2.236142953,2.248521539,2.581033955,1.52862606,2.722047387,2.06207702,2.243579298,2.132279375,2.193482832,2.396334383,1.9658672,1.955624449,2.487634932,1.911211287,2.119795776,2.051976577,1.984307519,2.375247202,2.258651179,2.81448136,2.126720328,2.311414584,2.467172802,2.67992833,2.777968118,3.049335735,4.424219733,4.947700613,4.701370991,5.184011745,4.409976081,4.878466978,5.489132989,6.120897552,7.395499938,7.207839535,7.641677193,7.688078261,7.645898879,7.070510157,6.891951855,7.308482319,8.143884616,8.344212097,8.900573493,9.554107155,8.947303653,10.04222981,
IDX,TM.VAL.MRCH.R4.ZS,4.174244558,4.147889397,4.099268555,3.260012423,3.340933311,2.607276182,2.870029258,2.823572411,3.45788834,4.115564644,3.584574327,4.137086791,3.696391273,3.61360702,5.223131469,4.280576521,4.132326681,3.991394626,3.710943282,5.350694021,5.790962584,5.034917515,6.364801529,6.74276659,7.217466667,5.382173053,2.514833114,2.232920862,1.168919118,1.464659906,2.043662105,2.215677986,2.184824554,2.145076942,2.102251159,2.026398798,1.920039858,1.697089562,1.26726894,1.331533428,2.64257107,2.323196066,2.926528112,3.020457926,3.846599541,2.271886963,2.25826077,2.456979829,2.318617867,2.562993098,2.769239141,2.594310193,2.218460419,2.095352535,2.10459171,2.371411832,2.110943926,
IDX,TM.VAL.MRCH.R3.ZS,1.504112635,1.8096453,1.957702449,2.182378379,1.958124009,2.277249447,2.714680516,2.95160745,3.161210754,2.768381076,3.147987377,3.070241965,3.030301263,3.849647856,3.647280998,3.832965548,3.342098702,3.625329989,3.74924497,3.527232984,4.817139598,4.493903692,4.288100707,4.41746845,3.999873082,3.886580245,2.806319906,2.106099306,2.319491327,2.621506336,2.430264387,2.999081628,2.905288515,2.93901131,3.351613355,3.417702377,3.394691013,3.760812943,4.191977352,4.615694777,4.498609364,4.678187844,4.89705029,4.659777233,4.972296863,5.126705332,4.894605254,4.993097105,4.683825402,5.102492343,4.525307745,4.761019574,5.019951362,4.392763986,3.986331316,3.701763302,4.262523491,
IDX,TM.VAL.MRCH.R2.ZS,0.506769922,0.489648059,0.698884385,0.620147893,0.647318162,0.613920701,0.913398143,0.604900818,0.621643083,0.607427707,0.570373103,0.618560159,0.653944881,0.77987894,0.863753715,1.001380662,0.940979219,1.97480587,1.397740873,1.65615966,1.55199607,1.660922431,1.170400547,1.226860201,1.142475313,1.198196471,1.532503073,1.17228548,1.477805225,1.418872716,0.990829252,1.492890856,2.654371225,3.649623813,3.464538612,4.38355227,4.969139585,3.961920777,4.391959497,4.228114584,6.127126964,6.520830013,6.371041845,6.62024758,9.126890637,5.206889527,5.917045225,6.51139907,7.70725528,8.199236097,7.058444916,7.156353381,5.994064471,5.689621423,7.24086541,6.903013081,6.863289148,
IDX,TM.VAL.MRCH.R1.ZS,2.818823331,2.524299219,3.134591841,3.277024131,3.097311173,3.773565573,3.250234275,3.370837374,2.539651425,2.702904382,2.300911585,3.661687378,3.912708508,4.200229245,4.070859269,2.949434976,2.404464847,2.774355329,2.763929899,3.106224553,2.98414825,3.491201776,3.828182374,2.971050699,3.931903202,3.673418166,4.679330291,4.314267541,4.716501886,4.968602324,4.989318812,5.951407531,7.374363344,8.013131755,8.68973655,9.555152853,9.152757528,9.644123867,9.735260578,10.39530847,10.83269498,10.74532162,10.68773594,11.37876381,12.09400727,13.18560967,12.90070802,14.81135443,15.78406462,18.07510718,19.6697664,20.48199656,20.50592087,20.69933435,23.45350043,26.33059095,27.79061523,
IDX,TM.VAL.MRCH.OR.ZS,9.152641852,9.003105347,9.488296106,8.185986081,7.9137978,7.937385387,8.318633026,7.658607355,7.436433384,8.273242969,7.620234669,9.78926506,8.996240759,9.98372915,10.89966281,9.671700102,8.74237885,10.52131328,9.107203203,9.563318515,9.676522399,9.720812814,9.966294149,8.692032808,8.686954699,7.798671809,9.142892309,7.69853112,8.921172176,8.973103744,9.093523804,10.40116299,11.8985118,11.7860048,12.21967114,13.49865423,13.41141798,12.75836779,13.71162131,13.69282144,17.62249521,18.53579643,19.26588415,21.16752455,24.07083619,20.16985487,20.43509031,22.98940719,24.67156376,28.31783078,28.44195028,29.19127214,27.15654339,26.89776927,30.01763301,31.06306055,31.97816527,
IDX,TM.VAL.MRCH.HI.ZS,76.31761704,76.18138789,74.55282455,73.28978969,67.65953773,67.62549188,69.40109066,69.10054237,67.5475677,67.33835738,68.22260036,69.23387195,67.8682445,67.03360507,65.23841463,67.78367748,70.93916709,68.78103574,68.76530102,66.40641676,66.46587417,64.96285313,64.3551621,63.88276267,61.10012612,63.34958645,64.02957059,66.70189691,66.72494108,65.31462767,67.26342215,66.91580802,65.13000103,63.4864773,61.32715907,60.02994447,56.27556378,58.38388812,58.72585242,57.1233968,56.08333382,57.4230323,56.15828093,50.82953975,49.42417566,49.55675364,49.00649276,49.47987393,47.7850927,45.60322651,45.87090218,44.07059556,42.75297075,41.92243532,38.96712028,39.6206676,37.05107383,
IDX,TM.VAL.MRCH.CD.WT,4357169217,4528518823,4487142134,4752564002,5146461492,5520088493,5720622322,5622869811,5949233800,6421798644,7053229647,7715971552,8020954109,10250414145,14586188145,16683983580,17045044732,20681697763,23799920643,27244933134,36574422330,36775676361,33034719086,32073650373,30809086277,30721912071,29309905183,30747741466,32270599505,32669878891,34017312508,33777027463,38103807263,39837532596,41807767721,48713043210,52827086021,52862667854,55697847093,57798260303,59270131668,63789403390,65821856879,76911780733,95775841832,1.16953E+11,1.34556E+11,1.63391E+11,2.05495E+11,1.81419E+11,2.13292E+11,2.59175E+11,2.74537E+11,2.89312E+11,2.98974E+11,2.79532E+11,2.70827E+11,
IDX,TM.VAL.MRCH.AL.ZS,3.582091372,3.81794365,3.119202372,2.907578648,2.980598553,2.311386697,2.284830666,2.216346799,2.702448251,2.790854074,3.051716952,3.466141367,2.952383119,3.082576941,5.929980723,5.937618918,6.607843144,6.148584378,5.070761508,7.594120915,10.15229667,11.86485825,10.54423275,6.087930792,6.106812019,6.335667064,4.918498051,4.257797767,3.5583886,3.751281975,5.03273903,5.261049179,5.468848846,5.593179704,4.939600825,5.052325656,4.417717772,4.69181718,4.523465595,4.936221178,7.881597925,7.68395659,8.918333017,9.235937767,10.37617308,10.05669248,9.983534372,9.738631666,9.621251626,8.306766522,8.928409939,9.312800438,9.385755874,9.180896303,8.065648807,9.759045497,7.892922216,
IDX,TM.VAL.MMTL.ZS.UN,,,,,,,,,,,,,,,,,,1.474612367,,,,,,,,,,,,,,,,,,1.637415835,1.541344514,1.765209802,1.599251636,,1.426564969,1.443137384,1.530703894,1.58795799,1.39984994,1.62055599,1.682562836,1.866050993,2.146834014,1.895614005,1.985468296,2.310047298,2.117872477,,,,,
IDX,TM.VAL.MANF.ZS.UN,,,,,,,,,,,,,,,,,,65.81009041,,,,,,,,,,,,,,,,,,66.08422375,64.4196439,63.92162673,64.36601331,,60.99336908,59.35271982,60.91822406,60.26006532,64.03504179,64.09864493,60.54871027,60.3131091,57.11539599,61.04569178,60.71474937,58.18615651,57.55530471,,,,,
IDX,TM.VAL.INSF.ZS.WT,,,,,,,,,,,,,,,,,,,4.908012907,6.032569313,5.562157647,5.71712098,5.789284525,6.067983531,6.154518861,6.278004507,6.181709628,6.20548118,6.300129533,6.515045212,6.350709321,5.8868965,6.086402534,,,,,,,,,,,5.379693911,5.41871531,6.31931874,6.959344542,6.223232612,6.040310643,5.757274487,5.75786085,5.833349214,6.94508032,6.926576191,7.765063398,6.868325741,8.169165925,
IDX,TM.VAL.ICTG.ZS.UN,,,,,,,,,,,,,,,,,,,,,,,,,,,,,,,,,,,,,,,,,,3.312670946,3.285779316,3.628244741,4.209693887,4.64116911,4.622749739,4.371034643,3.633171264,3.984238887,3.888654989,3.453598116,,,,,,
IDX,TM.VAL.FUEL.ZS.UN,,,,,,,,,,,,,,,,,,14.50236434,,,,,,,,,,,,,,,,,,10.34042941,11.91851221,12.80122302,11.51422681,,15.23519366,13.14678313,12.01515908,13.03493516,12.87243978,13.99378024,18.73307377,18.33984044,17.81715763,14.66234433,16.2771098,18.63056418,19.21854418,,,,,
IDX,TM.VAL.FOOD.ZS.UN,,,,,,,,,,,,,,,,,,13.47186148,,,,,,,,,,,,,,,,,,18.38917241,18.34519315,17.7100473,18.01362078,,17.4993276,16.99158813,17.06388707,17.35210395,16.36043028,15.54245787,15.11448731,15.63712437,15.53954677,17.68294764,16.90995295,17.31742929,15.57413819,,,,,
IDX,TM.VAL.AGRI.ZS.UN,,,,,,,,,,,,,,,,,,1.984132159,,,,,,,,,,,,,,,,,,2.261037832,2.337821751,2.617544289,2.664761976,,2.664352958,2.353984465,2.439161369,2.707820594,2.836943366,2.497598247,2.48012735,2.248946857,2.200735758,2.207989126,2.260056138,2.137170829,2.285602749,,,,,
IDX,TM.TAX.TCOM.WM.FN.ZS,,,,,,,,,,,,,,,,,,,,,,,,,,,,,,,,,,,,,,,,,,,,,,,,,,,,,,,,,,
IDX,TM.TAX.TCOM.WM.AR.ZS,,,,,,,,,,,,,,,,,,,,,,,,,,,,,,,,,,,,,,,,,,,,,,,,,,,,,,,,,,
IDX,TM.TAX.TCOM.SR.ZS,,,,,,,,,,,,,,,,,,,,,,,,,,,,,,,,,,,,,,,,,,,,,,,,,,,,,,,,,,
IDX,TM.TAX.TCOM.SM.FN.ZS,,,,,,,,,,,,,,,,,,,,,,,,,,,,,,,,,,,,,,,,,,,,,,,,,,,,,,,,,,
IDX,TM.TAX.TCOM.SM.AR.ZS,,,,,,,,,,,,,,,,,,,,,,,,,,,,,,,,,,,,,,,,,,,,,,,,,,,,,,,,,,
IDX,TM.TAX.TCOM.IP.ZS,,,,,,,,,,,,,,,,,,,,,,,,,,,,,,,,,,,,,,,,,,,,,,,,,,,,,,,,,,
IDX,TM.TAX.TCOM.BR.ZS,,,,,,,,,,,,,,,,,,,,,,,,,,,,,,,,,,,,,,,,,,,,,,,,,,,,,,,,,,
IDX,TM.TAX.TCOM.BC.ZS,,,,,,,,,,,,,,,,,,,,,,,,,,,,,,,,,,,,,,,,,,,,,,,,,,,,,,,,,,
IDX,TM.TAX.MRCH.WM.FN.ZS,,,,,,,,,,,,,,,,,,,,,,,,,,,,,,,,,,,,,,,,,,,,,,,,,,,,,,,,,,
IDX,TM.TAX.MRCH.WM.AR.ZS,,,,,,,,,,,,,,,,,,,,,,,,,,,,,,,,,,,,,,,,,,,,,,,,,,,,,,,,,,
IDX,TM.TAX.MRCH.SR.ZS,,,,,,,,,,,,,,,,,,,,,,,,,,,,,,,,,,,,,,,,,,,,,,,,,,,,,,,,,,
IDX,TM.TAX.MRCH.SM.FN.ZS,,,,,,,,,,,,,,,,,,,,,,,,,,,,,,,,,,,,,,,,,,,,,,,,,,,,,,,,,,
IDX,TM.TAX.MRCH.SM.AR.ZS,,,,,,,,,,,,,,,,,,,,,,,,,,,,,,,,,,,,,,,,,,,,,,,,,,,,,,,,,,
IDX,TM.TAX.MRCH.IP.ZS,,,,,,,,,,,,,,,,,,,,,,,,,,,,,,,,,,,,,,,,,,,,,,,,,,,,,,,,,,
IDX,TM.TAX.MRCH.BR.ZS,,,,,,,,,,,,,,,,,,,,,,,,,,,,,,,,,,,,,,,,,,,,,,,,,,,,,,,,,,
IDX,TM.TAX.MRCH.BC.ZS,,,,,,,,,,,,,,,,,,,,,,,,,,,,,,,,,,,,,,,,,,,,,,,,,,,,,,,,,,
IDX,TM.TAX.MANF.WM.FN.ZS,,,,,,,,,,,,,,,,,,,,,,,,,,,,,,,,,,,,,,,,,,,,,,,,,,,,,,,,,,
IDX,TM.TAX.MANF.WM.AR.ZS,,,,,,,,,,,,,,,,,,,,,,,,,,,,,,,,,,,,,,,,,,,,,,,,,,,,,,,,,,
IDX,TM.TAX.MANF.SR.ZS,,,,,,,,,,,,,,,,,,,,,,,,,,,,,,,,,,,,,,,,,,,,,,,,,,,,,,,,,,
IDX,TM.TAX.MANF.SM.FN.ZS,,,,,,,,,,,,,,,,,,,,,,,,,,,,,,,,,,,,,,,,,,,,,,,,,,,,,,,,,,
IDX,TM.TAX.MANF.SM.AR.ZS,,,,,,,,,,,,,,,,,,,,,,,,,,,,,,,,,,,,,,,,,,,,,,,,,,,,,,,,,,
IDX,TM.TAX.MANF.IP.ZS,,,,,,,,,,,,,,,,,,,,,,,,,,,,,,,,,,,,,,,,,,,,,,,,,,,,,,,,,,
IDX,TM.TAX.MANF.BR.ZS,,,,,,,,,,,,,,,,,,,,,,,,,,,,,,,,,,,,,,,,,,,,,,,,,,,,,,,,,,
IDX,TM.TAX.MANF.BC.ZS,,,,,,,,,,,,,,,,,,,,,,,,,,,,,,,,,,,,,,,,,,,,,,,,,,,,,,,,,,
IDX,TM.QTY.MRCH.XD.WD,,,,,,,,,,,,,,,,,,,,,,,,,,,,,,,,,,,,,,,,,,,,,,,,,,,,,,,,,,
IDX,TG.VAL.TOTL.GD.ZS,34.68205388,33.70392972,31.19283734,28.15959579,33.47533424,30.22812404,30.04855138,31.1460859,32.59692214,32.12779378,33.75460931,33.02362409,28.86228369,31.08112372,32.783716,28.26681477,33.71421251,34.91100465,31.9352704,34.11320239,39.84622549,36.04604729,32.20554997,33.06579419,32.11931561,29.7963478,28.2779248,28.63459619,29.26271202,32.14501141,33.00716,30.15341561,34.67624779,35.16966998,41.45451751,43.82974696,43.57404998,41.58655782,40.98308986,42.10764388,41.24100436,44.62217982,44.79221288,45.18191331,49.71314949,52.59586381,53.29384376,52.86068058,52.75684337,45.62740088,48.80265515,53.63093631,53.06080799,51.54476436,48.8817289,44.27980268,42.49187038,
IDX,ST.INT.XPND.MP.ZS,,,,,,,,,,,,,,,,,,,,,,,,,,,,,,,,,,,,5.828292887,5.965962972,6.168129074,6.281281638,6.360363621,7.050908544,6.521617792,6.535095045,6.132720161,5.636057679,5.554842659,5.896215474,5.660094273,5.044619392,5.40425886,5.169279585,4.41211196,4.031746641,4.037457136,3.788944733,4.350848954,4.558495043,
IDX,ST.INT.XPND.CD,,,,,,,,,,,,,,,,,,,,,,,,,,,,,,,,,,,,3451060697,3738303845,3907161014,4188725000,4404385984,4699609194,4580213957,4969589063,5397247504,6089981340,7271206277,8967970973,10560688376,12061524397,11465137902,12912579154,13316442488,13396374486,14279945814,14212590281,15359007250,15564093292,
IDX,ST.INT.TVLX.CD,,,,,,,,,,,,,,,,,,,,,,,,,,,,,,,,,,,,2646496524,2751453577,2840834969,3061757220,3228165677,3453872756,3285291007,3647705398,3909360912,4492969726,5415293684,6680889927,7712504385,8628179563,8285083992,9688558987,9620517187,9357457989,9852696110,10241098347,10898436060,11064583263,
IDX,ST.INT.TVLR.CD,,,,,,,,,,,,,,,,,,,,,,,,,,,,,,,,,,,,4073167182,4336688617,4114593441,4824868394,5214039073,5324502582,5716889955,5838320784,6094989355,8389764599,10516861303,12045340527,15563982763,17966369352,18047523011,21763343825,19493240419,22136491779,24822022371,26420490051,,,
IDX,ST.INT.TRNX.CD,,,,,,,,,,,,,,,,,,,,,,,,,,,,,,,,,,,,,1193408529,1253368235,1283350832,1366920942,1472884834,1525196825,1552901291,1745318286,1878534092,2098787240,2598335592,3239253612,3903365332,3591918248,3934884732,4220352898,4612583647,5053308792,4566730034,4624535022,4661784177,
IDX,ST.INT.TRNR.CD,,,,,,,,,,,,,,,,,,,,,,,,,,,,,,,,,,,,,,755437427.2,702927883.9,742752294.2,806599769.8,853568847.3,929787208.1,1086737255,1274104644,1458501081,1841874094,2338942182,2437364944,2306259739,3035306096,3662343547,4350484599,4668636760,4908424054,4874842874,4924503905,
IDX,ST.INT.RCPT.XP.ZS,,,,,,,,,,,,,,,,,,,,,,,,,,,,,,,,,,,,12.78088761,12.92167682,11.27174732,12.61967542,13.21507185,12.00625593,12.46271014,12.07378079,11.68602724,13.16379572,11.2708171,10.89750513,11.65982656,10.87444405,12.27502753,12.3030122,9.669760877,10.58883215,11.05484832,11.10338333,12.35183271,13.3030982,
IDX,ST.INT.RCPT.CD,,,,,,,,,,,,,,,,,,,,,,,,,,,,,,,,,,,,4592367653,4896754838,4664990445,5279157466,5689163271,5830504701,6317324200,6485032738,6961571965,9391720849,11659780575,13462864581,17343291095,19802198144,19775186217,24146796120,22374182035,25570030165,28493100159,30275936512,30061651499,,
IDX,ST.INT.DPRT,,,,,,,,,,,,,,,,,,,,,,,,,,,,,,,,,,,,,,,,,,,,,,,,,,,,,,,,,,
IDX,ST.INT.ARVL,,,,,,,,,,,,,,,,,,,,,,,,,,,,,,,,,,,,6800830.205,7968572.477,8581707.782,9200136.672,9697220.094,10883905.04,11377212.3,12762850.4,13452371.64,16258552.32,17989790.16,22025745.52,25267687.56,28241619.42,28464936.56,32682687.02,32621070.45,35994738.25,40554044.49,43717189.85,47567273.35,,
IDX,NY.EXP.CAPM.KN,,,,,,,,,,,,,,,,,,,,,,,,,,,,,,,,,,,,,,,,,,,,,,,,,,,,,,,,,,
IDX,NE.TRD.GNFS.ZS,,,,,,,,34.29078844,34.85569651,34.38368302,35.80164407,,,,,,,,,,,,,,36.5289789,36.26597408,34.11661619,36.880968,37.45113753,39.72385866,40.39314723,40.49508831,42.35264705,44.48455743,50.15017656,52.50199764,53.34110879,52.17681287,51.40150635,52.13588549,51.32093414,50.76587758,52.87358875,53.3782607,57.44068214,59.07956673,58.63691223,60.63123932,60.50813352,54.37971867,57.18020901,60.55887524,61.74411739,61.33472977,59.55670259,58.01759869,54.69309465,
IDX,NE.RSB.GNFS.ZS,,,,,,,,-2.649784001,-2.211331404,-2.521901185,-2.671292808,,,,,,,,,,,,,,-7.861322292,-7.358634238,-6.484385813,-8.089530542,-8.416315503,-7.780847431,-7.873753717,-9.820605603,-11.00933097,-11.40402232,-9.906083393,-8.859061228,-8.464978915,-7.500783966,-8.292796276,-7.821627541,-5.337295838,-6.062892177,-7.028280921,-7.678594253,-7.926851143,-9.108172613,-8.525135178,-9.380817426,-9.957425056,-9.439537186,-8.828295869,-9.096357714,-12.47400963,-12.75006616,-11.44200893,-12.3932772,-11.19878337,
IDX,NE.RSB.GNFS.CD,,,,,,,,,,,,,,,,,,,,,,,,,,,,,,,,,,,,,,,,,,,,,,,,,,,,,,,,,,
IDX,NE.IMP.GNFS.ZS,,,,,,,,18.47028622,18.53351396,18.4527921,19.23646844,,,,,,,,,,,,,,22.1951506,21.81230416,20.300501,22.48524927,22.93372652,23.75235305,24.13345047,25.15784696,26.68098901,27.94428988,30.02812997,30.68052943,30.90304385,29.83879842,29.84715131,29.97875652,28.32911499,28.41438488,29.95093483,30.52842748,32.68376664,34.09386967,33.5810237,35.00602837,35.23277929,31.90962793,33.00425244,34.82761648,37.10906351,37.04239796,35.49935576,35.20543794,32.94593901,
IDX,NE.IMP.GNFS.KD.ZG,,,,,,,,,,,,,,,,,,,,,,,,,,,,,,,,,,,,,,,,,,,5.541224267,15.72664015,16.57279113,10.72985136,5.779739599,14.44636357,5.800257988,-3.183952961,12.67824493,11.79421467,8.103438107,7.669647082,1.457554254,3.952133399,2.659224319,
IDX,NE.IMP.GNFS.KD,,,,,,,,,,,,,,,,,,,,,,,,,,,,,,,,,,,,,,,,,,1.11914E+11,1.18116E+11,1.36691E+11,1.59345E+11,1.76442E+11,1.8664E+11,2.13603E+11,2.25992E+11,2.18797E+11,2.46537E+11,2.75614E+11,2.97948E+11,3.20799E+11,3.25475E+11,3.38338E+11,3.47336E+11,
IDX,NE.IMP.GNFS.CD,,,,,,,,,,,,,,,,,,,,,,,,,34620392062,35615874218,36002478914,41522448861,41210286679,41741457435,45690949815,47695627928,47496138577,49109388551,48031396595,57433937158,63518019357,64474862012,66820588978,68789689062,73907123299,75479699385,80715032922,93388550490,1.14154E+11,1.37001E+11,1.58148E+11,1.94006E+11,2.34106E+11,2.13371E+11,2.46537E+11,2.92995E+11,3.32082E+11,3.61266E+11,3.66906E+11,3.57065E+11,3.4635E+11,
IDX,NE.EXP.GNFS.ZS,,,,,,,,15.82050222,16.32218255,15.93089092,16.56517563,,,,,,,,,,,,,,14.3338283,14.45366992,13.81611519,14.39571873,14.51741102,15.97150562,16.25969676,15.33724135,15.67165804,16.54026755,20.12204658,21.8214682,22.43806494,22.33801445,21.55435504,22.15712898,22.99181915,22.3514927,22.92265391,22.84983322,24.7569155,24.98569706,25.05588853,25.62521095,25.27535423,22.47009074,24.17595657,25.73125876,24.63505388,24.2923318,24.05734683,22.81216075,21.74715564,
IDX,NE.EXP.GNFS.KD.ZG,,,,,,,,,,,,,,,,,,,,,,,,,,,,,,,,,,,,,,,,,,,,12.04891942,14.35981544,9.229906407,14.14010527,12.97934621,8.713616704,1.757631947,7.350924354,13.37144603,0.922898314,5.602924609,6.6357295,3.741901383,3.611008546,
IDX,NE.EXP.GNFS.KD,,,,,,,,,,,,,,,,,,,,,,,,,,,,,,,,,,,,,,,,,,,83070137978,93079191967,1.06445E+11,1.1627E+11,1.32711E+11,1.49936E+11,1.63E+11,1.65865E+11,1.78058E+11,2.01867E+11,2.0373E+11,2.15145E+11,2.29421E+11,2.38006E+11,2.466E+11,
IDX,NE.EXP.GNFS.CD,,,,,,,,,,,,,,,,,,,,,,,,,21550264552,22346920378,23516499551,25039416367,25293399010,26690828154,30311897955,29415973078,28750824730,30038889515,31786577405,39612241692,43821341767,45937860935,46310491133,47872950737,56126696634,57006214141,61541291393,68240657938,83795878144,98085578082,1.15938E+11,1.39512E+11,1.67238E+11,1.48496E+11,1.78058E+11,2.19139E+11,2.19078E+11,2.35107E+11,2.4745E+11,2.31866E+11,2.28323E+11,
IDX,MS.MIL.XPRT.KD,,,,,,,,1000000,0,,14000000,,,,,,,,,,,,,,,,,,,,,,,,,,,,,,,,,,,,,,,,,,,,,,,
IDX,MS.MIL.MPRT.KD,196000000,257000000,229000000,292000000,362000000,402000000,1034000000,1338000000,1081000000,1311000000,1702000000,,,3891000000,,,1710000000,2772000000,3381000000,3380000000,3416000000,3244000000,3454000000,3455000000,3231000000,2652000000,2458000000,,,3610000000,,,,,,,,,,,,,,,,,,,,,,2881000000,2443000000,2241000000,961000000,1310000000,1338000000,
IDX,LP.LPI.TRAC.XQ,,,,,,,,,,,,,,,,,,,,,,,,,,,,,,,,,,,,,,,,,,,,,,,,2.191276596,,,2.4325,,2.328809524,,2.423013979,,2.313077022,
IDX,LP.LPI.TIME.XQ,,,,,,,,,,,,,,,,,,,,,,,,,,,,,,,,,,,,,,,,,,,,,,,,2.67,,,2.967272727,,2.747857143,,2.748501438,,2.774225261,
IDX,LP.LPI.OVRL.XQ,,,,,,,,,,,,,,,,,,,,,,,,,,,,,,,,,,,,,,,,,,,,,,,,2.248723404,,,2.411136364,,2.388333333,,2.421195563,,2.383255783,
IDX,LP.LPI.LOGS.XQ,,,,,,,,,,,,,,,,,,,,,,,,,,,,,,,,,,,,,,,,,,,,,,,,2.253191489,,,2.25,,2.35452381,,2.356684042,,2.321789761,
IDX,LP.LPI.ITRN.XQ,,,,,,,,,,,,,,,,,,,,,,,,,,,,,,,,,,,,,,,,,,,,,,,,2.258723404,,,2.498409091,,2.42047619,,2.441202104,,2.423368087,
IDX,LP.LPI.INFR.XQ,,,,,,,,,,,,,,,,,,,,,,,,,,,,,,,,,,,,,,,,,,,,,,,,2.021489362,,,2.06,,2.214761905,,2.232486979,,2.16183987,
IDX,LP.LPI.CUST.XQ,,,,,,,,,,,,,,,,,,,,,,,,,,,,,,,,,,,,,,,,,,,,,,,,2.106170213,,,2.181818182,,2.227142857,,2.309666438,,2.2639335,
IDX,LP.IMP.DURS.MD,,,,,,,,,,,,,,,,,,,,,,,,,,,,,,,,,,,,,,,,,,,,,,,,10.14,,,6.039583333,,11.125,,4.736842105,,7.576923077,
IDX,LP.EXP.DURS.MD,,,,,,,,,,,,,,,,,,,,,,,,,,,,,,,,,,,,,,,,,,,,,,,,6.215,,,7.129615385,,7.96,,3.909090909,,5.148148148,
IDX,IC.IMP.TMDC,,,,,,,,,,,,,,,,,,,,,,,,,,,,,,,,,,,,,,,,,,,,,,,,,,,,,,,114.3818182,104.8392857,100.1785714,
IDX,IC.IMP.TMBC,,,,,,,,,,,,,,,,,,,,,,,,,,,,,,,,,,,,,,,,,,,,,,,,,,,,,,,114.3272727,117.25,114.7857143,
IDX,IC.IMP.DURS,,,,,,,,,,,,,,,,,,,,,,,,,,,,,,,,,,,,,,,,,,,,,,45.96415094,44.46481481,41.62222222,39.21481481,37.26,36.67090909,35.79818182,37.05087719,37.04561404,36.51929825,,,
IDX,IC.IMP.DOCS,,,,,,,,,,,,,,,,,,,,,,,,,,,,,,,,,,,,,,,,,,,,,,9.886792453,9.722222222,9.092592593,8.944444444,8.763636364,8.672727273,8.672727273,8.672727273,8.672727273,8.672727273,,,
IDX,IC.IMP.CSDC.CD,,,,,,,,,,,,,,,,,,,,,,,,,,,,,,,,,,,,,,,,,,,,,,,,,,,,,,,289.4,266.4310345,265.0517241,265.0517241
IDX,IC.IMP.CSBC.CD,,,,,,,,,,,,,,,,,,,,,,,,,,,,,,,,,,,,,,,,,,,,,,,,,,,,,,,581.5636364,588.237931,580.9793103,580.6
IDX,IC.IMP.COST.CD,,,,,,,,,,,,,,,,,,,,,,,,,,,,,,,,,,,,,,,,,,,,,,1878.035849,1885.238889,1878.155556,2028.448148,2056.967273,2184.870909,2206.938182,2444.164912,2560.315789,2637.508772,,,
IDX,IC.EXP.TMDC,,,,,,,,,,,,,,,,,,,,,,,,,,,,,,,,,,,,,,,,,,,,,,,,,,,,,,,95.23636364,92.94642857,91.98214286,
IDX,IC.EXP.TMBC,,,,,,,,,,,,,,,,,,,,,,,,,,,,,,,,,,,,,,,,,,,,,,,,,,,,,,,83.43636364,84.23214286,83.32142857,
IDX,IC.EXP.DURS,,,,,,,,,,,,,,,,,,,,,,,,,,,,,,,,,,,,,,,,,,,,,,38.89433962,37.45185185,35.87037037,34.66666667,33.13818182,32.52,31.77454545,31.55438596,31.39649123,31.11052632,,,
IDX,IC.EXP.DOCS,,,,,,,,,,,,,,,,,,,,,,,,,,,,,,,,,,,,,,,,,,,,,,8.145283019,8.142592593,7.735185185,7.568518519,7.449090909,7.394545455,7.394545455,7.394545455,7.394545455,7.394545455,,,
IDX,IC.EXP.CSDC.CD,,,,,,,,,,,,,,,,,,,,,,,,,,,,,,,,,,,,,,,,,,,,,,,,,,,,,,,220.3818182,201.6896552,200.4827586,200.4827586
IDX,IC.EXP.CSBC.CD,,,,,,,,,,,,,,,,,,,,,,,,,,,,,,,,,,,,,,,,,,,,,,,,,,,,,,,499.0727273,487.8310345,487.0724138,487.0724138
IDX,IC.EXP.COST.CD,,,,,,,,,,,,,,,,,,,,,,,,,,,,,,,,,,,,,,,,,,,,,,1542.879245,1549.825926,1534.82037,1675.405556,1709.961818,1779.810909,1807.703636,1962.535088,2041.192982,2096.070175,,,
IDX,IC.CUS.DURS.EX,,,,,,,,,,,,,,,,,,,,,,,,,,,,,,,,,,,,,,,,,,,,,,,,,,,,,,,,,9.731428571,
IDX,GC.TAX.IMPT.ZS,,,,,,,,,,,,,,,,,,,,,,,,,,,,,,,,,,,,,,,,,,,,,,,,,,,,,,,,,,
IDX,GC.TAX.EXPT.ZS,,,,,,,,,,,,,,,,,,,,,,,,,,,,,,,,,,,,,,,,,,,,,,,,,,,,,,,,,,
IDX,EG.IMP.CONS.ZS,,,,,,,,,,,,9.220071493,7.495200475,8.814704983,8.288675129,4.237240489,3.001566255,4.803974187,4.628609519,6.619580126,5.812768464,5.291920304,6.492070717,6.26572443,6.8560104,6.0846038,6.499382111,4.827495804,-1.831962003,-5.012534474,0.035549998,-3.428671939,-4.37872701,-7.821374873,-13.3266052,-11.82708504,-10.34505403,-9.493421017,-8.82581804,-10.88414822,-14.98886903,-15.24202061,-16.10974264,-15.54105683,-11.28849923,-9.629026141,-8.594029219,-7.942883482,-5.864230681,-6.453627577,-8.336401941,-7.86201971,1.516596303,1.321156086,4.966232234,,,
IDX,BX.GSR.TRVL.ZS,,,,,,,,,,,,,,,,,,,,,,,,,,,,,,31.01546148,29.5522498,30.14514031,,37.72666487,37.80322851,,,39.23393226,42.57177908,42.54186321,41.62066678,44.80632551,43.80009283,42.94259808,46.68037453,44.90430969,44.95213089,48.51461514,45.64668582,48.2389332,50.34707727,41.65989847,43.29013268,44.72152061,44.8394754,42.82191798,44.59734925,
IDX,BX.GSR.TRAN.ZS,,,,,,,,,,,,,,,,,,,,,,,,,24.91419215,23.14525929,23.6113192,23.04877026,22.99642306,22.48107398,22.14479785,21.7263904,,17.15704102,16.45163654,,,15.30791453,14.77861858,14.01755402,14.25642916,14.89513083,15.09758193,14.8520285,13.86293396,13.9282595,14.41506219,13.55566441,13.90200985,13.42230697,14.23391875,17.32722907,18.52266041,19.08174672,18.79383943,17.99910994,16.92919222,
IDX,BX.GSR.TOTL.CD,,,,,,,,,,,,,,,,,,,,25273080286,29045560477,27809377480,24569080591,23854179060,24727340330,24342953041,23296141858,25266829670,26547729075,30468507373,34118156507,32921767629,34306710960,36576281902,41307279644,48578736408,51213420644,53158850777,53584912993,55927723234,63286506901,65720362988,69044327968,75144134745,92394740876,1.08488E+11,1.2894E+11,1.54554E+11,1.85232E+11,1.63605E+11,2.02315E+11,2.44606E+11,2.49517E+11,2.68972E+11,2.75665E+11,2.50777E+11,2.53803E+11,
IDX,BX.GSR.NFSV.CD,,,,,,,,,,,,,,,,,,,2862709879,3509383025,4226176768,4735275349,4550307517,4220532545,4119321660,4764982100,4499415857,5122229211,5385402875,5994332514,6504396802,6645694388,7576934288,8846964652,9946102451,11374544044,11591010916,12236740806,12988080813,14076866672,14758216966,14880484175,15520893023,16047684304,20387197840,23697776801,26690246214,34101326566,39682427789,37859184104,43843577291,53737689880,57966517481,62882138823,66350636107,69776730935,,
IDX,BX.GSR.MRCH.CD,,,,,,,,,,,,,,,,,,,15708080140,19651819556,22460399110,21221847257,18303815510,18086843115,19216415757,18179720486,17405123292,18590953059,19486238564,22599489867,25646873885,24166890065,23967367846,25420043749,28795635773,34437182417,36834439911,38391260307,38054608521,39181115025,45529160211,48163881063,51133591158,56477256296,68652020093,80936302741,97456814988,1.14437E+11,1.39717E+11,1.21496E+11,1.52241E+11,1.83183E+11,1.84292E+11,1.97873E+11,2.01765E+11,1.74921E+11,1.79217E+11,
IDX,BX.GSR.INSF.ZS,,,,,,,,,,,,,,,,,,,,,,,,,1.225332991,1.171566396,1.116444376,,1.264175918,1.309728423,1.387578084,1.37142427,,,,,,,,,,,,,,2.187625113,2.247056541,2.326861567,2.357683228,2.901503018,1.638443182,2.791435925,3.134583385,1.828910895,2.019753062,1.660444338,1.687173752,
IDX,BX.GSR.GNFS.CD,,,,,,,,,,,,,,,,,,,18438703552,22989328643,26507641209,25835576452,22712899209,22151463779,23174474252,22850386214,21800583296,23594957244,24748337195,28451106244,31974042617,30703397695,31563531976,34390065354,38872834658,45910957452,48469639949,50690836956,51171110050,53450469441,60380112238,63085199265,66676122831,72476043535,89042674344,1.04604E+11,1.24198E+11,1.48466E+11,1.79404E+11,1.59338E+11,1.96084E+11,2.36838E+11,2.41848E+11,2.60254E+11,2.67392E+11,2.42746E+11,2.468E+11,
IDX,BX.GSR.CMCP.ZS,,,,,,,,,,,,,,,,,,,,,,,,,46.59846444,49.53342131,49.32150487,48.76395825,47.68139802,45.34731343,46.96027615,47.15005061,,44.36378222,45.4998277,,,44.65573247,41.29022721,41.80414194,43.05534363,39.16371565,40.41096699,41.16561882,38.49503656,39.36662364,38.74522307,35.81407573,38.35060878,35.74054675,34.00357626,38.78007396,35.69705735,35.11529186,34.8118383,37.90693123,37.15019396,
IDX,BX.GSR.CCIS.ZS,,,,,,,,,,,,,,,,,,,,,,,,,,,,,,,,,,,,,,,,,,,,,,14.06389174,14.61442661,15.2266554,15.66230185,16.52859257,15.150376,18.07204543,17.30899414,16.84152066,17.60786473,15.03340008,,
IDX,BX.GSR.CCIS.CD,,,,,,,,,,,,,,,,,,,,,,,,,,,,,,,,,,,,,,,,,,,,,,2434094052,2828428115,3879404007,5093069490,5447180026,5806992685,6070024174,6245009923,6604206068,7292360705,5720201579,,
IDX,BN.GSR.MRCH.CD,,,,,,,,,,,,,,,,,,,,,,,,,,,,,,,,,,,,,,,,,,,,,,,,,,,,,,,,,,
IDX,BN.GSR.GNFS.CD,,,,,,,,,,,,,,,,,,,,,,,,,,,,,,,,,,,,,,,,,,,,,,,,,,,,,,,,,,
IDX,BM.GSR.TRVL.ZS,,,,,,,,,,,,,,,,,,,12.78972404,12.83353399,13.28209213,12.575045,14.05395992,13.0690302,13.29272194,12.92505611,13.38522214,14.11991823,16.00450618,17.04651553,15.24855363,15.67019766,15.36986131,18.07661079,19.56644721,19.20265425,20.11935694,20.59679636,21.27892056,21.84225736,22.81508793,21.03702607,21.39869113,20.23636206,18.95140981,18.80742064,20.05814485,18.99409828,17.79534606,18.46846593,18.38398534,15.33531377,13.60485688,13.18814582,13.09703129,14.7610256,15.45319117,
IDX,BM.GSR.TRAN.ZS,,,,,,,,,,,,,,,,,,,53.01535146,52.14060937,52.12045227,52.02253122,52.17219476,51.49497847,52.24329779,50.53091984,48.79207096,48.62560275,48.58238636,47.76706718,49.16083553,48.05950478,49.04175076,45.73880313,46.51952185,44.68746285,47.44163159,48.84243698,47.62939559,50.43712675,51.5461194,52.81022208,52.18001288,52.40403965,50.44482688,49.95320291,45.46084134,47.84880342,52.82689791,49.60180847,50.48090966,51.41778644,50.82232278,49.82242966,48.927082,49.05524446,47.02153281,
IDX,BM.GSR.TOTL.CD,,,,,,,,,,,,,,,,,,,,33003828221,41473637154,43421167888,38244770954,36485339595,36545723144,37894800508,36856354867,39246783635,41414979551,42463743037,46789089247,47933694577,51543269829,53157858914,58639628899,67828012113,70692855276,70630703947,74076326186,76537451666,80394367244,84236278677,86468847555,98526263489,1.21658E+11,1.46587E+11,1.72013E+11,2.08677E+11,2.59452E+11,2.30119E+11,2.72075E+11,3.31708E+11,3.57508E+11,3.84322E+11,3.97878E+11,3.759E+11,3.68989E+11,
IDX,BM.GSR.NFSV.CD,,,,,,,,,,,,,,,,,,,,7439223022,8824075442,9097485138,8234706076,7894612710,8056835510,8682054555,8548338786,9330863343,9883097316,10586362363,11184901380,11482453822,12328125856,13385839347,13799700072,16696711339,16402822380,16271103027,17002023479,16969984108,18245170652,18501788838,19416994070,21332538102,25470999369,29358562909,34207924790,41118017151,47995667328,44241248491,52244412840,62128627977,67237706966,72798518800,76772911332,73908724788,74346856279,
IDX,BM.GSR.MRCH.CD,,,,,,,,,,,,,,,,,,,20118571516,24076577257,30575332473,32016612626,27256051316,25688335592,25490194958,25975471684,25009277872,25876976959,27020331036,27163913614,30710096350,30631705746,33131982508,34666198581,39637397271,45392443564,48723059818,49185588034,52005536945,54088700710,54830595361,57596499279,58711397804,67964362990,85241221101,1.03451E+11,1.20338E+11,1.48601E+11,1.88487E+11,1.6535E+11,1.95964E+11,2.426E+11,2.6547E+11,2.80737E+11,2.92248E+11,2.75784E+11,2.69169E+11,
IDX,BM.GSR.INSF.ZS,,,,,,,,,,,,,,,,,,,4.580260249,5.415750935,5.163296644,5.064229047,5.195124138,5.226241305,5.299531531,5.105786656,5.17607815,5.143724049,5.04828194,5.027508638,4.962012007,4.738157882,4.955432129,,,,,,,,,,,5.162771604,5.008500999,6.262065502,6.808010826,6.383376773,6.031026781,5.6900568,5.693031224,5.628137947,6.46528098,6.303917666,6.668108595,5.577320727,6.113465372,
IDX,BM.GSR.GNFS.CD,,,,,,,,,,,,,,,,,,,,31417027875,39299158319,41014121751,35388464526,33481812672,33438778716,34531053098,33429468205,35058781817,36743053189,37567052885,41704393653,41917024286,45249444069,47809571073,53244990158,61804071735,64933612804,65284117316,68840832522,70943499219,72874426548,75936205966,77922544055,89151005011,1.10632E+11,1.32793E+11,1.54526E+11,1.89703E+11,2.36494E+11,2.0959E+11,2.48208E+11,3.04697E+11,3.32665E+11,3.53277E+11,3.69013E+11,3.4966E+11,3.43395E+11,
IDX,BM.GSR.CMCP.ZS,,,,,,,,,,,,,,,,,,,29.67352213,30.06305509,29.52029645,30.44177385,29.00958287,30.5978433,29.52217853,31.80867516,33.45360271,33.03772522,31.29003853,31.00372821,31.11391917,32.0556877,31.25504668,32.53640098,30.63167393,33.22439226,28.943032,27.55876688,27.6959074,25.55634443,22.78403585,22.81089676,23.42729186,23.29902937,25.72474911,25.09472126,27.79605482,26.88487446,23.42919539,26.3245378,25.77859342,27.7935045,29.16290092,30.74231298,31.60596232,30.69362003,31.41183062,
IDX,BG.GSR.NFSV.GD.ZS,,,,,,,,,,,,,,,,,,,,8.87998738,9.575992189,9.151697072,8.718675026,8.376668483,8.007965934,8.306824945,7.654619644,7.835951112,8.336853297,9.233239696,9.504040872,9.56335871,11.19637339,12.00258789,13.0733198,13.27709451,12.02884708,11.51442106,11.8578089,12.0797108,12.29298766,12.12230839,12.15845159,11.6330058,13.20774096,13.41735548,13.25948389,13.78157425,13.37347128,11.97167179,12.1316325,13.05332291,13.261998,13.1999467,12.75268995,12.3107878,11.93507943,
