IRL,TX.VAL.TRVL.ZS.WT,,,,,,,,,,,,,,,,,,,,,,,,,,,,,,,,,,,,,,,,,,,,,,8.780983508,8.25712958,7.486942118,7.136951215,5.908189369,4.585709268,4.062980476,3.625614299,3.750738023,3.654926582,3.562068051,3.557088359,
IRL,TX.VAL.TRAN.ZS.WT,,,,,,,,,,,,,,,,,,,,,,,,,,,,,,,,,,,,,,,,,,,,,,4.858075222,4.518266632,4.911406226,5.012596679,5.070455528,5.404978792,5.867380154,5.538424221,4.944383732,5.182706607,4.898311567,4.65313382,
IRL,TX.VAL.TECH.MF.ZS,,,,,,,,,,,,,,,,,,,,,,,,,,,,,42.34199414,43.58341123,41.1373716,38.38011078,36.58951214,40.14663688,40.86445861,45.95738348,46.7670313,46.45530764,44.43145022,47.07236771,47.83989232,47.6319454,40.79819131,34.67451384,34.04293876,34.73374007,34.52714006,27.25762938,25.72634234,24.26009355,21.22904555,21.70761977,22.51600155,22.42478894,21.32644006,26.76467483,29.77001232,
IRL,TX.VAL.TECH.CD,,,,,,,,,,,,,,,,,,,,,,,,,,,,,5277076812,6163766530,6841293794,6560803447,7187967196,7894108650,9980720568,14398170640,17371426662,20117197732,23875081160,28523395273,31475030671,34661838788,31754508355,27741124356,30424804143,32873832109,31829122545,28168568620,27795411439,24286812034,21232045267,23751602369,22623281790,21914722722,21260562125,29060468411,33778777838,
IRL,TX.VAL.SERV.CD.WT,,,,,,,,,,,,,,,,,,,,,,,,,,,,,,,,,,,,,,,,,,,,,,54462793177,65024423437,81122664219,89061261695,83959642664,89095707861,1.03673E+11,1.06651E+11,1.18E+11,1.33028E+11,1.34328E+11,1.46135E+11,
IRL,TX.VAL.OTHR.ZS.WT,,,,,,,,,,,,,,,,,,,,,,,,,,,,,,,,,,,,,,,,,,,,,,59.48018192,58.3448768,60.16422496,63.47784297,67.32036579,68.72606966,70.42157361,71.57396523,73.4818433,73.6106613,73.92138432,76.13371465,
IRL,TX.VAL.MRCH.XD.WD,,,,,,,,,,,,,,,,,,,,,,,,,,,,,,,,,,,,57.89909871,62.5116453,69.08399798,83.22185001,92.33919625,100,107.2686661,114.3008565,120.1151729,135.6971608,142.0028124,140.7961774,157.3948351,162.8024346,150.1229035,150.8591969,162.8290668,151.2175885,150.9723769,157.7300192,160.3827469,166.9323794,
IRL,TX.VAL.MRCH.WR.ZS,,,,,,,,,,,,,,,,,,,,,,,,,,,,,,,,,,,,,,,,,,,,,,,,,,,,,,,,,,
IRL,TX.VAL.MRCH.WL.CD,425300000,504200000,486600000,548200000,621600000,625800000,685000000,784700000,797200000,890260000,1034960000,1304620000,1605790000,2129090000,2656710000,3175110000,3310280000,4397570000,5680860000,7171530000,8497210000,7682040000,8029590000,8590830000,9638980000,10321910000,12664520000,15997410000,18767460128,20868636631,23767372478,24215087202,28131961332,29178193838,34051297351,43591904615,47362652018,52566991948,64507667691,71605224039,77039308017,82807078881,87923535489,92832079727,1.04748E+11,1.09617E+11,1.08771E+11,1.21501E+11,1.25634E+11,1.15571E+11,1.17566E+11,1.27476E+11,1.18663E+11,1.16584E+11,1.21802E+11,1.23851E+11,1.30864E+11,
IRL,TX.VAL.MRCH.RS.ZS,7.900305667,8.449028163,8.549116317,8.117475374,7.303732304,6.343879834,5.927007299,5.441570027,5.531861515,5.034484308,4.6378604,5.7924913,7.347162456,4.728311156,5.521867272,5.930818145,6.241465979,6.887440109,6.834528575,8.02980675,7.248379174,6.438393968,6.77817921,6.374005771,6.152310722,5.832932083,6.555005638,6.224757633,6.280537888,6.100586596,6.122834488,6.366987982,5.749907562,7.936325928,6.867981205,6.824469461,8.530056861,8.422281789,7.99355719,2.338524125,3.503437256,2.640292304,1.356031763,0.633711003,0.586413833,0.389244721,0.404649004,0.397288248,0.347234358,0.25625884,0.164903464,0.167701274,0.524093017,0.556036663,0.733616877,0.441391954,0.851885401,
IRL,TX.VAL.MRCH.R6.ZS,0.21161533,0.238000793,0.226058364,0.255381248,1.061776062,0.303611377,1.226277372,0.535236396,0.489212243,0.59982477,0.692780397,1.171222272,0.840084943,0.92245983,1.260581697,2.198034084,1.713752311,2.180295027,1.721218266,1.350060587,1.678433274,2.117145966,1.987523647,1.84312808,1.371203177,1.766727282,1.153774482,1.221885293,1.369072801,0.860731624,0.832741546,0.886516597,0.861208403,0.897454621,0.900560859,0.837650101,0.969202446,1.145638036,0.955785414,0.883471295,0.767585663,0.777142371,0.666760197,0.702049357,0.683723136,0.647621591,0.784712012,0.893971281,0.82096877,0.692704658,0.854714689,1.002556992,1.067564528,1.153110911,1.119042792,0.933075805,0.725411872,
IRL,TX.VAL.MRCH.R5.ZS,0.329179403,0.178500595,0.267159885,0.346588836,0.273487773,0.239693193,0.175182482,0.127437237,0.112895133,0.111203469,0.133338487,0.103478408,0.085316262,0.089240004,0.348174998,0.11180715,0.250129898,0.117110131,0.209651356,0.313322262,0.348702692,0.362403737,0.280960796,0.299854612,0.308642616,0.272527081,0.328318799,0.338679824,0.182997405,0.168354069,0.180036481,0.163720629,0.180798983,0.254015466,0.172403569,0.196924254,0.182826597,0.178895759,0.165031355,0.198645283,0.224491322,0.148278816,0.175688207,0.143803367,0.210751536,0.193732487,0.226866269,0.238742528,0.227445153,0.240668604,0.333390741,0.339863366,0.359730081,0.553083642,0.512693746,0.633101724,0.321255735,
IRL,TX.VAL.MRCH.R4.ZS,0.117564072,0.039666799,0.061652281,0.054724553,0.257400257,0.143815916,0.364963504,0.191155856,0.501756147,0.551524274,0.389387029,0.217687909,0.311373218,0.327839593,0.544282214,1.262633421,2.453266793,1.985187274,2.085423686,2.610879408,3.676736246,3.894668604,3.914272086,3.790902625,3.138610102,2.856738724,2.217612669,1.915935142,2.060122848,2.109773148,1.23199456,0.777441743,0.695134476,1.033116627,1.168010666,1.014821738,0.782881885,0.664280369,0.664888247,0.713388174,0.580091041,0.425949811,0.36161901,0.367628322,0.401056272,0.379732279,0.400663333,0.444994903,0.44872023,0.50864238,0.650345138,0.59240361,0.59075845,0.661042454,0.673640604,0.752946417,0.673288221,
IRL,TX.VAL.MRCH.R3.ZS,0.446743475,0.416501388,0.822030415,0.656694637,0.65958816,1.198465964,0.97810219,0.675417357,1.053687908,1.035652506,0.767179408,0.559549907,0.717403895,2.194834413,2.446635124,0.857923033,0.807786652,1.377124184,1.580042458,1.493962934,2.1896599,2.480070398,1.466201886,1.045649838,1.296298986,1.089527035,1.188201369,1.062984571,0.836533095,0.992749865,0.900136219,0.749639638,1.00476229,1.039976431,0.87125404,0.892645202,0.950820095,0.926638845,0.892768097,0.804158087,0.850454725,1.218731702,0.814814202,0.951657259,0.906876517,1.067982607,1.447235032,1.235055832,1.095620495,1.020278407,1.093099853,1.152936869,1.318137985,1.399463941,1.900176535,1.792236414,1.605844713,
IRL,TX.VAL.MRCH.R2.ZS,,,,,0.016087516,0.047938639,0.04379562,0.089206066,0.025087807,0.073012378,0.041547499,0.059021018,0.110848866,0.112724216,0.077915919,0.062674994,0.146815375,0.11597314,0.139591541,0.16704943,0.371298344,0.273364887,0.080078809,0.075545669,0.077497827,0.126236326,0.135417687,0.109455218,0.119891418,0.093233379,0.202060699,0.161712418,0.116781168,0.559062192,0.887932351,1.195304609,1.236828252,1.196255796,0.922219219,0.867250691,0.930024393,0.780258765,0.815312681,0.864610983,0.841157694,0.936819171,1.13314788,1.312744093,1.413094772,1.354690145,1.538682101,1.725468752,1.8830957,2.121169103,2.204805093,1.526390739,1.264970838,
IRL,TX.VAL.MRCH.R1.ZS,0.376205032,0.178500595,0.246609125,0.456037942,0.353925354,0.415468201,0.744525547,0.331336817,0.338685399,0.20443466,0.291798717,0.390151922,0.112094359,0.208070114,0.483304538,0.369750969,0.290609858,0.273560171,0.379696032,0.391966568,0.339052465,0.349646708,0.492055012,0.470036073,0.449632637,0.449044799,0.347901065,0.338867354,0.397139845,0.422750439,0.424665289,0.469456711,0.646446971,0.647251855,1.021730492,1.335681008,2.114244421,1.858048716,1.56086665,2.289943956,2.188686848,2.712497136,1.971132016,1.92634449,1.849616468,2.34014966,2.900209628,3.384742899,3.818839158,3.432637762,2.872112984,2.418362237,2.350070892,2.283796283,2.351533522,2.171451714,3.403653563,
IRL,TX.VAL.MRCH.OR.ZS,1.481307312,1.051170171,1.62351007,1.769427216,2.622265122,2.348993289,3.532846715,1.949789729,2.521324636,2.575652057,2.316031537,2.501111435,2.177121541,3.85516817,5.16089449,4.86282365,5.662360888,6.049249927,6.115623339,6.327241188,8.603882922,9.4773003,8.221092235,7.525116898,6.641885345,6.560801247,5.371226071,4.987807401,4.96575741,4.647592524,3.771634794,3.208487735,3.505132292,4.430877193,5.021891978,5.473026912,6.236803697,5.96975752,5.161558982,5.756857485,5.541333992,6.062858601,4.805326313,4.956093778,4.893181623,5.566037795,6.892834153,7.510251536,7.824688578,7.249621956,7.342345505,7.231591827,7.569357636,8.171666333,8.761892293,7.809202813,7.994424942,
IRL,TX.VAL.MRCH.HI.ZS,90.61838702,90.49980167,89.82737361,90.11309741,90.07400257,91.30712688,90.54014599,92.60864024,91.94681385,92.38986364,93.04610806,91.70639727,90.475716,91.41652067,89.31723824,89.2063582,88.09617313,87.06330996,87.04984809,85.64295206,84.1477379,84.08430573,85.00072856,86.10087733,87.20580393,87.60626667,88.07376829,88.78743497,88.7537047,89.25182088,90.10553072,90.42452428,90.74496015,87.63279688,88.11012682,87.70250363,85.23313944,85.60796069,86.84488383,91.90461839,90.95522875,91.2968491,93.83864192,94.41019522,94.52040454,94.04471748,92.70251684,92.09246022,91.82807706,92.4941192,92.49275103,92.6007069,91.90654935,91.272297,90.50449083,91.74940523,91.15368966,
IRL,TX.VAL.MRCH.CD.WT,426720000,505400000,488320000,548520000,548800000,618240000,684040000,789826000,797999000,891359000,1120080000,1312410000,1606600000,2130610000,2658030000,3192430000,3314750000,4404060000,5690810000,7142960000,8398000000,7678000000,8063000000,8592000000,9642000000,10358000000,12658000000,15999000000,18723000000,20667000000,23743000000,24224000000,28331000000,28992000000,33996000000,44705000000,48339000000,53348000000,64329759000,71239358431,77413186431,82835038689,88265438673,92755372072,1.04788E+11,1.09657E+11,1.08726E+11,1.21543E+11,1.25719E+11,1.15928E+11,1.16497E+11,1.2574E+11,1.16773E+11,1.16637E+11,1.21946E+11,1.23935E+11,1.28972E+11,
IRL,TX.VAL.MRCH.AL.ZS,0.117564072,0.099166997,0.061652281,0.054724553,0.305662806,0.271652285,0.452554745,0.318593093,0.614651279,0.626783187,0.521759295,0.241449618,0.363061172,0.346626963,0.674142078,1.231453398,2.655062412,2.491603317,2.48606725,3.288419626,4.175958932,4.789483002,5.346848345,4.521099824,3.59094012,3.624135456,3.050648584,2.34112897,2.352999308,2.124546782,1.664980087,1.553529574,1.521662173,2.075748356,1.943458568,1.796923775,1.580928764,1.56312928,1.480893795,1.535996591,1.404828356,1.221717233,1.041749074,0.930520581,0.957001929,0.974687106,1.145967214,1.294280399,1.314434057,1.477469023,1.633796281,1.671751675,1.890384861,1.906782818,2.102966362,2.245617965,1.897973031,
IRL,TX.VAL.MMTL.ZS.UN,,,,0.927559215,1.534335729,1.803627559,3.756078891,3.322006854,4.475609858,6.638282997,6.117242278,4.002436787,4.013663157,4.275177163,4.429885547,2.950097761,2.25845406,2.301089921,2.306852015,2.975686495,2.684903793,1.993989667,2.208920461,2.264377838,2.4175628,2.027488416,1.665265254,1.454417578,1.579913841,1.34462346,1.192478664,1.030003766,0.927593524,0.964339723,0.701246118,0.628012371,0.574780824,0.599216633,0.393041544,0.428324533,0.360551588,0.309642936,0.25979093,0.392700997,0.510175106,0.545514328,0.894869104,0.907120691,0.666650399,0.625338255,0.808286816,0.962563055,0.871287132,0.780455437,0.847690924,0.589705577,0.477628621,
IRL,TX.VAL.MANF.ZS.UN,,,,21.32009506,24.21577037,25.46147735,27.73567835,27.76590236,32.47190557,33.66771424,35.68827735,34.48992897,38.09886427,42.43320296,46.88182291,41.97390274,47.49376953,49.80553799,49.76791264,52.55065405,54.06997215,57.88822758,60.93238082,62.30860366,63.64641287,64.65855205,65.17570101,64.78673284,68.91262531,68.34564865,69.88590267,70.52060093,69.33775841,68.14177568,71.01171105,71.54574636,81.51943679,80.76370983,83.63981305,85.07647994,86.27668315,87.7083366,87.97109104,85.99432525,85.68452078,86.04209154,84.76245121,84.54898974,85.00081891,85.64418333,84.52339445,86.17230962,85.34464134,84.77494896,84.29785876,87.10780942,87.76641413,
IRL,TX.VAL.INSF.ZS.WT,,,,,,,,,,,,,,,,,,,,,,,,,,,,,,,,,,,,,,,,,,,,,,26.88075935,28.87972699,27.4374267,24.37260914,21.70098931,21.28324228,19.64806576,19.26199625,17.82303494,17.55170552,17.61823606,15.65606317,
IRL,TX.VAL.ICTG.ZS.UN,,,,,,,,,,,,,,,,,,,,,,,,,,,,,,,,,,,,,,,,,36.30279386,36.81884835,31.07007634,24.16277132,22.51190404,22.43110804,22.17743347,18.63670842,15.72546654,10.9514654,7.492133622,5.776495152,5.652044928,5.833281562,5.749851354,5.999509499,,
IRL,TX.VAL.FUEL.ZS.UN,,,,1.682070829,1.138149334,1.5085,0.72826638,2.300051685,1.072352636,1.404127096,1.519438933,1.188411652,0.859883793,0.753641984,1.320035463,1.324633446,0.662230865,0.662896845,0.410568497,0.479282121,0.646642745,0.652115125,0.632573096,1.145614425,1.201007056,1.269470226,0.781484344,0.720086428,0.567611709,0.497589893,0.657223015,0.624983789,0.605706385,0.598833586,0.486374607,0.44295407,0.417142916,0.423418305,0.270594242,0.26833616,0.346069931,0.322892846,0.383181594,0.244853782,0.482114669,0.701028618,0.659905782,0.771217102,0.964529111,0.70843339,1.152055384,1.484660785,1.748307782,0.950004587,0.92938718,0.689221813,0.566806583,
IRL,TX.VAL.FOOD.ZS.UN,,,,63.08791761,62.31670073,59.11450184,57.35415437,57.98563045,53.50720899,50.60804722,49.36744607,47.37648732,45.28597771,43.62683079,40.37231178,47.19907743,42.04603129,40.11817649,40.67829892,37.33192611,36.59855176,33.28184125,30.11624542,27.92916831,25.73537273,25.28231062,25.94028352,27.29099712,26.64789804,24.1110421,22.31659018,22.6550872,24.40885393,21.90272171,20.56806844,19.39313628,16.45045498,11.8710434,10.14650889,9.435856087,8.293135641,7.251957723,7.218875735,8.343740802,8.397312276,8.438796677,9.700694901,10.14052097,9.683569573,8.756655609,9.196019881,9.994602673,10.2577698,11.48931742,11.82106072,9.995722626,9.829142636,
IRL,TX.VAL.AGRI.ZS.UN,,,,4.733024861,3.598574779,4.281259648,3.873630264,3.029602581,2.95602232,3.02893764,2.325442464,1.961522724,2.188975393,2.728804998,2.463178499,2.110043282,2.356992043,1.915274667,2.163409548,2.336179635,2.133703412,2.150729656,2.191911539,2.012603834,2.044220985,1.691138551,2.003275315,1.938648355,1.966203479,1.823781627,1.637762193,1.499839531,1.543387073,1.322877593,1.223419173,1.114616406,1.036950864,0.842309561,0.635080067,0.53468845,0.471213557,0.418253333,0.44032967,0.467706901,0.472653307,0.447288892,0.462863017,0.520431936,0.484245158,0.426361826,0.527358312,0.559431945,0.573451718,0.645694442,0.701766431,0.564113207,0.522711425,
IRL,TX.QTY.MRCH.XD.WD,,,,,,,,,,,,,,,,,,,,,,,,,,,,,,,,,,,,,,,,,100,109.3247588,113.2904609,104.71597,109.8606645,109.6463023,106.9667738,110.7181136,106.7524116,106.7524116,107.1811361,108.7888532,106.1093248,102.357985,108.5744909,124.0085745,130.3322615,
IRL,TT.PRI.MRCH.XD.WD,,,,,,,,,,,,,,,,,,,,,,,,,,,,,,,,,,,,,,,,,100,101.1702162,100.7741923,100.2775788,97.89373215,101.1502528,98.81210656,96.1413518,94.75652846,97.58094062,97.69324454,96.08234952,96.41055862,86.57161501,85.51434057,90.08346173,88.61910652,
IRL,TM.VAL.TRVL.ZS.WT,,,,,,,,,,,,,,,,,,,,,,,,,,,,,,,,,,,,,,,,,,,,,,8.509149011,8.551925308,9.124430655,9.392028928,7.534177135,6.589400626,5.816833602,5.270211359,5.195359085,4.181432037,3.394870442,3.192921645,
IRL,TM.VAL.TRAN.ZS.WT,,,,,,,,,,,,,,,,,,,,,,,,,,,,,,,,,,,,,,,,,,,,,,3.455432008,3.174066243,2.989108212,2.533822678,2.1542099,2.015816403,1.978041048,1.923877953,1.848733065,1.684446232,1.512441453,1.261699131,
IRL,TM.VAL.SERV.CD.WT,,,,,,,,,,,,,,,,,,,,,,,,,,,,,,,,,,,,,,,,,,,,,,71385653252,80243397618,94870912560,1.10874E+11,1.03788E+11,1.07301E+11,1.1558E+11,1.11897E+11,1.17647E+11,1.44898E+11,1.67289E+11,1.91792E+11,
IRL,TM.VAL.OTHR.ZS.WT,,,,,,,,,,,,,,,,,,,,,,,,,,,,,,,,,,,,,,,,,,,,,,72.99550736,70.82017456,70.87843351,73.80537139,76.24863488,78.05764279,79.33511224,80.31655576,81.6497721,82.55993767,85.7594636,87.62051307,
IRL,TM.VAL.MRCH.XD.WD,,,,,,,,,,,,,,,,,,,,,,,,,,,,,,,,,,,,63.50995789,67.31590858,74.15109323,84.7558033,91.94333595,100,99.29540194,102.913784,105.8349048,121.4059496,134.6651981,143.6068199,164.6304979,164.9111174,123.1535745,118.3854484,130.817016,123.281986,141.6740078,158.4356415,150.4113024,154.7444647,
IRL,TM.VAL.MRCH.WR.ZS,,,,,,,,,,,,,,,,,,,,,,,,,,,,,,,,,,,,,,,,,,,,,,,,,,,,,,,,,,
IRL,TM.VAL.MRCH.WL.CD,629900000,728800000,763500000,852300000,967700000,1036700000,1041600000,1079000000,1172700000,1422720000,1569040000,1833710000,2106040000,2775850000,3816970000,3761110000,4195400000,5383950000,7109600000,9885510000,11142480000,10600070000,9698740000,9163750000,9675130000,10017490000,11617800000,13639680000,15604516707,17524616449,20829740610,20750711307,22453136420,21528078783,25183070233,32004650083,34959735228,38903485298,43935211826,47532928536,50893332042,50594538843,52082549848,53866680303,61851022933,68530408838,73142937614,83905994481,84130652589,62493517036,63253623310,73012904293,70410864609,72141390300,80521221446,76498344847,81068159635,
IRL,TM.VAL.MRCH.RS.ZS,7.032862359,7.560373216,8.513425016,6.699518949,5.869587682,5.324587634,4.685099846,5.106580167,4.221028396,3.934716599,3.439682863,5.509049959,5.520787829,4.231856909,4.864591548,4.518878735,4.744958764,4.716054198,4.096011027,4.24318017,3.272880005,3.338940215,3.545924522,3.41879689,3.667650977,3.615476532,3.437397786,3.315620308,3.902987144,3.529253446,3.344428407,3.252483219,2.83579158,4.035061413,5.164404872,4.81702432,6.577961103,5.659736898,3.966350851,5.147873719,5.941241524,4.709865987,2.756816984,2.627490575,2.538283567,2.08828732,2.001483068,1.909152883,1.968539454,2.011303602,0.233826466,0.146508819,0.249985227,0.152808986,0.138632143,0.375954403,0.686696816,
IRL,TM.VAL.MRCH.R6.ZS,1.317669471,1.001646542,1.178781925,1.138096914,1.529399607,1.630172663,1.766513057,1.705282669,2.063613882,2.00882816,1.62710957,1.537320514,1.634346926,1.802330818,1.790163402,1.902098051,1.347904848,1.487569535,1.305980646,1.198016086,1.130269024,0.800183395,0.991984526,1.169935889,1.537136969,1.581833373,1.281137565,1.049291479,1.052709694,0.939709628,1.059330964,1.003051871,0.985520329,0.996628274,1.076259823,0.906748695,0.890494116,0.764970112,0.675244224,0.485728751,0.508443615,0.508029309,0.448305397,0.56518489,0.541243532,0.530920932,0.487341658,0.452277458,0.385057508,0.497877781,0.440613025,0.949537282,1.793685915,0.958531693,0.736889825,0.773183638,0.449063757,
IRL,TM.VAL.MRCH.R5.ZS,2.413081441,2.305159166,2.01702685,2.041534671,1.302056422,1.581942703,1.36328725,1.325301205,1.296154174,1.107034413,0.891628002,0.761843476,0.770640634,0.639443774,0.58842485,0.66469739,0.537493445,0.742577476,0.542646562,0.487076539,0.443617579,0.429619804,0.343240462,0.317664711,0.307799482,0.343599045,0.351787774,0.368043825,0.334432254,0.306762468,0.31600912,0.311276356,0.311246624,0.329840529,0.370636722,0.403789011,0.416606982,0.335077467,0.33581478,0.30718789,0.312853577,0.361832621,0.392413737,0.386994565,0.418221274,0.483230878,0.484838546,0.516869014,0.476283825,0.718909531,0.74943572,0.834016896,0.822891058,0.853257897,0.885786289,0.883640418,0.915322485,
IRL,TM.VAL.MRCH.R4.ZS,4.254643594,3.841931943,2.920759659,3.778012437,3.699493645,4.06096267,3.177803379,3.549582947,3.786134561,2.789023842,1.689568144,1.555316817,0.844238476,1.269160798,2.017830897,2.240030204,2.223625876,1.938725285,1.596995612,0.967982431,1.448959298,0.135942498,0.142492736,0.493902605,0.155036677,0.158023617,0.172407857,0.251692122,0.20377964,0.443979765,0.233048313,0.254383044,0.260694283,0.23408197,0.283126082,0.34148732,0.258801339,0.2356927,0.174831214,0.122351603,0.123143657,0.136938418,0.112675737,0.132140196,0.153425201,0.098888533,0.156596951,0.292523922,0.391787958,0.764943758,0.832109821,0.356859653,1.600536071,0.674520211,1.002418001,0.124859752,0.083254913,
IRL,TM.VAL.MRCH.R3.ZS,1.698682331,1.138858397,1.322855272,1.220227619,1.333057766,1.688048616,1.766513057,2.205746061,1.432591456,1.47182861,1.545531025,1.68238162,1.448215608,1.247545797,1.139385429,0.852407933,1.176526672,0.895996434,0.788792618,0.782458366,0.666009721,0.761221388,0.762573283,0.773918974,0.92133129,0.760170462,0.688856754,0.5429013,0.800367152,0.891490125,0.908999879,0.794487555,0.852288177,0.683352395,0.641125345,0.664168161,0.791316479,0.619358862,0.482993192,0.467808121,0.594676212,0.689153053,0.639206091,1.097497631,0.795114486,0.704834331,0.628643905,0.702889393,0.77679211,0.931728459,1.876111242,2.694476497,2.82985512,2.052045978,1.803396805,1.701428356,1.36983305,
IRL,TM.VAL.MRCH.R2.ZS,0.142879822,0.109769484,0.144073346,0.140795495,0.134339155,0.125397897,0.134408602,0.259499537,0.264347233,0.24389901,0.284887575,0.185416451,0.19230404,0.26082101,0.250722432,0.207651465,0.19426038,0.233657445,0.166676044,0.148095546,0.097734077,0.118772801,0.127954765,0.138698677,0.138189358,0.156725886,0.388197421,0.393924198,0.223396646,0.24133056,0.250704533,0.234591761,0.190201521,0.405077452,0.341637998,0.419940873,0.41721586,0.347188037,0.387304185,0.289675819,0.350372174,0.430863817,0.447483932,0.554293746,0.66135476,0.645844311,0.817114724,0.845308527,0.876483041,0.690979986,0.922606075,0.79566803,0.72787239,0.90248446,1.123225888,1.108984153,1.067320948,
IRL,TM.VAL.MRCH.R1.ZS,0.508017146,0.315587267,0.327439424,0.305056905,0.341014777,0.289379763,0.633640553,0.47265987,0.494585145,0.451248313,0.495844593,0.53607168,0.492868132,0.625033773,0.575587442,0.394298492,0.510082471,0.602531599,0.6660009,0.735925612,0.596994565,0.607165802,0.710092239,0.750893466,0.710274694,0.686798789,0.689545353,0.820693741,1.006117068,0.941757713,1.095884429,1.368456983,1.461306344,2.803325824,3.03635604,3.47628455,3.844745926,3.588970961,4.089772914,3.407382103,3.3042237,3.089710516,3.356245134,4.233627192,4.493105817,4.923532531,4.856280454,4.708427945,4.406002691,5.257728569,5.085140801,4.486083628,4.415121216,4.666933326,4.575015778,5.088540826,4.80817207,
IRL,TM.VAL.MRCH.OR.ZS,10.33497381,8.712952799,7.910936477,8.623724041,8.339361372,9.375904312,8.842165899,9.518072289,9.337426452,8.071862348,6.534568908,6.258350557,5.382613816,5.844335969,6.362114452,6.261183534,5.989893693,5.901057774,5.067092382,4.31955458,4.383584265,2.852905688,3.078338011,3.645014323,3.769768468,3.687151173,3.571932724,3.426546664,3.620802455,3.765030259,3.863977238,3.96624757,4.061257278,5.452306445,5.749142009,6.212418611,6.619180703,5.891258139,6.145960508,5.080134287,5.193712934,5.216527733,5.396330028,6.96973822,7.062465068,7.387251516,7.430816238,7.518296259,7.312407132,8.862168083,9.906016683,10.11664199,12.18996177,10.10777357,10.12673259,9.680637144,8.692967223,
IRL,TM.VAL.MRCH.HI.ZS,82.63216384,83.72667398,83.57563851,84.67675701,85.79105095,85.29950805,86.47273425,85.37534754,86.44154515,87.99342105,90.02574823,88.23259948,89.09659836,89.92380712,88.773294,89.21993773,89.26514754,89.38288803,90.83689659,91.43726525,92.34353573,93.8081541,93.37573747,92.93618879,92.56258055,92.6973723,92.99066949,93.25783303,92.4762104,92.7057163,92.79159435,92.78126921,93.10295114,90.51263214,89.08645312,88.97055707,86.80285819,88.44900496,89.88768864,89.77199199,88.86504554,90.07360628,91.84685299,90.4027712,90.39925136,90.52446116,90.56770069,90.57255086,90.71905341,89.12652831,89.86015685,89.73684919,87.560053,89.73941745,89.73463527,89.94340845,90.62033596,
IRL,TM.VAL.MRCH.CD.WT,633920000,731920000,766360000,857920000,973840000,1041040000,1043280000,1085870000,1174800000,1415520000,1621440000,1836660000,2101940000,2789350000,3813630000,3778410000,4200490000,5396350000,7121440000,9883650000,11153000000,10608000000,9702000000,9159000000,9675000000,10020000000,11621000000,13642000000,15567000000,17420000000,20669000000,20771000000,22477000000,21161000000,25612000000,32340000000,34320000000,37748000000,43191333000,46769265903,51041252503,50556467658,52398774751,53886070006,61814101330,68565075708,73117722417,83821972778,83964850889,62703908358,60276206317,66605765760,62769289440,72133626540,80667848500,76582238950,78788477860,
IRL,TM.VAL.MRCH.AL.ZS,5.508810922,4.761251372,3.483955468,4.071336384,2.686783094,2.469373975,3.072196621,4.022242817,3.948153833,2.730684885,3.101259369,3.381123515,2.311447076,1.61031756,4.634042185,4.152497534,2.421223245,3.46195637,2.924215146,2.227907311,3.579274991,1.678856838,0.912283451,0.605538126,0.171780638,0.226104543,0.203394791,0.281091639,0.222142029,0.464034236,0.2716267,0.38763595,0.32197308,0.295093337,0.368131122,0.414432058,0.276019098,0.327994428,0.274447802,0.171771238,0.17973431,0.207134755,0.215283417,0.202996811,0.213124874,0.167682693,0.241095136,0.376600612,0.454719137,0.872114905,1.087762236,0.415532672,1.689173555,0.820592146,1.218693947,0.568014324,0.40510259,
IRL,TM.VAL.MMTL.ZS.UN,,,,2.779482916,2.946105298,2.830512569,3.542045283,3.419516616,3.609475979,3.255645987,2.974895134,2.419273029,2.226379288,2.409384714,2.852994896,2.057007787,1.959288682,1.828493282,1.82455819,1.748210826,1.854350687,1.542271284,1.654661738,2.14871618,2.654293683,2.613745205,2.390289928,2.353413375,2.548509061,2.417093387,2.403710443,2.246291144,1.989562921,2.11303937,2.204819391,2.147385827,1.825307992,1.701045989,1.585298728,1.317352254,1.204399585,1.353548578,1.323683318,1.420922615,1.484203598,1.42953854,1.63182571,1.719774774,1.636934485,1.396686066,1.595520976,1.780584132,1.598489202,1.775824422,1.672252274,1.367582474,1.317351551,
IRL,TM.VAL.MANF.ZS.UN,,,,55.47883155,57.91844143,57.81303529,58.11973526,58.36120154,60.76195286,65.5506132,65.53211241,64.48478493,65.60245796,67.8332786,62.06417966,63.60122656,64.49936831,65.4924594,70.27978575,69.15517418,66.03598576,65.60246104,66.27002993,66.96103886,68.15857821,68.06757297,70.94851441,72.85185502,75.99233041,76.40001329,75.92662591,76.10747318,76.92693712,73.01277402,73.94525481,75.70209503,76.68573155,79.11404193,80.8403371,81.46838647,81.78167993,81.54655699,81.25599731,79.0821555,77.84331769,76.84305081,75.47252153,73.3233968,69.64074643,68.44412111,66.34764222,66.38377381,65.35509255,64.89982966,67.79879639,77.24221087,78.6696155,
IRL,TM.VAL.INSF.ZS.WT,,,,,,,,,,,,,,,,,,,,,,,,,,,,,,,,,,,,,,,,,,,,,,15.03991162,17.45383389,17.00802763,14.268777,14.06297809,13.33714018,12.87001311,12.48935493,11.30613575,11.57418406,9.333224507,7.924866148,
IRL,TM.VAL.ICTG.ZS.UN,,,,,,,,,,,,,,,,,,,,,,,,,,,,,,,,,,,,,,,,,32.79922966,35.88065524,33.05630943,25.12721617,24.32504996,23.81041554,23.1739864,19.31035887,16.74957879,13.25069685,10.18287249,9.333568973,9.053674792,9.008423254,9.438254869,8.991704934,,
IRL,TM.VAL.FUEL.ZS.UN,,,,8.93559919,8.515592116,8.449403795,8.648975194,9.614449784,8.361389488,7.578996945,8.090993036,9.058766149,7.533959437,6.79554069,13.91171018,14.09014963,13.39788969,12.5959997,10.10822364,12.04922326,14.79287488,14.68243593,14.79822207,13.4888049,12.40886208,11.89251533,8.486932331,7.382443978,5.674768126,5.521873069,6.463972245,5.901650318,5.228806437,4.802257821,3.875204321,3.307890378,3.704900454,3.491196812,2.55697464,2.93591427,4.079651619,3.871380857,3.255289607,3.819635985,5.278749581,6.873769448,7.760656414,9.018130995,11.4342146,9.857885746,12.17293423,14.37034406,14.58309422,13.89185563,12.1008635,7.294718168,5.392415877,
IRL,TM.VAL.FOOD.ZS.UN,,,,19.02544337,17.87639576,19.09480026,18.39188347,17.60362678,16.87073014,14.55406304,14.21081653,12.69337934,13.63501842,13.77248949,12.9323469,13.92863635,12.95767194,13.52383847,12.28687867,12.07395624,12.11700136,13.10846818,12.66081342,12.97951709,12.06677486,12.30804377,13.02857348,12.35153779,12.36903189,10.97913941,10.58691087,11.35647924,11.63845903,9.961262249,9.768617967,8.47457794,8.319454211,7.840092,7.197309066,7.230505612,6.285455011,6.804905607,7.268994646,8.257924167,7.937516821,7.910987986,8.334214643,8.987289709,10.00357952,11.95329189,12.2651438,12.64376155,13.69723036,14.39064333,13.50764236,11.19937182,11.27452365,
IRL,TM.VAL.AGRI.ZS.UN,,,,6.527154053,6.541375767,5.705123942,5.465154846,5.56525,5.762825598,5.075681406,4.756084277,4.247780868,4.420098101,5.277968931,5.234738254,3.267037045,4.011409366,3.658397518,3.039548768,3.052324863,2.754316082,2.775823363,2.293573167,2.219613404,2.200741008,1.997157384,2.04675278,1.98516102,1.963839545,1.857750552,1.806851814,1.601305361,1.415448948,1.269884143,1.400542289,1.234771624,1.174004633,1.102815198,1.010521542,0.950021023,0.946476219,0.857420426,0.859502138,1.053187667,1.034153534,1.01467,0.983392221,0.984380291,0.743654185,0.668903245,0.711220377,0.677046683,0.705316231,0.673542686,0.69732425,0.616494935,0.599703196,
IRL,TM.TAX.TCOM.WM.FN.ZS,,,,,,,,,,,,,,,,,,,,,,,,,,,,,3.47,3.32,4.21,4.57,5.03,5.2,5,9.94,7.69,7.39,6.38,4.12,1.79,2.12,2.06,1.99,1.84,1.62,1.53,1.58,1.32,1.67,1.48,1.35,1.26,1.34,1.32,1.47,1.89,
IRL,TM.TAX.TCOM.WM.AR.ZS,,,,,,,,,,,,,,,,,,,,,,,,,,,,,2.73,2.71,3.7,3.73,4.06,3.62,3.54,8.79,6.23,5.58,4.8,3.31,0.91,1.64,1.04,0.99,0.73,0.75,0.59,0.61,0.46,0.58,0.57,0.46,0.43,0.43,0.69,0.75,0.89,
IRL,TM.TAX.TCOM.SR.ZS,,,,,,,,,,,,,,,,,,,,,,,,,,,,,26.98232,25.49622,16.93116,15.96301,17.05738,16.6389,17.45752,25.51019,37.6087,36.77582,29.85218,40.8425,25.88154,26.80114,34.38274,31.54522,23.56445,21.33408,26.23838,25.48423,22.15982,22.32976,25.77638,25.71524,27.78579,26.80639,26.38892,26.24227,25.36446,
IRL,TM.TAX.TCOM.SM.FN.ZS,,,,,,,,,,,,,,,,,,,,,,,,,,,,,6.9,7,7.77,7.68,7.8,7.66,7.88,17.5,13.59,13.62,11.49,7.77,4.61,4.73,4.72,4.71,4.79,4.74,4.73,4.93,4.84,4.89,4.99,4.99,5.69,5.6,5.57,5.58,5.69,
IRL,TM.TAX.TCOM.SM.AR.ZS,,,,,,,,,,,,,,,,,,,,,,,,,,,,,5.87,6.23,7.38,7.18,7.44,6.31,6.34,12.97,9.73,9.31,7.96,6.21,2.97,3.98,2.58,2.54,2.62,2.6,2.42,2.42,2.26,2.42,2.44,2.12,2.22,2.18,2.58,2.5,2.43,
IRL,TM.TAX.TCOM.IP.ZS,,,,,,,,,,,,,,,,,,,,,,,,,,,,,15.13533,15.71462,20.69455,20.98832,20.60003,17.09331,17.62777,25.71892,30.76033,27.75367,21.33961,12.61151,6.08252,8.246401,4.836339,5.639287,5.909031,6.375638,4.975795,5.722136,5.317493,5.372413,6.383808,4.774599,4.4329,5.255677,7.86377,7.197316,6.987795,
IRL,TM.TAX.TCOM.BR.ZS,,,,,,,,,,,,,,,,,,,,,,,,,,,,,,,,,,,,10.36,11.62,10.59,10.46,10.89,4.59,4.59,4.79,4.79,4.79,4.79,4.79,5,5,5,5,5,5.75,5.75,5.75,5.75,5.75,
IRL,TM.TAX.TCOM.BC.ZS,,,,,,,,,,,,,,,,,,,,,,,,,,,,,,,,,,,,100,100,100,100,100,100,100,100,100,100,100,100,100,100,100,100,100,100,100,100,100,100,
IRL,TM.TAX.MRCH.WM.FN.ZS,,,,,,,,,,,,,,,,,,,,,,,,,,,,,4.73,4.73,6.22,5.92,6.33,6.3,6.14,7.36,5.75,5.79,4.6,3.63,2.68,2.88,2.99,2.97,2.84,2.69,2.63,2.59,2.4,2.63,2.48,2.43,2.3,2.43,2.41,2.56,2.77,
IRL,TM.TAX.MRCH.WM.AR.ZS,,,,,,,,,,,,,,,,,,,,,,,,,,,,,3.59,3.77,5.05,4.74,4.46,4.12,4.44,6.27,4.01,3.62,3.29,3.13,1.67,2.32,1.75,1.66,1.47,1.66,1.62,1.58,1.15,1.26,1.58,1.08,1.02,1.04,1.51,1.57,1.6,
IRL,TM.TAX.MRCH.SR.ZS,,,,,,,,,,,,,,,,,,,,,,,,,,,,,12.71628,17.69554,5.047931,4.237892,4.532078,4.407461,4.565684,6.798499,11.85437,11.2955,8.700487,13.95402,7.199114,7.468193,11.60093,10.91687,6.791642,5.60961,7.145239,6.821628,5.661909,5.766441,7.144056,7.083234,7.426126,7.337349,7.283516,7.243509,6.791332,
IRL,TM.TAX.MRCH.SM.FN.ZS,,,,,,,,,,,,,,,,,,,,,,,,,,,,,6.24,6.26,8.35,7.15,7.25,7.18,7.19,8.99,7.34,7.5,6.48,5.29,4.4,4.47,4.62,4.41,4.22,4.2,4.18,4.06,4.05,4.05,4.22,4.23,4.42,4.4,4.39,4.39,4.38,
IRL,TM.TAX.MRCH.SM.AR.ZS,,,,,,,,,,,,,,,,,,,,,,,,,,,,,3.14,3.49,6.12,4.82,4.03,3.68,4.35,5.72,3.9,3.31,3.68,3.97,2.3,3.08,1.81,1.74,1.79,1.76,1.79,1.7,1.6,1.62,1.89,1.54,1.57,1.55,2.1,2.06,1.92,
IRL,TM.TAX.MRCH.IP.ZS,,,,,,,,,,,,,,,,,,,,,,,,,,,,,4.209674,4.33863,11.47864,6.273315,6.249241,5.056185,5.131768,7.355046,9.712525,8.587495,6.32093,4.390583,1.821503,2.453426,2.075775,2.157062,1.797052,1.772612,1.452121,1.632861,1.432872,1.457772,1.873789,1.386644,1.248809,1.496119,2.269145,2.102112,1.970677,
IRL,TM.TAX.MRCH.BR.ZS,,,,,,,,,,,,,,,,,,,,,,,,,,,,,,,,,,,,5.47,5.73,5.5,5.47,5.56,4.11,4.11,4.17,4.17,4.17,4.17,4.17,4.18,4.18,4.18,4.18,4.18,4.38,4.38,4.38,4.38,4.38,
IRL,TM.TAX.MRCH.BC.ZS,,,,,,,,,,,,,,,,,,,,,,,,,,,,,,,,,,,,100,100,100,100,100,100,100,100,100,100,100,100,100,100,100,100,100,100,100,100,100,100,
IRL,TM.TAX.MANF.WM.FN.ZS,,,,,,,,,,,,,,,,,,,,,,,,,,,,,5.84,5.8,7.6,6.79,7.15,7.01,6.82,6.4,5.03,5.23,4.1,3.5,3.09,3.24,3.43,3.44,3.32,3.27,3.3,3.18,3.16,3.18,3.15,3.22,3.19,3.24,3.24,3.3,3.22,
IRL,TM.TAX.MANF.WM.AR.ZS,,,,,,,,,,,,,,,,,,,,,,,,,,,,,4.32,4.57,5.99,5.39,4.78,4.47,4.96,5.3,3.14,2.87,2.86,3.1,2,2.64,2.07,1.98,1.82,2.15,2.24,2.15,1.63,1.65,2.24,1.54,1.51,1.48,2.12,2.11,1.95,
IRL,TM.TAX.MANF.SR.ZS,,,,,,,,,,,,,,,,,,,,,,,,,,,,,7.791177,15.07648,0.8980715,0.1205882,0.2357272,0.3275069,0.144989,0.7623338,0.3152843,0.1578368,0.2622062,0.7419519,0.1576275,0.2596901,0.188365,0.1791334,0.1891851,0.176629,0.1733945,0.1875017,0.1686227,0.1750877,0.197045,0.1749071,0.178014,0.1795815,0.2657372,0.2685423,0.2649594,
IRL,TM.TAX.MANF.SM.FN.ZS,,,,,,,,,,,,,,,,,,,,,,,,,,,,,6.07,6.06,8.53,7.02,7.12,7.07,7.02,6.57,5.56,5.77,5.05,4.59,4.36,4.42,4.61,4.35,4.09,4.08,4.06,3.85,3.86,3.85,4.04,4.04,4.05,4.05,4.05,4.05,4,
IRL,TM.TAX.MANF.SM.AR.ZS,,,,,,,,,,,,,,,,,,,,,,,,,,,,,2.55,2.84,5.86,4.33,3.3,3.15,3.96,4.23,2.72,2.11,2.84,3.52,2.18,2.92,1.67,1.59,1.64,1.61,1.67,1.56,1.47,1.47,1.78,1.43,1.44,1.43,2.01,1.98,1.82,
IRL,TM.TAX.MANF.IP.ZS,,,,,,,,,,,,,,,,,,,,,,,,,,,,,0.4065226,0.4008741,8.29889,1.111032,1.331585,1.044082,0.8497304,1.446893,0.2822267,0.2100069,0.3297073,0.3513515,0.215942,0.2939601,0.6945961,0.3452651,0.1787276,0.1825088,0.165714,0.1794945,0.13961,0.1364979,0.1925616,0.1306828,0.1154572,0.11408,0.2143994,0.2318268,0.207973,
IRL,TM.TAX.MANF.BR.ZS,,,,,,,,,,,,,,,,,,,,,,,,,,,,,,,,,,,,4.1,4.09,4.08,4.08,4.08,3.99,3.99,4.03,4.03,4.03,4.03,4.03,3.98,3.98,3.98,3.98,3.98,3.98,3.98,3.98,3.98,3.98,
IRL,TM.TAX.MANF.BC.ZS,,,,,,,,,,,,,,,,,,,,,,,,,,,,,,,,,,,,100,100,100,100,100,100,100,100,100,100,100,100,100,100,100,100,100,100,100,100,100,100,
IRL,TM.QTY.MRCH.XD.WD,,,,,,,,,,,,,,,,,,,,,,,,,,,,,,,,,,,,,,,,,100,102.3829088,102.7937551,92.52259655,96.22021364,105.1766639,107.8060805,111.3393591,102.4650781,85.45603944,82.16926869,83.9769926,83.40180772,83.15529992,93.26211997,104.7658176,107.0665571,
IRL,TG.VAL.TOTL.GD.ZS,54.69105943,59.25827211,55.50822551,57.85809924,55.03632894,56.32880695,55.64757928,56.09748089,60.17227901,60.91449397,62.28944241,61.6937852,58.62722566,65.68588866,81.85429377,73.41462074,79.39966162,87.02339394,87.36297175,92.83221238,89.79098369,88.35974526,82.62609498,85.37862872,95.95778025,95.69164147,84.4517514,87.27916286,90.67078913,96.94954215,89.96715855,90.26598416,90.75206137,95.56547119,104.2717048,111.3003163,108.9329384,109.9845992,119.359091,119.5727076,128.6428638,122.2278102,109.9408319,89.26033401,85.93485521,84.2059475,78.35188299,76.08452278,76.24324718,75.59174241,79.64481128,80.47311837,79.5944046,78.85509486,78.50245063,68.99716447,68.15859784,
IRL,ST.INT.XPND.MP.ZS,,,,,,,,,,,,,,,,,,,,,,,,,,,,,,,,,,,,,,,,,,,,,,4.445043274,4.549966859,4.799671844,5.399083947,4.763576496,4.2366737,3.739423383,3.417755785,3.385113307,2.582944436,2.207217604,2.189298775,
IRL,ST.INT.XPND.CD,,,,,,,,,,,,,,,,,,,,,,,,,,,,,,,,,,,,2034000000,2198000000,2210000000,3015000000,2712000000,2626000000,2956000000,3835000000,4832000000,5291000000,6186000000,6978000000,8785000000,10539000000,7934000000,7178000000,6837000000,6001000000,6222000000,6173000000,5774000000,6216000000,
IRL,ST.INT.TVLX.CD,,,,,,,,,,,,,,,,,,,,,,,,,,,,,,,,,,,,2034000000,2198000000,2210000000,3015000000,2631000000,2525000000,2858000000,3755000000,4736000000,5177000000,6074000000,6862000000,8656000000,10413000000,7820000000,7071000000,6723000000,5897000000,6112000000,6059000000,5679000000,6124000000,
IRL,ST.INT.TVLR.CD,,,,,,,,,,,,,,,,,,,,,,,,,,,,,,,,,,,,2211000000,2470000000,2578000000,3297000000,2621000000,2615000000,2791000000,3097000000,3862000000,4375000000,4782000000,5369000000,6074000000,6356000000,4960000000,4086000000,4212000000,3867000000,4426000000,4862000000,4785000000,5198000000,
IRL,ST.INT.TRNX.CD,,,,,,,,,,,,,,,,,,,,,,,,,,,,,,,,,,,,,,,,81000000,101000000,98000000,80000000,96000000,114000000,112000000,116000000,129000000,126000000,114000000,107000000,114000000,104000000,110000000,114000000,95000000,92000000,
IRL,ST.INT.TRNR.CD,,,,,,,,,,,,,,,,,,,,,,,,,,,,,,,,,,,,486792700,552329600,603000000,,782000000,902000000,998000000,1131000000,1344000000,1700000000,1998000000,2295000000,3189000000,3611000000,3498000000,4101000000,5314000000,5197000000,5112000000,6231000000,6017000000,6229000000,
IRL,ST.INT.RCPT.XP.ZS,,,,,,,,,,,,,,,,,,,,,,,,,,,,,,,,,,,,,,,,,,,,,,4.166016559,4.348589151,4.44190631,4.55300652,4.18351842,3.938183983,4.112812368,4.004204428,4.06744573,3.890140272,3.071671369,3.241124166,
IRL,ST.INT.RCPT.CD,,,,,,,,,,,,,,,,,,,,,,,,,,,,,,,,,,,,2697793000,3022330000,3181000000,3297000000,3403000000,3517000000,3789000000,4228000000,5206000000,6075000000,6780000000,7664000000,9263000000,9967000000,8458000000,8187000000,9526000000,9064000000,9538000000,11093000000,10802000000,11427000000,
IRL,ST.INT.DPRT,,,,,,,,,,,,,,,,,,,,,,,,,,,,,,,,,,,,2547000,2733000,3053000,3330000,3576000,3783000,4216000,4634000,4929000,5409000,6113000,6848000,7713000,7877000,7047000,6917000,6514000,6600000,6579000,6676000,7094000,7646000,
IRL,ST.INT.ARVL,,,,,,,,,,,,,,,,,,,,,,,,,,,,,,,,,,,,4818000,5289000,5587000,6064000,6403000,6646000,6353000,6476000,6764000,6953000,7333000,8001000,8332000,8026000,7189000,7134000,7630000,7550000,8260000,8813000,9528000,10100000,
IRL,NY.EXP.CAPM.KN,2766620046,3204023250,3213927934,3528070135,3944243310,4267675416,4799695945,5342162068,5732974728,6105959141,6665371585,7062687005,7718385249,8994504008,7718799711,8152563049,9111323988,10209210715,11675276228,11979334467,11962822326,11967229465,13009301385,14899891366,17160190102,18383858968,19736740624,22252908207,24088485801,26854370312,27871453395,28692120320,32432209291,36352680280,40953292560,48232486031,54259461899,63980272780,79277333532,91587243992,1.10867E+11,1.28003E+11,1.39173E+11,1.35387E+11,1.36469E+11,1.46403E+11,1.5379E+11,1.68273E+11,1.63567E+11,1.68721E+11,1.72797E+11,1.81792E+11,1.8174E+11,1.86984E+11,2.09747E+11,3.03225E+11,3.16437E+11,
IRL,NE.TRD.GNFS.ZS,64.80013725,69.75488497,66.74734992,69.72596742,69.77683598,73.80077756,75.41632623,73.82730133,78.85447921,78.46815715,74.33699671,72.11747639,67.54828302,75.14565952,90.56822147,82.94735051,91.12930094,97.88263994,99.59291643,105.1732,102.1807452,100.8538119,93.85725833,97.61956928,108.1759169,107.6324729,97.00930993,100.6237125,105.0925742,112.3308108,104.9038143,106.3129136,109.4144353,116.4632297,126.3376246,135.9403489,138.7037383,142.3218994,157.9779498,160.1442199,175.1399375,175.0273301,163.7708679,146.5507588,146.6976644,148.2779242,149.9574616,153.2939185,159.6353926,173.0017402,189.5901731,187.5347277,196.6091132,193.290658,208.1708785,216.1867106,221.1580139,
IRL,NE.RSB.GNFS.ZS,-5.746677626,-5.546783335,-6.930568843,-7.494730891,-7.848918562,-9.235640593,-6.343659364,-3.624402214,-6.811650725,-9.228613487,-8.232587844,-7.546565687,-5.750408177,-7.188249684,-14.44423707,-6.59484676,-8.408254563,-9.55476628,-10.29876334,-16.257637,-13.56245666,-14.20721297,-7.88708599,-3.823382155,-1.682998288,0.313982408,1.071511208,4.130498714,5.959282119,5.384710147,4.377786113,4.717824204,7.256805012,10.11915355,9.419900612,10.92377535,10.93295892,11.98450605,10.88985721,13.07149995,13.83985765,15.62152815,17.18441006,15.15219663,14.37585168,10.88839826,8.045581997,8.271172091,8.604494973,13.47580345,16.63165776,18.70449365,17.17122307,18.78530889,17.78718516,33.09840464,22.00669689,
IRL,NE.RSB.GNFS.CD,-111447030.3,-115817517.3,-156655090.9,-182185198.8,-217148883.1,-272054647.6,-196909368.5,-121186845.2,-223325723.4,-349494730.5,-362337554.3,-385203526.3,-363749409.9,-538409415.4,-1142007181,-626191637.6,-795847863,-1076039703,-1510369073,-2981857672,-2953075902,-2940174800,-1695760675,-794916218.1,-338799812.2,66864079.29,308048325.6,1402764513,2253689262,2115404063,2161080109,2351699835,4062758944,5310557274,5384983746,7561723990,8295998110,9926303964,9809804419,12900516834,13819586235,17048322864,21986658479,24892803612,27870513285,23045377565,18672631916,22325342458,23664083638,31844851487,36914189581,44707207654,38733446922,44970026412,45908549717,96189592839,67080597894,
IRL,NE.IMP.GNFS.ZS,35.27340744,37.65083415,36.83895938,38.61034916,38.81287727,41.51820907,40.8799928,38.72585177,42.83306497,43.84838532,41.28479228,39.83202104,36.6493456,41.1669546,52.50622927,44.77109863,49.76877775,53.71870311,54.94583989,60.71541848,57.87160094,57.53051246,50.87217216,50.72147572,54.92945757,53.65924527,47.96889936,48.24660688,49.56664603,53.47305033,50.2630141,50.79754468,51.07881513,53.17203807,58.45886197,62.50828679,63.88538971,65.16869666,73.54404629,73.53635995,80.65003994,79.70290099,73.29322891,65.69928109,66.16090634,68.69476298,70.95593981,72.51137319,75.5154488,79.76296839,86.47925769,84.41511704,89.71894507,87.25267454,95.19184666,91.54415298,99.57565853,
IRL,NE.IMP.GNFS.KD.ZG,,13.6917216,5.351328901,10.58903257,12.93291879,11.01428208,3.510974336,3.73962609,15.66592437,13.44487436,7.654141311,4.660148723,5.063954837,19.03372018,-2.287539733,-10.20967493,14.67105575,13.26545278,15.70684372,13.86098664,-4.495927802,1.710209673,-3.117325553,4.665448521,9.854253499,3.244322356,5.627801526,6.177126214,4.903783227,13.46005546,5.086008025,2.400255682,8.16615571,7.545673106,15.4858546,16.40891865,12.84371974,16.64395898,27.77577479,12.61600706,21.68653531,13.10129665,5.338444627,-2.417458024,1.903957135,12.72317348,9.301761046,9.351270631,-2.785985352,-1.702636435,0.407837281,2.685786725,2.504497201,0.861788027,14.86185529,26.0174756,16.36986867,
IRL,NE.IMP.GNFS.KD,4377324832,4976655961,5242973190,5798153329,6548023790,7269241601,7524462808,7805849582,9028708074,10242606532,11026590110,11540445608,12124848561,14432658309,14102505516,12662685546,14520435202,16446636677,19029884197,21667613904,20693453627,21047355072,20391240494,21342583322,23445735586,24206390827,25568678460,27148087999,28479371385,32312710569,33956137621,34771171744,37610639771,40448615701,46712429514,54377434074,61361519308,71574505409,91454878836,1.02993E+11,1.25328E+11,1.41748E+11,1.49315E+11,1.45706E+11,1.4848E+11,1.67371E+11,1.8294E+11,2.00047E+11,1.94473E+11,1.91162E+11,1.91942E+11,1.97097E+11,2.02033E+11,2.03774E+11,2.34059E+11,2.94955E+11,3.43239E+11,
IRL,NE.IMP.GNFS.CD,684067693.3,786154041.5,832689302,938557266.4,1073800535,1223003605,1268929036,1294851821,1404318220,1660572266,1817050841,2033167880,2318301141,3083459386,4151308967,4251090070,4710653694,6049698722,8058103141,11135980980,12600905163,11905907466,10937756875,10545460018,11057699846,11426997002,13790559559,16385098432,18745180324,21007093202,24812176110,25321116745,28596732681,27904819514,33418613899,43269876641,48476636215,53976717049,66249969721,72574459940,80531910816,86982577897,93775299078,1.07934E+11,1.28266E+11,1.45393E+11,1.64678E+11,1.95721E+11,2.07683E+11,1.88489E+11,1.91942E+11,2.01768E+11,2.02381E+11,2.08874E+11,2.45689E+11,2.66043E+11,3.03526E+11,
IRL,NE.EXP.GNFS.ZS,29.52672981,32.10405082,29.90839054,31.11561827,30.96395871,32.28256848,34.53633343,35.10144956,36.02141424,34.61977183,33.05220443,32.28545535,30.89893742,33.97870492,38.0619922,38.17625187,41.36052319,44.16393683,44.64707654,44.45778148,44.30914428,43.32329949,42.98508617,46.89809356,53.24645929,53.97322768,49.04041057,52.37710559,55.52592815,58.85776048,54.64080021,55.51536888,58.33562014,63.29119162,67.87876258,73.43206214,74.81834863,77.15320271,84.4339035,86.6078599,94.48989759,95.32442914,90.47763897,80.85147772,80.53675802,79.58316124,79.00152181,80.78254528,84.11994377,93.23877184,103.1109155,103.1196107,106.8901681,106.0379834,112.9790318,124.6425576,121.5823554,
IRL,NE.EXP.GNFS.KD.ZG,,17.18436703,-1.027216953,9.597379058,8.163706141,8.946375336,10.64051611,10.33028438,8.966889218,4.622902043,17.67975894,4.098566344,3.601717069,10.91653346,0.705343176,7.551371024,8.116617811,14.03127365,12.31875163,6.468792978,6.353664081,1.955606797,5.535771647,10.45245436,16.59029309,6.579326566,2.885904661,13.71926244,9.024230286,10.31261576,8.729924068,5.702690957,13.88795069,9.698953539,15.13373335,19.9517813,12.42157903,17.54845591,22.77034672,15.77179598,21.18778393,14.00814467,6.475844615,-1.697794995,6.520374958,5.479909556,6.051221238,8.901457139,-3.803444784,4.648518377,5.765102796,3.155698253,1.580455828,3.046582251,14.43044573,38.39174339,4.612730815,
IRL,NE.EXP.GNFS.KD,2969528030,3479822625,3444077298,3774618451,4082767209,4448026888,4921319905,5429706247,5916581991,6190099781,7284494500,7583054340,7856174502,8713796421,8775258589,9437910923,10203950082,11635694242,13069066516,13914477373,14798556524,15087958101,15923193008,17587557489,20505384824,21854501055,22485201120,25570004871,27877500995,30752400554,33437061772,35343874070,40252413873,44156476793,50839000246,60982286391,68557249292,80587987960,98938152229,1.14542E+11,1.38811E+11,1.58256E+11,1.68505E+11,1.65644E+11,1.76445E+11,1.86114E+11,1.97376E+11,2.14945E+11,2.0677E+11,2.16381E+11,2.28856E+11,2.36078E+11,2.39809E+11,2.47115E+11,2.82775E+11,3.91337E+11,4.09389E+11,
IRL,NE.EXP.GNFS.CD,572620663,670336524.2,676034211,756372067.6,856651651.6,950948957.2,1072019668,1173664975,1180992496,1311077535,1454713287,1647964354,1954551731,2545049971,3009301786,3624898432,3914805831,4973659019,6547734068,8154123308,9647829260,8965732666,9241996199,9750543800,10718900034,11493861081,14098607885,17787862945,20998869586,23122497265,26973256220,27672816580,32659491625,33215376788,38803597644,50831600631,56772634325,63903021012,76059774139,85474976774,94351497052,1.04031E+11,1.15762E+11,1.32827E+11,1.56137E+11,1.68438E+11,1.83351E+11,2.18046E+11,2.31347E+11,2.20334E+11,2.28856E+11,2.46475E+11,2.41114E+11,2.53844E+11,2.91598E+11,3.62232E+11,3.70606E+11,
IRL,MS.MIL.XPRT.KD,,,,,,,,,,,,,,,,,,,2000000,9000000,9000000,2000000,,,,,,,,,,,,,,,,,,,,,,,,15000000,30000000,29000000,26000000,26000000,25000000,1000000,25000000,26000000,13000000,,,
IRL,MS.MIL.MPRT.KD,1000000,,,2000000,1000000,,,,,,7000000,9000000,22000000,3000000,1000000,4000000,3000000,5000000,28000000,31000000,48000000,15000000,,,11000000,,38000000,,24000000,,,11000000,,,43000000,,,,3000000,35000000,0,45000000,22000000,,19000000,5000000,13000000,19000000,22000000,0,5000000,2000000,1000000,,40000000,43000000,43000000,
IRL,LP.LPI.TRAC.XQ,,,,,,,,,,,,,,,,,,,,,,,,,,,,,,,,,,,,,,,,,,,,,,,,3.96,,,4.02,,3.65,,4.125285,,3.980995,
IRL,LP.LPI.TIME.XQ,,,,,,,,,,,,,,,,,,,,,,,,,,,,,,,,,,,,,,,,,,,,,,,,4.32,,,4.47,,3.77,,4.125285,,3.937329,
IRL,LP.LPI.OVRL.XQ,,,,,,,,,,,,,,,,,,,,,,,,,,,,,,,,,,,,,,,,,,,,,,,,3.91,,,3.89,,3.52,,3.868014,,3.794886,
IRL,LP.LPI.LOGS.XQ,,,,,,,,,,,,,,,,,,,,,,,,,,,,,,,,,,,,,,,,,,,,,,,,3.93,,,3.82,,3.54,,3.943467,,3.785793,
IRL,LP.LPI.ITRN.XQ,,,,,,,,,,,,,,,,,,,,,,,,,,,,,,,,,,,,,,,,,,,,,,,,3.76,,,3.7,,3.4,,3.44,,3.825702,
IRL,LP.LPI.INFR.XQ,,,,,,,,,,,,,,,,,,,,,,,,,,,,,,,,,,,,,,,,,,,,,,,,3.72,,,3.76,,3.35,,3.84,,3.772744,
IRL,LP.LPI.CUST.XQ,,,,,,,,,,,,,,,,,,,,,,,,,,,,,,,,,,,,,,,,,,,,,,,,3.82,,,3.6,,3.4,,3.8,,3.474252,
IRL,LP.IMP.DURS.MD,,,,,,,,,,,,,,,,,,,,,,,,,,,,,,,,,,,,,,,,,,,,,,,,2.3,,,1,,2,,,,2,
IRL,LP.EXP.DURS.MD,,,,,,,,,,,,,,,,,,,,,,,,,,,,,,,,,,,,,,,,,,,,,,,,1.8,,,1,,1,,,,2,
IRL,IC.IMP.TMDC,,,,,,,,,,,,,,,,,,,,,,,,,,,,,,,,,,,,,,,,,,,,,,,,,,,,,,,1,1,1,
IRL,IC.IMP.TMBC,,,,,,,,,,,,,,,,,,,,,,,,,,,,,,,,,,,,,,,,,,,,,,,,,,,,,,,24,24,24,
IRL,IC.IMP.DURS,,,,,,,,,,,,,,,,,,,,,,,,,,,,,,,,,,,,,,,,,,,,,,10,10,10,10,10,10,10,10,10,9,,,
IRL,IC.IMP.DOCS,,,,,,,,,,,,,,,,,,,,,,,,,,,,,,,,,,,,,,,,,,,,,,2,2,2,2,2,2,2,2,2,2,,,
IRL,IC.IMP.CSDC.CD,,,,,,,,,,,,,,,,,,,,,,,,,,,,,,,,,,,,,,,,,,,,,,,,,,,,,,,75,75,75,75
IRL,IC.IMP.CSBC.CD,,,,,,,,,,,,,,,,,,,,,,,,,,,,,,,,,,,,,,,,,,,,,,,,,,,,,,,253,253,253,253
IRL,IC.IMP.COST.CD,,,,,,,,,,,,,,,,,,,,,,,,,,,,,,,,,,,,,,,,,,,,,,1139,1139,1139,1121,1121,1121,1121,1121,1121,1121,,,
IRL,IC.EXP.TMDC,,,,,,,,,,,,,,,,,,,,,,,,,,,,,,,,,,,,,,,,,,,,,,,,,,,,,,,1,1,1,
IRL,IC.EXP.TMBC,,,,,,,,,,,,,,,,,,,,,,,,,,,,,,,,,,,,,,,,,,,,,,,,,,,,,,,24,24,24,
IRL,IC.EXP.DURS,,,,,,,,,,,,,,,,,,,,,,,,,,,,,,,,,,,,,,,,,,,,,,8,8,8,8,8,8,8,8,8,8,,,
IRL,IC.EXP.DOCS,,,,,,,,,,,,,,,,,,,,,,,,,,,,,,,,,,,,,,,,,,,,,,2,2,2,2,2,2,2,2,2,2,,,
IRL,IC.EXP.CSDC.CD,,,,,,,,,,,,,,,,,,,,,,,,,,,,,,,,,,,,,,,,,,,,,,,,,,,,,,,75,75,75,75
IRL,IC.EXP.CSBC.CD,,,,,,,,,,,,,,,,,,,,,,,,,,,,,,,,,,,,,,,,,,,,,,,,,,,,,,,305,305,305,305
IRL,IC.EXP.COST.CD,,,,,,,,,,,,,,,,,,,,,,,,,,,,,,,,,,,,,,,,,,,,,,1090,1090,1090,1109,1109,1109,1109,1135,1160,1160,,,
IRL,IC.CUS.DURS.EX,,,,,,,,,,,,,,,,,,,,,,,,,,,,,,,,,,,,,,,,,,,,,,2.6,,,,,,,,,,,,
IRL,GC.TAX.IMPT.ZS,,,,,,,,,,,,,20.79566004,19.79320532,19.65006729,18.29134721,18.63453815,15.9669649,10.12433393,10.32553408,12.24648986,14.79544755,13.12625251,10.12823299,9.643404908,9.813596491,0,0,0,0,0,0,0,0,0,0,0,0,0,0,0,0,0,0,0,0,0,0,0,0,0,0,0,0,0,0,,
IRL,GC.TAX.EXPT.ZS,,,,,,,,,,,,,0,0,0,0,0,0,0,0,0,0,0,0,0,0,0,0,0,0,0,0,0,0,0,0,0,0,0,0,0,0,0,0,0,0,0,0,0,0,0,0,0,0,0,0,,
IRL,EG.IMP.CONS.ZS,62.95183912,65.72257496,66.42593719,67.55918117,68.55390508,74.34455947,73.23580237,73.47701098,68.81789598,71.9604516,76.33035853,78.81268867,79.42222016,83.78136232,81.61370531,75.03205202,79.38253806,81.58720477,84.5080089,82.84813558,77.00735342,69.89145418,63.08174557,60.88666992,56.20940442,67.02034623,70.25748143,67.41831689,68.56459303,59.66287906,65.01930006,67.1133861,68.79476202,65.70391659,66.29656867,61.50827209,68.8399332,76.15101188,80.61126417,81.51841801,84.36053756,87.63821756,89.27336349,86.94247192,87.04701905,88.70219823,88.7682772,90.67819744,89.52857174,89.86179316,87.24518693,87.18399147,90.42999776,82.71123564,84.25580305,85.66713692,,
IRL,BX.GSR.TRVL.ZS,,,,,,,,,,,,,,,,,,,,,,,,,,,,,,,,,,,,,,,,,,,,,,8.698248414,8.25139468,7.482391326,7.136951215,5.908189369,4.585709268,4.044531597,3.612380711,3.737906017,3.645502895,3.549553725,3.545625869,
IRL,BX.GSR.TRAN.ZS,,,,,,,,,,,,,,,,,,,,,,,,,,,,,,,,,,,,,,,,,,,,,,4.812302068,4.515128519,4.908420923,5.012596679,5.070455528,5.404978792,5.840737992,5.518208827,4.92746803,5.169343766,4.881102725,4.638139394,
IRL,BX.GSR.TOTL.CD,,,,,,,,,,,,,,,,,,,,,,,,,,,,,,,,,,,,,,,,,,,,,,2.16607E+11,2.5938E+11,3.25065E+11,3.42685E+11,2.78644E+11,2.83557E+11,3.11088E+11,2.99921E+11,3.07992E+11,3.68445E+11,4.20042E+11,4.2804E+11,
IRL,BX.GSR.NFSV.CD,,,,,,,,,,,,,,,,,,,,,,,,,,,,,,,,,,,,,,,,,,,,,,54980826711,65069616839,81172003046,89061261695,83959642664,89095707861,1.04146E+11,1.07041E+11,1.18405E+11,1.33372E+11,1.34802E+11,1.46607E+11,
IRL,BX.GSR.MRCH.CD,,,,,,,,,,,,,,,,,,,,,,,,,,,,,,,,,,,,,,,,,,,,,,1.07765E+11,1.11171E+11,1.27365E+11,1.29849E+11,1.18215E+11,1.18792E+11,1.27471E+11,1.19321E+11,1.16091E+11,1.51785E+11,2.16863E+11,2.05956E+11,
IRL,BX.GSR.INSF.ZS,,,,,,,,,,,,,,,,,,,,,,,,,,,,,,,,,,,,,,,,,,,,,,26.62748679,28.85966889,27.42074939,24.37260914,21.70098931,21.28324228,19.55884929,19.19168945,17.76205886,17.50645105,17.55633933,15.6056125,
IRL,BX.GSR.GNFS.CD,,,,,,,,,,,,,,,,,,,,,,,,,,,,,,,,,,,,,,,,,,,,,,1.62745E+11,1.76241E+11,2.08537E+11,2.1891E+11,2.02174E+11,2.07888E+11,2.31618E+11,2.26362E+11,2.34496E+11,2.85157E+11,3.51665E+11,3.52563E+11,
IRL,BX.GSR.CMCP.ZS,,,,,,,,,,,,,,,,,,,,,,,,,,,,,,,,,,,,,,,,,,,,,,59.49048708,55.51542168,59.04846471,62.8783854,66.3352558,68.21861669,70.55588112,71.67772101,73.57256709,72.4282614,73.08030653,26.60554807,
IRL,BX.GSR.CCIS.ZS,,,,,,,,,,,,,,,,,,,,,,,,,,,,,,,,,,,,,,,,,,,,,,57.05097609,54.00077358,57.4783197,61.19583127,64.2861188,64.89238415,64.91037945,66.29503747,68.43327984,67.17760237,65.78972705,,
IRL,BX.GSR.CCIS.CD,,,,,,,,,,,,,,,,,,,,,,,,,,,,,,,,,,,,,,,,,,,,,,31367098299,35138096458,46656303418,54501779436,53974395627,57816329005,67601705447,70963020983,81028353586,89595810764,88685700546,,
IRL,BN.GSR.MRCH.CD,,,,,,,,,,,,,,,,,,,,,,,,,,,,,,,,,,,,,,,,,,,,,,40034933309,38096482076,39243022111,45522829956,55446692172,56667733782,60276653632,55692950660,49990081173,57750887256,1.22606E+11,1.13867E+11,
IRL,BN.GSR.GNFS.CD,,,,,,,,,,,,,,,,,,,,,,,,,,,,,,,,,,,,,,,,,,,,,,23579143265,22877314408,25503244571,23710514667,35618793658,38462329544,48781990211,50779014824,50691282456,46165995882,90068905247,68636330204,
IRL,BM.GSR.TRVL.ZS,,,,,,,,,,,,,,,,,,,,,,,,,,,,,,,,,,,,,,,,,,,,,,8.50307851,8.547090943,9.12050177,9.392028928,7.534177135,6.589400626,5.813755786,5.267488825,5.192837521,4.179752691,3.393858128,3.192167726,
IRL,BM.GSR.TRAN.ZS,,,,,,,,,,,,,,,,,,,,,,,,,,,,,,,,,,,,,,,,,,,,,,3.452966872,3.172271957,2.987821133,2.533822678,2.1542099,2.015816403,1.976994422,1.922884098,1.847835784,1.683769725,1.511990459,1.261401216,
IRL,BM.GSR.TOTL.CD,,,,,,,,,,,,,,,,,,,,,,,,,,,,,,,,,,,,,,,,,,,,,,2.24042E+11,2.66646E+11,3.37655E+11,3.56109E+11,2.81811E+11,2.79398E+11,3.0657E+11,2.89138E+11,2.91705E+11,3.55888E+11,3.87592E+11,4.10707E+11,
IRL,BM.GSR.NFSV.CD,,,,,,,,,,,,,,,,,,,,,,,,,,,,,,,,,,,,,,,,,,,,,,71436616755,80288784507,94911780585,1.10874E+11,1.03788E+11,1.07301E+11,1.15641E+11,1.11955E+11,1.17704E+11,1.44956E+11,1.67339E+11,1.91837E+11,
IRL,BM.GSR.MRCH.CD,,,,,,,,,,,,,,,,,,,,,,,,,,,,,,,,,,,,,,,,,,,,,,67729632462,73074969933,88121565976,84326203251,62767987136,62124255714,67194793781,63627892427,66101083681,94034373409,94257452430,92089150829,
IRL,BM.GSR.INSF.ZS,,,,,,,,,,,,,,,,,,,,,,,,,,,,,,,,,,,,,,,,,,,,,,15.02918202,17.44396732,17.00070415,14.268777,14.06297809,13.33714018,12.8632033,12.48290307,11.30064833,11.56953564,9.330441437,7.922994913,
IRL,BM.GSR.GNFS.CD,,,,,,,,,,,,,,,,,,,,,,,,,,,,,,,,,,,,,,,,,,,,,,1.39166E+11,1.53364E+11,1.83033E+11,1.952E+11,1.66556E+11,1.69425E+11,1.82836E+11,1.75583E+11,1.83805E+11,2.38991E+11,2.61596E+11,2.83927E+11,
IRL,BM.GSR.CMCP.ZS,,,,,,,,,,,,,,,,,,,,,,,,,,,,,,,,,,,,,,,,,,,,,,72.81254758,59.07879416,70.68151039,73.58269295,76.02605655,77.80674914,79.34604649,80.32672401,81.65867837,81.50854419,84.68401002,69.88601338,
IRL,BG.GSR.NFSV.GD.ZS,,,,,,,,,,,,,,,,,,,,,,,,,,,,,,,,,,,,,,,,,,,,,,59.72926532,62.63139242,65.23614496,72.69828575,79.4490798,88.48642572,91.95399648,97.08497777,98.62953504,107.837682,103.9652206,111.0312442,
