JPN,TX.VAL.TRVL.ZS.WT,,,,,,,,,,,,,,,,,,,,,,,,,,,,,,,,,,,,,6.102955577,6.317213382,6.031334308,5.674190515,4.924434813,5.175527764,5.368758892,11.62035507,11.84098317,12.47676346,7.902167795,7.818990502,7.799244206,8.716843546,10.02035147,7.985214092,10.89163448,11.36381283,11.80704942,15.76913697,18.22462309,
JPN,TX.VAL.TRAN.ZS.WT,,,,,,,,,,,,,,,,,,,,,,,,,,,,,,,,,,,,,32.26161829,31.82483232,34.24804938,37.88043808,37.33564159,37.55363077,36.85362018,34.79012341,33.78797478,35.88609098,35.12328679,35.15701355,33.76114728,26.67787225,32.04530218,30.27798474,32.07542773,29.77728122,24.8431331,22.35646547,18.75806492,
JPN,TX.VAL.TECH.MF.ZS,,,,,,,,,,,,,,,,,,,,,,,,,,,,,23.92880376,24.55742254,24.24049873,24.24646944,24.06979251,24.59316053,25.54593896,26.54654339,26.14833413,26.40512611,26.15222665,26.64937047,28.6886683,26.59549516,24.77555905,24.42804697,24.10432329,22.98115444,22.05695574,18.40781336,17.3143381,18.75847112,17.97278329,17.45941084,17.40478673,16.78429411,16.68882372,16.78206158,16.22074557,
JPN,TX.VAL.TECH.CD,,,,,,,,,,,,,,,,,,,,,,,,,,,,,60989049406,64898773641,66664122330,73205571786,78431391048,85018158604,96491960318,1.1184E+11,1.01831E+11,1.04988E+11,95491507998,1.0465E+11,1.28902E+11,99451268662,95885434943,1.07083E+11,1.26245E+11,1.25445E+11,1.29241E+11,1.17858E+11,1.19915E+11,95158639780,1.22102E+11,1.26478E+11,1.23393E+11,1.05076E+11,1.00955E+11,91513823175,92883135839,
JPN,TX.VAL.SERV.CD.WT,,,,,,,,,,,,,,,,,,,,,,,,,,,,,,,,,,,,,66870911035,68528084777,62054342805,60470384812,68487248766,63869496124,65140600157,76146293530,95131548910,99626361969,1.07187E+11,1.19522E+11,1.38725E+11,1.18494E+11,1.31971E+11,1.37758E+11,1.33872E+11,1.3282E+11,1.59331E+11,1.58335E+11,1.68734E+11,
JPN,TX.VAL.OTHR.ZS.WT,,,,,,,,,,,,,,,,,,,,,,,,,,,,,,,,,,,,,56.66358144,58.65552118,57.0615423,53.19830432,53.30255683,53.18673236,53.56080498,48.54182956,48.61709601,45.69746413,49.76594599,50.7073415,53.83909745,59.8251058,54.23821421,57.56758506,53.86679442,55.31382208,57.78719247,54.37926972,55.10683585,
JPN,TX.VAL.MRCH.XD.WD,,,,,,,,,,,,,,,,,,,,,,,,,,,,,,,,,,,,92.45142876,85.73449392,87.82798104,80.93850147,87.49374082,100,84.1851382,86.94543664,98.43958639,118.0220574,124.1280683,134.932288,149.0367197,163.0333162,121.160772,160.6051025,171.7485143,166.6126127,149.0963493,144.0034606,130.3551706,134.5514458,
JPN,TX.VAL.MRCH.WR.ZS,,,,,,,,,,,,,,,,,,,,,,,,,,,,,,,,,,,,,,,,,,,,,,,,,,,,,,,,,,
JPN,TX.VAL.MRCH.WL.CD,3912700000,4073800000,4730500000,5236800000,6347900000,8080100000,9539800000,10174100000,12740800000,15676600000,18955400000,23595800000,28930700000,36999800000,55498900000,55734100000,67328000000,81088500000,98357200000,1.023E+11,1.30443E+11,1.51515E+11,1.38448E+11,1.46983E+11,1.6979E+11,1.77233E+11,2.10787E+11,2.31367E+11,2.65018E+11,2.74655E+11,2.87796E+11,3.14967E+11,3.39944E+11,3.62794E+11,3.95286E+11,4.43256E+11,4.11565E+11,4.21466E+11,3.8804E+11,4.19456E+11,4.78363E+11,4.03524E+11,4.16797E+11,4.71916E+11,5.65822E+11,5.94889E+11,6.46798E+11,7.14267E+11,7.82049E+11,5.80719E+11,7.69773E+11,8.22564E+11,7.9862E+11,7.14613E+11,6.90213E+11,6.24801E+11,6.44933E+11,
JPN,TX.VAL.MRCH.RS.ZS,5.298131725,6.082772841,6.597611246,7.638252368,7.709636258,8.435539164,7.389043795,7.047306396,6.36537737,6.294094383,6.473089463,7.55600573,7.355508163,7.214633593,7.630061136,9.063033224,9.114781369,7.118641978,5.676757777,5.054447703,4.896946931,4.668926076,4.906600447,3.83099247,3.180274032,3.130342543,2.936944434,2.621119365,2.765997669,2.64151989,2.518388087,2.280801221,1.610891462,1.373722342,1.043968064,1.240494878,1.24131881,0.22702259,0.082445094,0.158257926,0.076731703,0.096859537,0.100931323,0.07224424,0.100219417,0.083427199,0.108042145,0.143906894,0.154098111,0.198259302,0.344507047,0.317514568,0.242874911,0.133164213,0.205994839,0.298422913,0.28465493,
JPN,TX.VAL.MRCH.R6.ZS,5.837401283,5.766115175,5.010041222,5.348686221,5.691646056,4.702912093,3.543051217,3.910911039,3.737598895,3.752089101,3.922892685,3.935446139,3.172408549,3.501370278,3.618990647,3.801263499,2.974691065,3.406648292,3.025096282,2.634115347,3.553136439,3.715221975,2.850524601,2.205564188,1.867243378,1.347660989,1.445771587,1.924692739,1.620793734,1.463516658,1.438887926,1.373320253,1.504779657,1.639480015,1.34429785,1.322382245,1.068959127,0.883645862,1.049994658,0.892027,0.77345462,0.821237192,0.865566006,0.846905967,1.004199629,1.045539232,1.098894098,1.194185366,1.201151577,1.148263832,1.139179565,1.303194117,1.231969856,1.257033688,1.169311749,1.047127346,0.901122975,
JPN,TX.VAL.MRCH.R5.ZS,5.218902548,4.985517208,4.580911109,4.443553315,4.771656768,4.178166112,3.217048575,2.466065795,2.333448449,1.638110305,1.544678561,1.629103485,1.462114639,1.544332672,1.878235424,1.838371841,1.317728137,1.487017271,1.522105143,1.785337243,1.730954252,1.633111022,1.991647418,1.929953709,1.573233822,1.783527898,1.87900493,1.630225253,1.4954439,1.400651124,1.251812361,1.157756319,1.042167775,1.045814023,0.974572258,1.06293715,1.097900318,0.907720208,1.023230624,0.929858659,0.867844585,0.801112126,0.819957672,0.897468342,0.917841294,1.014200028,1.139225093,1.243647073,1.373675996,1.461415413,1.584142457,1.820589803,1.737231815,1.622388449,1.721272494,1.988119166,1.946565898,
JPN,TX.VAL.MRCH.R4.ZS,2.586449255,2.616721489,1.97653525,2.132981974,2.081003166,2.110122399,2.03568209,1.682704121,2.065804345,2.04189684,1.742511369,1.924495037,2.010666869,2.291904281,3.930708537,6.626822717,5.231998574,5.385473896,5.627549381,4.169012708,4.669950361,5.043345686,4.373693555,4.234236931,3.055826478,2.605440296,1.817236444,1.260466065,1.15701444,0.979782147,1.172963361,1.32833037,1.363258697,0.960831477,0.7570559,0.585834287,0.638922025,0.739084021,0.817593264,0.646578322,0.475232348,0.636650543,0.675040943,0.702975065,0.667316666,0.725302498,0.698225237,0.803759993,1.021492056,0.982736168,0.860324068,0.634563707,0.62397461,0.597543721,0.650822855,0.631544651,0.636805979,
JPN,TX.VAL.MRCH.R3.ZS,6.915940399,7.572782169,6.555332417,5.976932478,6.340679595,4.913305528,4.762154343,4.967515554,4.785413789,5.08145899,5.185857328,5.74127599,6.110463971,6.767874421,8.427374236,7.978418957,6.753059648,6.891482763,6.010947851,5.527174976,5.899074305,5.947417574,5.810043034,3.650767301,4.19746935,4.048738102,3.751178322,3.208498367,2.941344051,2.767919931,2.924004841,3.391466181,3.839482271,3.958274012,3.9980178,3.876225094,3.610805969,4.225664764,4.623489207,4.026221104,3.545213876,3.744846171,3.220971865,2.940197871,3.075441698,3.539853495,3.997061923,4.150323367,4.332596471,4.859745005,4.887605589,4.685378801,4.806811274,4.442939394,4.108686615,3.851053548,3.65952217,
JPN,TX.VAL.MRCH.R2.ZS,0.176348813,0.562128725,0.503118064,0.456385579,0.507254368,0.459152733,0.671921843,0.667380899,0.377527314,0.347651914,0.336051996,0.334805347,0.377799362,0.652165687,0.815511659,0.587970381,0.748574144,0.685670594,0.407697657,0.327663734,0.357322192,0.364849569,0.290939138,0.312893754,0.274456035,0.36838512,0.454629339,0.332934544,0.252850464,0.214449116,0.393678244,0.292451859,0.585694903,0.839003298,0.51177358,0.52312882,0.594364199,0.741894937,0.763022052,0.41835197,0.436768423,0.433849598,0.49392164,0.785057911,1.037461691,1.274724689,1.701865081,2.204127096,2.951530247,1.049535811,1.581667439,2.120837378,2.192927648,2.217694039,2.014353408,1.399042928,1.540189176,
JPN,TX.VAL.MRCH.R1.ZS,13.62997419,14.08512936,11.86978121,12.0187901,12.71286567,13.27211297,13.98352167,14.61554339,13.06275901,12.91160073,11.79558332,10.49593572,9.855274846,11.09060049,11.84762221,12.73941806,9.914894249,9.476189595,10.47589805,11.21935484,11.72838607,11.04171548,10.70328108,11.14470537,10.2694263,11.7352299,8.699820814,8.135480112,8.860520198,9.473301594,10.18945489,11.07678139,12.05218743,14.24692166,15.35335059,17.43718131,18.22726173,17.05149906,13.52103081,14.78076562,16.38163848,17.77031877,19.56176876,22.05136502,22.82922181,23.16703578,23.19738605,24.49617465,25.87233979,29.22312532,30.89241329,31.39885607,31.4450907,30.7597546,30.50650543,29.5890341,29.50115258,
JPN,TX.VAL.MRCH.OR.ZS,34.36501648,35.58839413,30.49571927,30.37732967,32.10510563,29.63577183,28.21337974,28.3101208,26.3625518,25.77280788,24.52757526,24.06106171,22.98872824,25.84824783,30.51844271,33.57226545,26.94094582,27.33248241,27.06929437,25.66265885,27.93882362,27.74566131,26.02012883,23.47812125,21.23765537,21.8889823,18.04764144,16.49229708,16.32796679,16.29962057,17.37080162,18.62010637,20.38757073,22.69032448,22.93906798,24.8076889,25.23821337,24.54950885,21.79836061,21.69380267,22.48015233,24.2080144,25.63722689,28.22397018,29.53148279,30.76665573,31.83265748,34.09221755,36.75278613,38.72482155,40.9453324,41.96341988,42.0380059,40.89735389,40.17095255,38.50592174,38.18535878,
JPN,TX.VAL.MRCH.HI.ZS,60.33685179,58.32883303,62.90666949,61.98441797,60.18525812,61.928689,64.39757647,64.64257281,67.27207083,67.93309774,68.99933528,68.38293256,69.6557636,66.93711858,61.85149616,57.36470132,63.94427281,65.54887561,67.25394786,69.28289345,67.16422945,67.58541262,69.07327073,72.69088628,75.5820706,74.98067516,79.01541413,80.88658355,80.90603555,81.05885954,80.11081029,79.09909241,78.00153781,75.93595318,76.01696395,73.95181622,73.52046782,75.22346856,78.1191943,78.1479394,77.44311597,75.69512607,74.26184179,71.70378558,70.3682978,69.14991707,68.05930037,65.76387556,63.09311576,61.07691915,58.71016055,57.71906555,57.71911919,58.9694819,59.62305261,61.19565535,61.52998629,
JPN,TX.VAL.MRCH.CD.WT,4054720000,4235560000,4916110000,5452220000,6673060000,8451110000,9776390000,10441900000,12971400000,15990000000,19317500000,23995300000,29088300000,37016700000,55468800000,55819100000,67303700000,81083300000,98211000000,1.02299E+11,1.30441E+11,1.51495E+11,1.38385E+11,1.46965E+11,1.697E+11,1.77164E+11,2.10757E+11,2.31286E+11,2.64856E+11,2.73932E+11,2.87581E+11,3.14786E+11,3.39885E+11,3.62244E+11,3.97005E+11,4.43116E+11,4.10901E+11,4.20957E+11,3.87927E+11,4.1761E+11,4.79249E+11,4.03496E+11,4.16726E+11,4.71817E+11,5.65675E+11,5.94941E+11,6.46725E+11,7.14327E+11,7.81412E+11,5.80719E+11,7.69774E+11,8.23184E+11,7.98568E+11,7.15097E+11,6.90203E+11,6.24787E+11,6.449E+11,
JPN,TX.VAL.MRCH.AL.ZS,3.087382115,3.318768717,3.027164148,3.009471433,2.982088565,2.971497878,2.967567454,2.607601655,2.783184729,2.797800543,2.148200513,2.327109062,2.766611247,3.328666641,4.811987265,7.779259017,8.255406369,8.886093589,8.723306479,9.504398827,9.854763593,10.68933996,11.64493291,9.73535679,7.475039814,6.134636326,3.978232064,3.351907015,3.0742028,2.645081734,2.733161637,2.939012944,3.445071415,3.022454371,2.380915036,1.917787967,2.232711534,2.409035142,3.143341889,2.33309696,1.904184191,2.454238303,2.683183186,2.653196398,2.505630256,2.718551981,2.963314722,3.649768564,4.355251931,3.743131171,3.214185689,2.822829471,3.678102157,3.723567595,4.234141345,4.28421278,3.581700354,
JPN,TX.VAL.MMTL.ZS.UN,,,0.796393048,0.87291861,0.92929158,1.591896433,1.310961582,1.084006303,1.350722794,1.282711973,1.379958149,0.994621796,1.022137979,0.968951822,2.202284227,1.084955863,1.080396591,1.167646862,1.187557959,1.257190033,1.613789823,1.070338191,1.028321582,1.174214533,0.980653057,0.925776788,0.853708869,0.868590389,0.918332993,0.948921575,0.940754858,0.842267452,0.882083471,0.873744396,0.908609329,1.087446529,1.125656379,1.196130966,1.281622231,1.267594432,1.282576677,1.426127153,1.375074895,1.3982525,1.624259382,1.825816418,2.338001544,2.543432025,2.558930297,2.767856101,2.683685766,2.699795966,2.856576317,2.897362265,2.758820349,2.546685561,2.387041064,
JPN,TX.VAL.MANF.ZS.UN,,,88.26017188,89.97177669,90.07223142,90.57241081,91.31172029,92.44205035,92.68319419,92.46116484,92.49368089,93.35938836,93.83109886,93.64061368,92.37342986,94.39246461,95.11764349,95.47611271,95.53246484,95.08356134,94.70216301,95.68203974,95.91214201,95.78096157,96.17294713,96.3351441,96.55832612,96.52843562,96.26291729,96.08604448,95.90220756,96.03287943,95.97934331,95.83952998,95.54627069,95.19308768,94.87292685,94.55677831,94.24470676,94.16379851,93.87726617,92.85196961,93.03495302,93.10934275,92.77139103,91.97027479,91.0249901,90.08739962,89.22585766,88.03425151,88.99813486,89.09016023,89.56120141,88.19388238,88.23685658,88.02767017,88.53924187,
JPN,TX.VAL.INSF.ZS.WT,,,,,,,,,,,,,,,,,,,,,,,,,,,,,,,,,,,,,4.97184469,3.20243312,2.659074007,3.24706709,4.437366763,4.084109101,4.216815948,5.047691967,5.753946045,5.939681423,7.208599427,6.316654448,4.600511066,4.780178403,3.696132144,4.169216108,3.166143369,3.545083878,5.562625003,7.495127849,7.910476146,
JPN,TX.VAL.ICTG.ZS.UN,,,,,,,,,,,,,,,,,,,,,,,,,,,,,,,,,,,,,,,,,22.70243071,20.35559346,19.8983232,19.3720779,18.44221554,16.94518946,15.94785334,13.16231879,11.83923172,12.08225539,10.67676944,9.228328437,9.146751005,8.644034262,8.368795933,8.519404709,,
JPN,TX.VAL.FUEL.ZS.UN,,,0.396572158,0.312482702,0.353070485,0.355348188,0.324276026,0.316350438,0.241101834,0.312492591,0.24621393,0.260515195,0.258559568,0.250187316,0.452295302,0.394105161,0.174810986,0.193417096,0.26744472,0.345906785,0.388810686,0.364514476,0.296764249,0.294454468,0.296955005,0.306495771,0.281277449,0.341508276,0.242054346,0.37507515,0.462688795,0.443035029,0.50486461,0.589357323,0.628710958,0.608420025,0.522633814,0.517162612,0.380788298,0.35793904,0.363218823,0.422816869,0.392232514,0.374158121,0.440202923,0.777344871,0.918739056,1.289584576,2.383915373,1.844491314,1.737299016,2.015249471,1.71478661,2.320298089,2.198186266,1.771474962,1.414107322,
JPN,TX.VAL.FOOD.ZS.UN,,,7.389361887,5.869046199,5.278305015,4.406285403,4.163027779,3.752274118,3.423662911,3.664843004,3.486391557,3.014805021,2.422463476,2.377440592,1.681841543,1.450519769,1.396999599,1.173969764,1.196506371,1.284506204,1.315356806,1.209040109,1.076511633,1.027967795,0.934451234,0.812084999,0.750091666,0.713239997,0.681872854,0.630250763,0.594357797,0.594935511,0.576167766,0.565699537,0.526299108,0.492156073,0.492300491,0.536348072,0.528823649,0.518719869,0.452874169,0.758828288,0.531366408,0.503617512,0.474981481,0.4959945,0.48812087,0.508965826,0.511778103,0.694720145,0.621693643,0.570024749,0.579003854,0.649131376,0.686660549,0.819312154,0.902413396,
JPN,TX.VAL.AGRI.ZS.UN,,,3.142699972,2.958483342,2.717908181,2.504514079,2.24704013,1.941425748,1.774732101,1.642659409,1.593711345,1.578157683,1.564852451,1.707278267,1.832951353,1.363067832,1.220800441,1.139043191,0.986999071,0.997926281,0.939174681,0.82834419,0.755734911,0.741376455,0.661495386,0.636076681,0.595085865,0.573119255,0.584074673,0.559084414,0.554995999,0.52582088,0.514258482,0.482171364,0.517938561,0.56039245,0.568945689,0.531375085,0.52714681,0.490620156,0.464845251,0.52056037,0.542656422,0.518402423,0.492808385,0.515204769,0.518005765,0.553468186,0.561959358,0.674692697,0.708225469,0.775321395,0.79560518,0.870117885,0.857818432,0.846477518,0.747926741,
JPN,TX.QTY.MRCH.XD.WD,,,,,,,,,,,,,,,,,,,,,,,,,,,,,,,,,,,,,,,,,100,89.86439666,97.37414344,102.2296857,112.9531291,113.8162822,122.7056274,129.9162628,127.8117512,94.00669151,116.6580729,112.1619541,106.7485529,105.130622,105.7447101,104.6583902,104.9625178,
JPN,TT.PRI.MRCH.XD.WD,,,,,,,,,,,,,,,,,,,,,,,,,,,,,,,,,,,,,,,,,100,100.4910168,100.7393673,102.537188,100.2141372,94.61817752,88.92902699,83.48340429,75.27881298,89.98744893,87.11958818,80.62590032,81.2325696,78.7763258,77.99228381,86.90888387,95.06396842,
JPN,TM.VAL.TRVL.ZS.WT,,,,,,,,,,,,,,,,,,,,,,,,,,,,,,,,,,,,,28.81129414,26.84399547,25.80290434,28.39360055,27.22327969,24.14864776,24.2497751,25.80812299,28.25835505,27.34816007,19.23111219,16.8866748,15.77432125,16.36303458,17.13553646,15.67435433,15.26433534,12.93182932,10.13272131,9.042377101,10.16010177,
JPN,TM.VAL.TRAN.ZS.WT,,,,,,,,,,,,,,,,,,,,,,,,,,,,,,,,,,,,,24.32437401,23.8016582,23.74930488,24.6958385,28.38213871,28.45475722,27.23434159,28.18642336,28.81754071,29.39506823,30.65114915,31.23470649,30.5040462,26.33557362,28.52470361,28.45885918,30.27798012,27.80183057,24.07182351,23.23132927,20.786988,
JPN,TM.VAL.SERV.CD.WT,,,,,,,,,,,,,,,,,,,,,,,,,,,,,,,,,,,,,1.28622E+11,1.22967E+11,1.11637E+11,1.15421E+11,1.17121E+11,1.09863E+11,1.09923E+11,1.12207E+11,1.35365E+11,1.37358E+11,1.39751E+11,1.56995E+11,1.76875E+11,1.54001E+11,1.63109E+11,1.73929E+11,1.82819E+11,1.6905E+11,1.90608E+11,1.76652E+11,1.82692E+11,
JPN,TM.VAL.OTHR.ZS.WT,,,,,,,,,,,,,,,,,,,,,,,,,,,,,,,,,,,,,43.05744011,45.52455334,46.39843242,42.5334411,41.05735679,43.48891985,44.09372407,40.90260214,38.42387157,39.92174256,44.708338,46.95600258,48.57259798,51.98086149,48.22693765,50.04295671,48.66439524,53.15941718,60.34099206,61.61964776,62.57431271,
JPN,TM.VAL.MRCH.XD.WD,,,,,,,,,,,,,,,,,,,,,,,,,,,,,,,,,,,,88.50491423,92.00073779,89.26088904,73.90687992,81.68295961,100,91.98413744,88.84983268,100.901162,119.770757,135.9295903,152.5819992,163.959668,200.92591,145.4456091,182.8829701,225.3907602,233.417653,219.3203043,214.0149674,170.7417926,160.1018037,
JPN,TM.VAL.MRCH.WR.ZS,,,,,,,,,,,,,,,,,,,,,,,,,,,,,,,,,,,,,,,,,,,,,,,,,,,,,,,,,,
JPN,TM.VAL.MRCH.WL.CD,4163200000,5481400000,5307300000,6370200000,7537000000,7777500000,9422700000,11569600000,12893000000,14937400000,18782000000,19617000000,23809800000,38364200000,62037300000,57848600000,64891400000,71325200000,79900200000,1.09837E+11,1.41281E+11,1.42869E+11,1.3156E+11,1.26516E+11,1.36141E+11,1.30518E+11,1.27657E+11,1.509E+11,1.87485E+11,2.09636E+11,2.35333E+11,2.36657E+11,2.32907E+11,2.41712E+11,2.74322E+11,3.36139E+11,3.49664E+11,3.38709E+11,2.80867E+11,3.10774E+11,3.79581E+11,3.49092E+11,3.3718E+11,3.82964E+11,4.54823E+11,5.15218E+11,5.78746E+11,6.21915E+11,7.6259E+11,5.5196E+11,6.94052E+11,8.54998E+11,8.86036E+11,8.32343E+11,8.12222E+11,6.4799E+11,6.06871E+11,
JPN,TM.VAL.MRCH.RS.ZS,3.5933897,4.48790455,3.838109773,3.754984145,3.971076025,3.943426551,4.130450932,5.138466326,4.76847902,4.145969178,3.542221276,3.295101188,3.420020328,3.595539592,3.00319324,2.536102862,2.267788952,2.451027126,2.365951525,2.241954456,1.739228913,1.772536602,1.654224951,1.604777261,1.520407871,1.638473833,2.25220885,2.287932968,2.37491506,2.332354226,2.239667497,2.114358687,0.708712175,0.661164998,0.737967319,0.78531726,0.728401221,0.046259724,0.039847481,0.050792619,0.020616534,0.016992549,0.015696195,0.007683366,0.012396117,0.012635359,0.012814427,0.018393919,0.008621627,0.00931751,0.006987561,0.00575647,0.006474311,0.013459644,0.007106478,0.011453955,0.006074509,
JPN,TM.VAL.MRCH.R6.ZS,2.548520369,2.572335535,3.265313813,3.268343223,3.903409845,4.018000643,4.000976366,5.287996128,6.1258047,6.153681364,5.424342456,4.700005098,4.743844971,4.244060869,3.670211308,3.305870842,2.675393041,2.640721652,2.554186347,2.597207503,2.437836652,2.38022744,2.18918958,1.990973474,1.938576962,2.107375392,2.585210827,2.336044172,1.807348444,1.735880373,1.392319171,1.342820616,1.322643442,1.375043784,1.282060601,1.200048129,1.242697105,1.236311941,1.22358635,1.120755323,1.150542159,1.154612466,1.535815952,1.569877221,1.812523879,1.822599257,2.146642689,2.136517652,2.329279776,1.487790028,1.505970991,1.814059553,2.133882978,1.999539082,1.782307657,1.54689351,1.052926558,
JPN,TM.VAL.MRCH.R5.ZS,3.449269792,2.736527165,3.012831383,3.44102226,2.924240414,2.833815493,2.630880745,2.680300097,2.821686186,2.498426768,2.402300075,2.323494928,2.341472839,2.03705538,1.262143904,1.36321363,1.487099986,1.37805432,1.359571065,1.272883868,0.940395382,0.965711874,1.130813978,1.209807455,1.125596899,1.343265057,1.442616889,1.468319501,1.367472315,1.306209579,1.201280526,1.286179521,1.194649995,1.257787998,1.269938735,1.160822145,1.1038424,1.055312128,1.011704173,0.907421006,0.85907905,0.793098362,0.75445628,0.693753648,0.692898088,0.718190385,0.815034123,0.77269759,0.803644973,0.802027824,0.9577611,0.949052353,0.952539027,1.052905346,1.055078067,1.003925257,1.055957754,
JPN,TM.VAL.MRCH.R4.ZS,2.879996157,2.249425329,2.654833908,3.174154658,3.729600637,4.595306975,4.966729281,5.281945789,5.599162336,5.897947434,5.798104568,7.344140286,6.646842897,5.357077692,9.035693043,9.963594625,8.27551879,7.404956453,6.568819602,5.806320627,6.758587496,2.951591216,3.19268532,4.046681843,2.594440621,3.063720044,2.34511413,1.877529814,1.502416732,1.701571734,2.13227428,1.491451489,1.390288722,1.322606008,1.260232274,1.12218312,1.242230537,1.34847455,1.131458694,1.489435025,1.775893977,1.649868896,1.628141198,2.132729907,2.200132337,2.266065371,2.273323675,2.605422805,3.098357241,2.20184528,2.383661404,2.241000686,1.525537345,1.529238051,1.35160515,0.909901913,0.884452676,
JPN,TM.VAL.MRCH.R3.ZS,7.119523444,7.828292042,7.749703239,7.688926564,7.542788908,7.201542912,6.40686852,5.68731849,5.725587528,6.331088409,6.043019913,5.514094918,5.197859705,4.303230616,3.656509874,3.850222823,3.221382186,3.775944547,3.290980498,3.480059579,3.521067943,4.19469065,4.198917453,4.581396819,4.689326001,4.249458695,4.248419004,3.605490774,3.698383761,3.394362991,3.258541739,3.118184665,2.691973183,2.481443221,2.504976571,2.423078387,2.346357271,2.407627393,2.315231176,2.144299782,2.021222856,1.896398051,1.89752751,1.758648954,1.831242286,1.833762759,1.972713311,2.292380807,2.319098626,2.380871845,2.733707516,2.679310089,2.682507208,2.788972808,2.476657274,2.69574783,2.827976359,
JPN,TM.VAL.MRCH.R2.ZS,0.096079939,0.191556902,0.14319899,0.199365797,0.286586175,0.370298939,0.445732115,0.637014244,0.384704879,0.273139904,0.223618358,0.214100015,0.193197759,0.194712779,0.198267816,0.189632938,0.182458693,0.147493453,0.163579065,0.164607255,0.091165833,0.086932967,0.074034605,0.138875715,0.18363301,0.12343144,0.176018688,0.235055706,0.251167296,0.235652565,0.168821176,0.191609029,1.171658164,1.353772575,1.439058691,1.608217733,1.319591466,1.379347954,1.214561,1.371944139,1.360812928,1.269568071,1.164065593,1.30588542,1.463513728,1.423320125,1.391107837,1.974476487,2.055067428,1.896887237,2.605244845,2.482841147,2.62991181,3.144344388,3.377856309,2.884438545,2.302830729,
JPN,TM.VAL.MRCH.R1.ZS,8.495868563,6.808479586,7.951312343,8.349816332,9.263632745,10.53551913,13.84528851,12.06610427,11.11068021,11.66535006,11.28101374,12.16139063,12.6641131,14.54845924,14.74516138,13.47465626,13.58377227,14.35285145,14.54564569,16.67631731,17.66946723,17.4178109,17.85092897,17.04748806,18.00668571,18.35627018,15.97727972,16.4992273,16.12020401,16.26930902,16.10872043,18.00157807,19.64931343,21.57405274,22.694833,23.04883924,24.45376597,25.33084286,25.55149285,26.9110516,28.27576259,30.27017224,31.87841135,33.25014111,33.88298994,33.53320631,32.77906713,33.09392852,31.40152647,34.75231545,35.06059086,34.56816196,34.37398625,34.51595999,35.38499479,38.76058552,39.86047696,
JPN,TM.VAL.MRCH.OR.ZS,24.58925826,22.38661656,24.77719368,26.12162883,27.65025872,29.55448409,32.29647553,31.64067902,31.76762584,32.81963394,31.17239911,32.25722588,31.78733127,30.68459658,32.56798732,32.14719112,29.42562497,29.70002187,28.48278227,29.99739615,31.41852054,27.99696505,28.6365699,29.01522337,28.5382592,29.24352081,26.77465926,26.02166727,24.74699255,24.64298626,24.26195732,25.43182339,27.42052694,29.36470632,30.45109987,30.56318876,31.70848475,32.75791683,32.44803424,33.94490688,35.44331356,37.03371809,38.85841789,40.71103626,41.88330026,41.59714421,41.37788877,42.87542386,42.00697451,43.52173767,45.24693672,44.73442579,44.29836462,45.03095966,45.42849925,47.80149258,47.98462103,
JPN,TM.VAL.MRCH.HI.ZS,71.81735204,73.12547889,71.38469655,70.12338702,68.37866525,66.50208936,63.57307354,63.22085465,63.46389514,63.03439688,65.28537962,64.44767294,64.79264841,65.71986383,64.42881944,65.31670602,68.30658608,67.848951,69.1512662,67.7606494,66.84225055,70.23049835,69.70920515,69.37999937,69.94133293,69.11800536,70.97313189,71.69039976,72.87809239,73.02465951,73.49837518,72.45381793,71.87076089,69.97412868,68.81093281,68.65149398,67.56311403,67.19582345,67.51211828,66.0043005,64.53606991,62.94928936,61.12588592,59.28128038,58.10430363,58.39022043,58.60929681,57.10618222,57.98440386,56.46894482,54.74607572,55.25981774,55.69516107,54.95558069,54.56439427,52.18705347,52.00930446,
JPN,TM.VAL.MRCH.CD.WT,4491110000,5810280000,5636390000,6735830000,7937500000,8169440000,9522500000,11662800000,12987500000,15023100000,18881400000,19712100000,23862800000,38388900000,61948000000,57860300000,64894500000,71339500000,79922400000,1.09831E+11,1.41296E+11,1.42866E+11,1.31499E+11,1.26437E+11,1.36176E+11,1.30488E+11,1.27553E+11,1.51033E+11,1.87378E+11,2.09715E+11,2.35368E+11,2.36999E+11,2.33246E+11,2.41624E+11,2.75235E+11,3.35882E+11,3.49152E+11,3.38754E+11,2.80484E+11,3.09995E+11,3.79511E+11,3.49089E+11,3.37194E+11,3.8293E+11,4.54542E+11,5.15866E+11,5.79064E+11,6.22243E+11,7.62534E+11,5.51981E+11,6.94059E+11,8.5538E+11,8.85843E+11,8.33166E+11,8.12208E+11,6.47982E+11,6.07602E+11,
JPN,TM.VAL.MRCH.AL.ZS,10.11961952,8.651074543,9.601869124,10.03108223,9.688204856,10.72195436,9.263799123,8.492947034,9.045218336,7.714193903,7.005643701,8.242850589,8.315903536,7.7275168,18.00384607,19.82554461,21.98627245,22.88700207,20.6799232,22.57240716,28.93057099,28.85509562,27.02643127,23.60088843,22.1340947,21.19151564,13.55837405,12.41441375,9.760054959,9.929849498,11.68551036,11.1246646,11.3559571,10.1746578,9.001491989,8.399274545,9.011743719,10.14852774,8.137449076,8.796347181,11.55938707,11.25329643,10.6903634,11.4728313,12.20033472,15.21349455,17.61456304,17.00964141,20.32270407,15.35745668,15.71284662,17.6469607,18.44328571,18.64960535,17.81750958,11.74621663,9.256882591,
JPN,TM.VAL.MMTL.ZS.UN,,,16.31661596,14.92780615,17.32051023,17.32286126,18.10533434,20.43994964,19.49830921,20.87496337,20.89703912,18.06587546,15.82621589,15.98164892,12.94145567,10.84195767,10.29285933,10.11662632,9.985216234,10.11128141,9.985127964,8.833909021,8.904324754,9.299752278,9.176937616,8.909352727,8.787105799,8.888878697,10.55475398,10.13564073,9.048481178,8.67576402,7.111868549,6.463571066,6.304090317,6.649609816,5.574815858,6.080355791,6.043347247,5.526303067,5.574390924,5.058309439,4.815202922,4.949395535,5.768254021,6.095419213,7.744226459,8.901937535,7.920791886,6.351911136,8.232094262,8.073874909,6.648987175,6.462659931,6.501547261,6.394700425,5.872825455,
JPN,TM.VAL.MANF.ZS.UN,,,24.12907118,22.57454137,22.42610916,19.52466687,18.83424088,21.42885015,22.0962045,23.00569519,24.83270742,24.28995449,24.99417665,25.79329769,20.12029584,17.68709623,18.46583919,18.31501012,22.40208122,21.53910029,18.65128498,19.23296005,20.23701932,22.24017455,24.17694709,25.37104898,33.80727519,37.580019,41.66552471,43.66421443,44.28112628,44.96707214,45.32405594,47.47355954,50.48267467,54.22991192,55.25590906,54.86720702,57.48456011,58.18402559,56.67963614,57.25260082,58.09529373,57.58127193,56.95658716,54.29212535,51.96959688,51.07463344,45.17541088,52.22540554,50.51389743,47.49807499,47.55682083,48.39603443,50.13656348,59.90630703,62.29331355,
JPN,TM.VAL.INSF.ZS.WT,,,,,,,,,,,,,,,,,,,,,,,,,,,,,,,,,,,,,3.806891735,3.829792988,4.049358367,4.377119856,3.337224808,3.907675165,4.422159245,5.102851512,4.50023267,3.335029137,5.409400661,4.922616125,5.149034573,5.320530316,6.11282228,5.82382978,5.793289302,6.106922929,5.45446312,6.106645878,6.478597523,
JPN,TM.VAL.ICTG.ZS.UN,,,,,,,,,,,,,,,,,,,,,,,,,,,,,,,,,,,,,,,,,16.19260499,15.24357115,14.82383745,14.50523316,14.48912488,13.47197812,12.38275895,11.46194169,9.683666691,11.36376822,11.98208252,10.13859864,10.24017861,10.89127722,11.26422334,12.79053614,,
JPN,TM.VAL.FUEL.ZS.UN,,,18.47430408,17.97435339,17.73106266,19.87979217,18.94100423,19.20145349,20.59702356,20.26114551,20.68447124,24.11383775,24.35007614,21.77751717,40.13331615,44.33123911,43.85305021,44.14465391,39.80161076,41.12870484,50.03248889,51.52494934,50.35228747,47.13334662,44.94136281,43.75291029,30.90150837,26.79721617,20.91538648,20.76453312,24.25220492,23.35686424,22.82435638,20.58266566,17.56672242,16.08701913,17.43454637,18.50066715,15.40306529,16.07566418,20.36422181,20.13216263,19.42214793,21.12661982,21.74960324,25.64312224,27.7569781,27.68014562,35.09594648,27.62524357,28.68354083,32.07360877,34.1187885,33.82119998,32.27386767,20.5149228,18.27719463,
JPN,TM.VAL.FOOD.ZS.UN,,,17.33521414,20.76434756,21.63847973,22.69665523,22.55060728,19.46601064,18.07593608,17.48606365,16.91850799,18.18395412,18.54470007,18.91674752,15.58210878,17.88458373,16.75049931,16.82519529,16.82879892,15.08613922,12.04443581,12.95666506,12.71970669,13.69138806,13.86040128,13.92151464,17.58357826,16.62658465,17.23074432,16.09915848,14.73140754,15.67924202,17.19720694,17.50697181,18.14127403,16.19449886,15.53506675,14.67467959,15.86898742,15.1530169,12.78782929,13.04986252,13.26086447,12.29985785,11.5797424,10.39727155,9.003285785,8.89168246,8.66320757,10.45243769,9.230497729,9.234786936,8.89920958,8.605180424,8.46511189,10.01164307,10.33138516,
JPN,TM.VAL.AGRI.ZS.UN,,,23.71497162,23.72916874,20.74127828,20.36622014,21.29304458,19.14647863,19.34010743,17.9431579,16.18302698,14.61651017,15.56604361,17.10388962,10.94378422,8.863432788,10.22337966,10.15128432,10.19265632,11.15362642,8.637478821,6.70521405,7.046749026,6.788699804,6.94271028,6.681549196,7.441940827,8.769730514,8.470929318,8.221358757,6.559328485,6.035019272,6.123962586,6.658588628,6.059823006,5.556705259,4.845606304,4.566744782,3.613705094,3.523762131,3.08614683,2.767179146,2.575965691,2.49631579,2.368529039,1.993854048,1.961447336,1.776180747,1.502865093,1.443128953,1.566656183,1.656140575,1.379056676,1.430679662,1.310571655,1.439840638,1.458073676,
JPN,TM.TAX.TCOM.WM.FN.ZS,,,,,,,,,,,,,,,,,,,,,,,,,,,,,5.22,5.29,5.04,5.78,6.06,6.17,6.24,9.86,572.01,4.81,5.2,6.19,3.52,3.58,3.34,3.38,3.09,2.86,1.57,1.54,1.29,1.57,1.51,1.29,1.32,1.31,1.32,2.04,2.16,
JPN,TM.TAX.TCOM.WM.AR.ZS,,,,,,,,,,,,,,,,,,,,,,,,,,,,,4.82,4.9,4.67,5.42,5.7,5.82,5.9,9.58,571.77,4.66,5.03,6,3.32,3.39,3.12,3.15,2.91,2.67,1.48,1.47,1.19,1.43,1.38,1.16,1.16,1.13,1.17,1.75,1.83,
JPN,TM.TAX.TCOM.SR.ZS,,,,,,,,,,,,,,,,,,,,,,,,,,,,,13.41511,12.3947,12.52475,11.85961,11.14831,11.04913,9.905346,11.10577,11.223,11.31105,11.58797,13.40181,11.5415,11.2441,10.88689,11.17769,11.45828,11.45707,9.324482,9.364509,9.385129,10.08735,9.614611,9.664021,10.75569,11.72671,11.79616,12.08853,10.57588,
JPN,TM.TAX.TCOM.SM.FN.ZS,,,,,,,,,,,,,,,,,,,,,,,,,,,,,7.67,7.78,7.83,7.97,7.84,7.95,8.03,11.16,12.44,8.17,8.08,8.88,5,5.05,5.06,4.99,5.02,4.98,5.07,5.15,5.13,5.09,5.12,5.07,5.15,5.02,5,5.02,5,
JPN,TM.TAX.TCOM.SM.AR.ZS,,,,,,,,,,,,,,,,,,,,,,,,,,,,,7.14,7.33,7.4,7.46,7.33,7.39,7.55,9.87,13.46,7.79,7.91,8.03,4.85,4.99,5.1,4.97,5.14,5.15,5.23,5.15,5.07,4.99,4.9,4.86,4.95,4.77,4.81,4.82,4.81,
JPN,TM.TAX.TCOM.IP.ZS,,,,,,,,,,,,,,,,,,,,,,,,,,,,,19.63004,19.56742,20.41059,20.89738,21.62399,20.92256,21.32457,23.18826,26.32061,23.26216,22.52002,23.65168,17.09293,17.27676,18.24226,18.30401,18.66206,18.53601,19.92884,19.81952,19.92029,19.96007,19.72479,21.15664,20.61094,18.9545,20.26317,19.44517,20.07875,
JPN,TM.TAX.TCOM.BR.ZS,,,,,,,,,,,,,,,,,,,,,,,,,,,,,,,,,,,,20.88,18.96,16.33,15.66,14.76,4.78,4.78,4.77,4.77,4.77,4.77,4.77,4.87,4.87,4.87,4.87,4.87,4.88,4.88,4.88,4.88,4.88,
JPN,TM.TAX.TCOM.BC.ZS,,,,,,,,,,,,,,,,,,,,,,,,,,,,,,,,,,,,98.42,98.43,98.43,98.43,98.43,98.43,98.43,98.39,98.47,98.47,98.47,98.47,98.36,98.36,98.36,98.36,98.27,98.65,98.65,98.57,98.57,98.57,
JPN,TM.TAX.MRCH.WM.FN.ZS,,,,,,,,,,,,,,,,,,,,,,,,,,,,,4.64,4.66,4.04,4.47,4.71,4.79,4.69,5.75,255.79,3.59,3.6,3.91,2.61,2.67,2.48,2.44,2.27,2.17,1.69,1.69,1.51,1.75,1.64,1.52,1.5,1.5,1.51,1.79,1.82,
JPN,TM.TAX.MRCH.WM.AR.ZS,,,,,,,,,,,,,,,,,,,,,,,,,,,,,3.81,3.83,3.37,3.76,3.93,3.97,3.86,4.97,254.58,2.95,2.96,3.31,1.94,2.37,2.17,2.11,2.01,1.89,1.47,1.47,1.27,1.44,1.33,1.25,1.22,1.18,1.19,1.36,1.35,
JPN,TM.TAX.MRCH.SR.ZS,,,,,,,,,,,,,,,,,,,,,,,,,,,,,6.440879,6.053941,5.947371,5.923081,5.686502,5.642641,5.295943,5.617484,5.989624,5.522002,5.586224,6.536669,5.424152,5.630763,5.664995,5.648363,6.06418,5.511102,3.067854,2.581969,3.657572,4.635738,3.01268,3.449758,3.811354,4.757855,4.900299,4.882713,4.291409,
JPN,TM.TAX.MRCH.SM.FN.ZS,,,,,,,,,,,,,,,,,,,,,,,,,,,,,5.39,5.38,4.77,4.76,4.73,4.77,4.8,5.41,5.64,4.43,4.32,4.37,3.37,3.3,3.26,3.17,3.1,3.09,3.1,3.13,3.12,3.09,3.1,3.08,3.11,3.08,3.13,3.08,3.13,
JPN,TM.TAX.MRCH.SM.AR.ZS,,,,,,,,,,,,,,,,,,,,,,,,,,,,,4.11,4.12,3.69,3.62,3.59,3.58,3.6,3.9,4.51,3.24,3.18,3.13,2.48,2.8,2.79,2.7,2.77,2.74,2.78,2.76,2.65,2.57,2.49,2.46,2.44,2.33,2.42,2.35,2.35,
JPN,TM.TAX.MRCH.IP.ZS,,,,,,,,,,,,,,,,,,,,,,,,,,,,,9.494947,9.456804,9.72315,9.771646,10.04174,9.76457,9.762693,10.48041,11.02693,9.089087,8.890041,8.679943,6.740014,6.726832,7.087197,7.070527,6.600219,6.981852,8.000366,8.02049,8.00749,7.589041,7.990089,8.440854,8.208196,7.137091,7.779402,7.192137,7.831574,
JPN,TM.TAX.MRCH.BR.ZS,,,,,,,,,,,,,,,,,,,,,,,,,,,,,,,,,,,,6.86,6.31,5.68,5.53,5.35,2.95,2.95,3,3,3,3,3,3,3,3,3,3,3.07,3.07,3.07,3.07,3.07,
JPN,TM.TAX.MRCH.BC.ZS,,,,,,,,,,,,,,,,,,,,,,,,,,,,,,,,,,,,99.64,99.65,99.65,99.65,99.65,99.65,99.65,99.64,99.66,99.66,99.66,99.66,99.62,99.62,99.62,99.62,99.6,99.65,99.65,99.63,99.63,99.63,
JPN,TM.TAX.MANF.WM.FN.ZS,,,,,,,,,,,,,,,,,,,,,,,,,,,,,4.21,4.17,3.21,3.34,3.55,3.67,3.56,3.11,4.35,2.62,2.45,2.31,2.13,2.19,2.05,1.96,1.85,1.81,1.81,1.83,1.77,1.91,1.76,1.77,1.7,1.71,1.7,1.63,1.62,
JPN,TM.TAX.MANF.WM.AR.ZS,,,,,,,,,,,,,,,,,,,,,,,,,,,,,2.83,2.82,2.22,2.26,2.36,2.44,2.34,1.96,2.33,1.58,1.46,1.41,1.21,1.83,1.69,1.59,1.55,1.48,1.46,1.47,1.37,1.45,1.29,1.35,1.29,1.23,1.21,1.12,1.07,
JPN,TM.TAX.MANF.SR.ZS,,,,,,,,,,,,,,,,,,,,,,,,,,,,,3.625196,3.548632,3.344143,3.562669,3.523931,3.516507,3.515997,3.344977,3.898003,3.21646,3.205772,3.753351,2.978629,3.490115,3.662011,3.567082,4.040728,3.326418,0.7129152,0.048467,1.502256,2.553481,0.5018517,1.070803,1.107753,2.121784,2.25905,2.098764,1.795123,
JPN,TM.TAX.MANF.SM.FN.ZS,,,,,,,,,,,,,,,,,,,,,,,,,,,,,4.71,4.66,3.86,3.8,3.81,3.82,3.83,3.72,3.65,3.34,3.23,3.06,2.9,2.8,2.74,2.65,2.54,2.54,2.52,2.53,2.52,2.5,2.5,2.49,2.42,2.43,2.5,2.43,2.5,
JPN,TM.TAX.MANF.SM.AR.ZS,,,,,,,,,,,,,,,,,,,,,,,,,,,,,3.42,3.4,2.88,2.79,2.8,2.77,2.77,2.67,2.75,2.35,2.26,2.17,2.02,2.39,2.36,2.28,2.33,2.31,2.35,2.33,2.21,2.13,2.05,2.02,1.96,1.88,1.97,1.88,1.89,
JPN,TM.TAX.MANF.IP.ZS,,,,,,,,,,,,,,,,,,,,,,,,,,,,,5.403821,5.460993,5.493514,5.340937,5.445634,5.367363,5.280236,5.208003,4.885524,3.424538,3.467588,2.589614,2.59217,2.655295,2.761821,2.800007,2.007099,2.70047,3.530022,3.644898,3.528193,2.837417,3.550673,3.584902,3.390612,2.65952,2.989175,2.453485,2.963524,
JPN,TM.TAX.MANF.BR.ZS,,,,,,,,,,,,,,,,,,,,,,,,,,,,,,,,,,,,2.81,2.71,2.65,2.64,2.66,2.44,2.44,2.5,2.5,2.5,2.5,2.5,2.47,2.47,2.47,2.47,2.47,2.48,2.48,2.48,2.48,2.48,
JPN,TM.TAX.MANF.BC.ZS,,,,,,,,,,,,,,,,,,,,,,,,,,,,,,,,,,,,100,100,100,100,100,100,100,100,100,100,100,100,100,100,100,100,100,100,100,100,100,100,
JPN,TM.QTY.MRCH.XD.WD,,,,,,,,,,,,,,,,,,,,,,,,,,,,,,,,,,,,,,,,,100,98.67165538,100.242685,107.4446552,114.8721824,117.9296433,123.3943961,119.3183988,118.5777292,101.5498511,115.7296232,118.6760994,121.4837001,121.8251024,122.5692439,119.1378606,118.729335,
JPN,TG.VAL.TOTL.GD.ZS,19.28761562,18.77424689,17.37808862,17.537234,17.87246188,18.27432562,18.27060737,17.85778335,17.70716921,18.00949111,18.05973402,18.29412468,16.73584508,17.54200672,24.60764457,21.90963208,22.66994714,21.23778516,17.6650984,20.21097035,24.7102619,24.21710311,23.88576937,22.18552964,23.35394773,21.9639286,16.30382734,15.20588033,14.82424437,15.84524845,16.6545623,15.42100328,14.70386226,13.51973957,13.69950284,14.2958593,15.72400082,17.20853848,16.57555814,15.94897915,17.5704664,17.48756268,18.32074597,19.22655738,21.18765236,23.35880832,27.0571068,29.60115333,30.6465688,21.65200742,25.68083851,27.26066176,27.15384576,30.03002857,30.98563895,29.03826467,25.35347767,
JPN,ST.INT.XPND.MP.ZS,,,,,,,,,,,,,,,,,,,,,,,,,,,,,,,,,,,,,10.5849086,9.709214164,9.833393857,10.54264889,9.379675363,8.512716412,8.63000517,8.126241828,8.96928963,7.975711731,5.657985856,5.184084883,4.46496867,5.386590203,4.964178936,4.098103832,4.036902891,3.374686104,2.885197279,2.877770126,3.355939126,
JPN,ST.INT.XPND.CD,,,,,,,,,,,,,,,,,,,,,,,,,,,,,,,,,,,,46966000000,46800000000,41381000000,35334000000,41213000000,42643000000,35526000000,34977000000,36505000000,48175000000,48096000000,37655000000,37258000000,38971000000,34787000000,39306000000,39760000000,40967000000,32244000000,28609000000,23252000000,25783000000,
JPN,ST.INT.TVLX.CD,,,,,,,,,,,,,,,,,,,,,,,,,,,,,,,,,,,,36764000000,37058000000,33009000000,28806000000,32772000000,31884000000,26531000000,26656000000,28958000000,38252000000,37565000000,26876000000,26511000000,27901000000,25199000000,27950000000,27262000000,27906000000,21861000000,19314000000,15974000000,18562000000,
JPN,ST.INT.TVLR.CD,,,,,,,,,,,,,,,,,,,,,,,,,,,,,,,,,,,,3224000000,4081000000,4329000000,3743000000,3431000000,3373000000,3306000000,3497000000,8848000000,11265000000,12430000000,8470000000,9345000000,10820000000,10329000000,13224000000,11000000000,14581000000,15093000000,18812000000,24968000000,30751000000,
JPN,ST.INT.TRNX.CD,,,,,,,,,,,,,,,,,,,,,,,,,,,,,,,,,,,,10202000000,9742000000,8372000000,6528000000,8441000000,10759000000,8995000000,8321000000,7547000000,9923000000,10531000000,10779000000,10747000000,11070000000,9588000000,11356000000,12498000000,13061000000,10383000000,9295000000,7278000000,7221000000,
JPN,ST.INT.TRNR.CD,,,,,,,,,,,,,,,,,,,,,,,,,,,,,,,,,,,,1670000000,1694000000,1846000000,1921000000,2284000000,2597000000,2444000000,2572000000,2627000000,3078000000,3124000000,3020000000,3077000000,2961000000,2208000000,2132000000,1533000000,1616000000,1772000000,1978000000,2317000000,2676000000,
JPN,ST.INT.RCPT.XP.ZS,,,,,,,,,,,,,,,,,,,,,,,,,,,,,,,,,,,,,1.246093722,1.303695895,1.310215784,1.242171186,1.139915259,1.295601592,1.328310232,2.199493164,2.271831219,2.311341632,1.577072828,1.54848703,1.548152033,1.873824703,1.765078466,1.346678067,1.772849108,2.031099713,2.409112032,3.477077174,4.133893173,
JPN,ST.INT.RCPT.CD,,,,,,,,,,,,,,,,,,,,,,,,,,,,,,,,,,,,4894000000,5775000000,6175000000,5664000000,5715000000,5970000000,5750000000,6069000000,11475000000,14343000000,15554000000,11490000000,12422000000,13781000000,12537000000,15356000000,12533000000,16197000000,16865000000,20790000000,27285000000,33427000000,
JPN,ST.INT.DPRT,,,,,,,,,,,,,,,,,,,,,,,,,,,,,,,,,,,,15298000,16695000,16803000,15806000,16358000,17819000,16216000,16523000,13296000,16831000,17404000,17535000,17295000,15987000,15446000,16637000,16994000,18491000,17473000,16903000,16214000,17116000,
JPN,ST.INT.ARVL,,,,,,,,,,,,,,,,,,,,,,,,,,,,,,,,,,,,3345000,3837000,4218000,4106000,4438000,4757000,4772000,5239000,5212000,6138000,6728000,7334000,8347000,8351000,6790000,8611000,6219000,8358000,10364000,13413000,19737000,24040000,
JPN,NY.EXP.CAPM.KN,6.90919E+12,6.03905E+12,7.71045E+12,7.4407E+12,8.52713E+12,1.07273E+13,1.16826E+13,1.09066E+13,1.2821E+13,1.43807E+13,1.46038E+13,1.79515E+13,1.94741E+13,1.89791E+13,1.86964E+13,1.77488E+13,2.00572E+13,2.24512E+13,2.4894E+13,2.19948E+13,2.05301E+13,2.35825E+13,2.3337E+13,2.45205E+13,2.89057E+13,3.03496E+13,3.68049E+13,3.68906E+13,3.97457E+13,4.29049E+13,4.34971E+13,4.66421E+13,4.95746E+13,5.05036E+13,5.31774E+13,5.51249E+13,5.51015E+13,5.86392E+13,5.94953E+13,6.04402E+13,6.43868E+13,6.01817E+13,6.46057E+13,6.86037E+13,7.50696E+13,7.53522E+13,7.72852E+13,8.06661E+13,7.43558E+13,6.39147E+13,7.5237E+13,6.93488E+13,6.84782E+13,6.82981E+13,7.42705E+13,8.32912E+13,8.86336E+13,
JPN,NE.TRD.GNFS.ZS,21.0109012,20.17956109,18.72175154,18.91419383,19.18499197,19.65267588,19.60882289,19.1036703,19.12537985,19.53611724,20.0962008,20.45132971,18.63168481,19.82649738,27.64448946,25.27140715,26.01622589,24.26881001,20.25972404,23.78194847,27.97743073,28.28189458,27.94620865,25.75693728,26.99573956,24.98869311,18.4400214,17.44434786,17.49948237,19.10212166,19.78666566,18.28204177,17.51026144,16.01169994,16.10447231,16.67948188,18.52450015,20.04073819,19.23202171,18.34895982,19.81965271,19.79812812,20.68561136,21.5831294,23.92235646,26.51549378,30.33178162,33.09388849,34.39902043,24.49089992,28.61300771,30.39300297,30.63612369,34.14752226,37.55877967,35.59476177,31.23667096,
JPN,NE.RSB.GNFS.ZS,0.434980425,-1.623718491,0.14015886,-0.838476817,-0.196770724,1.382670463,1.547598038,0.203991982,1.098430756,1.576223723,1.094453889,2.516366698,2.123062955,-0.145182992,-0.975608612,-0.177289222,0.567301914,1.409576966,1.544292964,-1.099334411,-1.127486508,0.520792779,0.462828783,1.513211654,2.44966842,3.205799164,3.763285127,2.852161653,2.032997497,1.376992833,0.792930096,1.470246457,2.031574028,2.105994883,1.902828043,1.264111779,0.433638281,1.056965136,1.81693876,1.554560188,1.429317304,0.660070171,1.350830701,1.695457534,2.02170816,1.50938846,1.414022973,1.892744657,0.449055022,0.550928394,1.460506254,-0.54301055,-1.546618576,-2.31672601,-2.466020892,-0.323007352,1.049317319,
JPN,NE.RSB.GNFS.CD,192728268.8,-868829320.5,85108690.49,-582725723,-160858112,1257542633,1634697944,252505110.8,1610311270,2714323445,2314925270,6011976401,6717229892,-624079719.8,-4655172947,-919875437.8,3308181151,10116481843,15572523287,-11538377651,-12398889277,6330281645,5229477069,18647970061,32084287694,44904103562,78089455008,71711441072,62019389793,42030167907,24897802383,52607468306,79187225329,94065637228,93372521471,68882921042,20960827953,46662186991,73268232837,70920261126,69858164255,28406411973,55588254059,75374244718,97348257281,71777619304,64060574741,85462427868,22622980955,28821172575,83250289431,-33435655229,-95940046463,-1.19444E+11,-1.19571E+11,-14157658673,51837941608,
JPN,NE.IMP.GNFS.ZS,10.28796039,10.90163979,9.290796338,9.876335325,9.690881347,9.135002706,9.030612428,9.449839161,9.013474548,8.979946761,9.500873454,8.967481507,8.254310927,9.985840186,14.31004903,12.72434819,12.72446199,11.42961652,9.357715539,12.44064144,14.55245862,13.8805509,13.74168993,12.12186282,12.27303557,10.89144697,7.338368136,7.296093104,7.733242438,8.862564412,9.496867783,8.405897657,7.739343706,6.952852528,7.100822132,7.707685053,9.045430937,9.491886528,8.707541474,8.397199817,9.195167703,9.569028977,9.667390329,9.943835932,10.95032415,12.50305266,14.45887932,15.60057191,16.9749827,11.96998576,13.57625073,15.46800676,16.09137113,18.23212413,20.01240028,17.95888456,15.09367682,
JPN,NE.IMP.GNFS.KD.ZG,,7.045229682,7.045229682,7.045229682,7.045229682,7.045229682,7.045229682,7.045229682,7.045229682,7.045229682,7.045229682,7.045229681,10.50115865,24.33278566,4.181122719,-10.29044801,6.67530451,4.089629644,6.911433083,12.91237705,-7.761028002,2.136229087,-0.673603302,-3.443474194,10.53700585,-2.69050927,3.756128015,9.017824556,18.66149712,17.99402944,8.105776408,-1.112476051,-1.087209496,-1.284644767,8.194498616,12.92095693,11.02858523,0.347965258,-6.708480803,3.605524501,9.266723524,1.029115571,0.687094185,3.396514078,8.120556449,6.100015667,4.707085168,2.184546866,0.696754656,-15.65041234,11.17292414,5.803887725,5.40960465,3.273591852,8.267962521,0.127473425,-2.292492322,
JPN,NE.IMP.GNFS.KD,75517462909,80837841620,86533053233,92629505584,99155467006,1.06141E+11,1.13619E+11,1.21624E+11,1.30192E+11,1.39365E+11,1.49183E+11,1.59694E+11,1.76463E+11,2.19402E+11,2.28575E+11,2.05054E+11,2.18742E+11,2.27688E+11,2.43424E+11,2.74856E+11,2.53524E+11,2.5894E+11,2.57196E+11,2.48339E+11,2.74507E+11,2.67121E+11,2.77155E+11,3.02148E+11,3.58533E+11,4.23048E+11,4.57339E+11,4.52252E+11,4.47335E+11,4.41588E+11,4.77774E+11,5.39507E+11,5.99007E+11,6.01091E+11,5.60767E+11,5.80986E+11,6.34824E+11,6.41357E+11,6.45764E+11,6.67697E+11,7.21918E+11,7.65955E+11,8.02009E+11,8.1953E+11,8.2524E+11,6.96086E+11,7.7386E+11,8.18774E+11,8.63066E+11,8.91319E+11,9.65013E+11,9.66243E+11,9.44092E+11,
JPN,NE.IMP.GNFS.CD,4558321892,5833316762,5641651996,6863868541,7922199211,8308310380,9538861648,11697188591,13213850374,15463845433,20095695466,21424654535,26116090421,42924865021,68281227016,66021020439,74201803849,82029935792,94362434164,1.30574E+11,1.60032E+11,1.68719E+11,1.55267E+11,1.49383E+11,1.60745E+11,1.52558E+11,1.52274E+11,1.83444E+11,2.35913E+11,2.70513E+11,2.98199E+11,3.00775E+11,3.01666E+11,3.10554E+11,3.4844E+11,4.20001E+11,4.3723E+11,4.19041E+11,3.51132E+11,3.83087E+11,4.49416E+11,4.11807E+11,3.97824E+11,4.42069E+11,5.27274E+11,5.94571E+11,6.55042E+11,7.04407E+11,8.55184E+11,6.26196E+11,7.7386E+11,9.52436E+11,9.98182E+11,9.39997E+11,9.70348E+11,7.87152E+11,7.45652E+11,
JPN,NE.EXP.GNFS.ZS,10.72294081,9.277921297,9.430955198,9.037858509,9.494110623,10.51767317,10.57821047,9.653831143,10.1119053,10.55617048,10.59532734,11.48384821,10.37737388,9.840657194,13.33444042,12.54705897,13.2917639,12.83919349,10.9020085,11.34130703,13.42497211,14.40134368,14.20451872,13.63507447,14.72270399,14.09724613,11.10165326,10.14825476,9.766239935,10.23955725,10.28979788,9.876144114,9.770917734,9.058847411,9.003650174,8.971796831,9.479069217,10.54885166,10.52448023,9.951760005,10.62448501,10.22909915,11.01822103,11.63929347,12.97203231,14.01244112,15.8729023,17.49331657,17.42403772,12.52091416,15.03675698,14.92499621,14.54475256,15.91539812,17.54637939,17.63587721,16.14299414,
JPN,NE.EXP.GNFS.KD.ZG,,15.99546886,15.99546886,15.99546886,15.99546886,15.99546886,15.99546886,15.99546886,15.99546886,15.99546886,15.99546886,15.99546886,4.120080587,5.238397684,23.14083805,-0.953428467,16.60136134,11.73144109,-0.252621165,4.304550728,16.98262981,13.3204757,1.432066093,4.971934703,15.32005527,5.254015577,-5.120070055,-0.103298451,6.695757541,9.474455472,7.182666683,5.237030183,4.379816004,0.363299983,3.880910575,4.222921943,4.809059036,11.05231388,-2.448398065,1.947250212,12.74053278,-6.707841868,7.76473443,9.515818274,14.27390995,7.169118271,10.31433033,8.672124463,1.557939852,-23.42676947,24.91055198,-0.246043447,-0.088488698,0.761212809,9.290369415,3.029548226,1.175969661,
JPN,NE.EXP.GNFS.KD,18603235615,21578910375,25030558264,29034313416,33678487976,39065520032,45314233123,52562457170,60970068638,70722516979,82034915158,95156784465,99077320668,1.04267E+11,1.28396E+11,1.27172E+11,1.48284E+11,1.6568E+11,1.65261E+11,1.72375E+11,2.01649E+11,2.28509E+11,2.31782E+11,2.43306E+11,2.8058E+11,2.95322E+11,2.80201E+11,2.79912E+11,2.98654E+11,3.2695E+11,3.50433E+11,3.68786E+11,3.84938E+11,3.86336E+11,4.0133E+11,4.18278E+11,4.38393E+11,4.86845E+11,4.74925E+11,4.84173E+11,5.4586E+11,5.09244E+11,5.48786E+11,6.01007E+11,6.86794E+11,7.36032E+11,8.11948E+11,8.82361E+11,8.96108E+11,6.86179E+11,8.5711E+11,8.55001E+11,8.54244E+11,8.60747E+11,9.40714E+11,9.69213E+11,9.80611E+11,
JPN,NE.EXP.GNFS.CD,4751050160,4964487441,5726760687,6281142818,7761341099,9565853013,11173559592,11949693702,14824161644,18178168878,22410620736,27436630937,32833320313,42300785301,63626054069,65101145001,77509985000,92146417635,1.09935E+11,1.19036E+11,1.47633E+11,1.7505E+11,1.60496E+11,1.68031E+11,1.92829E+11,1.97462E+11,2.30363E+11,2.55156E+11,2.97933E+11,3.12544E+11,3.23097E+11,3.53382E+11,3.80853E+11,4.04619E+11,4.41813E+11,4.88884E+11,4.58191E+11,4.65704E+11,4.24401E+11,4.54007E+11,5.19274E+11,4.40214E+11,4.53413E+11,5.17443E+11,6.24623E+11,6.66349E+11,7.19102E+11,7.8987E+11,8.77807E+11,6.55017E+11,8.5711E+11,9.19001E+11,9.02242E+11,8.20553E+11,8.50777E+11,7.72994E+11,7.9749E+11,
JPN,MS.MIL.XPRT.KD,1000000,61000000,100000000,8000000,14000000,,5000000,,,34000000,,15000000,8000000,34000000,53000000,,,,9000000,11000000,167000000,,,17000000,17000000,44000000,99000000,,,15000000,30000000,68000000,126000000,153000000,162000000,158000000,188000000,32000000,,,,,,,,,,40000000,,,,,,,,,,
JPN,MS.MIL.MPRT.KD,859000000,338000000,223000000,204000000,1809000000,1209000000,324000000,619000000,559000000,531000000,658000000,781000000,677000000,640000000,1007000000,1685000000,1674000000,975000000,1094000000,997000000,1067000000,1347000000,1462000000,1707000000,2063000000,1982000000,1904000000,1949000000,2007000000,2297000000,2703000000,2953000000,2520000000,2139000000,1026000000,1242000000,858000000,825000000,1475000000,1268000000,493000000,444000000,446000000,483000000,403000000,398000000,479000000,517000000,681000000,613000000,394000000,306000000,244000000,298000000,313000000,351000000,330000000,
JPN,LP.LPI.TRAC.XQ,,,,,,,,,,,,,,,,,,,,,,,,,,,,,,,,,,,,,,,,,,,,,,,,4.08,,,4.13,,4.03,,3.95238,,4.029946,
JPN,LP.LPI.TIME.XQ,,,,,,,,,,,,,,,,,,,,,,,,,,,,,,,,,,,,,,,,,,,,,,,,4.34,,,4.26,,4.21,,4.23948,,4.206616,
JPN,LP.LPI.OVRL.XQ,,,,,,,,,,,,,,,,,,,,,,,,,,,,,,,,,,,,,,,,,,,,,,,,4.02,,,3.97,,3.93,,3.914618,,3.970464,
JPN,LP.LPI.LOGS.XQ,,,,,,,,,,,,,,,,,,,,,,,,,,,,,,,,,,,,,,,,,,,,,,,,4.12,,,4,,3.97,,3.931567,,3.990233,
JPN,LP.LPI.ITRN.XQ,,,,,,,,,,,,,,,,,,,,,,,,,,,,,,,,,,,,,,,,,,,,,,,,3.77,,,3.55,,3.61,,3.518439,,3.694508,
JPN,LP.LPI.INFR.XQ,,,,,,,,,,,,,,,,,,,,,,,,,,,,,,,,,,,,,,,,,,,,,,,,4.11,,,4.19,,4.11,,4.155425,,4.096887,
JPN,LP.LPI.CUST.XQ,,,,,,,,,,,,,,,,,,,,,,,,,,,,,,,,,,,,,,,,,,,,,,,,3.79,,,3.79,,3.72,,3.781139,,3.848448,
JPN,LP.IMP.DURS.MD,,,,,,,,,,,,,,,,,,,,,,,,,,,,,,,,,,,,,,,,,,,,,,,,2.7,,,1,,1,,2,,3,
JPN,LP.EXP.DURS.MD,,,,,,,,,,,,,,,,,,,,,,,,,,,,,,,,,,,,,,,,,,,,,,,,3,,,1,,1,,2,,2,
JPN,IC.IMP.TMDC,,,,,,,,,,,,,,,,,,,,,,,,,,,,,,,,,,,,,,,,,,,,,,,,,,,,,,,3,3,3,
JPN,IC.IMP.TMBC,,,,,,,,,,,,,,,,,,,,,,,,,,,,,,,,,,,,,,,,,,,,,,,,,,,,,,,40,40,40,
JPN,IC.IMP.DURS,,,,,,,,,,,,,,,,,,,,,,,,,,,,,,,,,,,,,,,,,,,,,,7.2,7.2,7.2,7.2,7.2,7.2,7.2,7.2,11,11,,,
JPN,IC.IMP.DOCS,,,,,,,,,,,,,,,,,,,,,,,,,,,,,,,,,,,,,,,,,,,,,,3.3,3.3,3.3,3.3,3.3,3.3,3.3,3.3,3.3,3.3,,,
JPN,IC.IMP.CSDC.CD,,,,,,,,,,,,,,,,,,,,,,,,,,,,,,,,,,,,,,,,,,,,,,,,,,,,,,,100,107,107,107
JPN,IC.IMP.CSBC.CD,,,,,,,,,,,,,,,,,,,,,,,,,,,,,,,,,,,,,,,,,,,,,,,,,,,,,,,299,299.2,299.2,299.2
JPN,IC.IMP.COST.CD,,,,,,,,,,,,,,,,,,,,,,,,,,,,,,,,,,,,,,,,,,,,,,711.1,711.1,711.1,711.1,711.1,719.6,719.6,719.6,1021.3,1021.3,,,
JPN,IC.EXP.TMDC,,,,,,,,,,,,,,,,,,,,,,,,,,,,,,,,,,,,,,,,,,,,,,,,,,,,,,,2,2,2,
JPN,IC.EXP.TMBC,,,,,,,,,,,,,,,,,,,,,,,,,,,,,,,,,,,,,,,,,,,,,,,,,,,,,,,23,23,23,
JPN,IC.EXP.DURS,,,,,,,,,,,,,,,,,,,,,,,,,,,,,,,,,,,,,,,,,,,,,,7.2,7.2,7.2,7.2,7.2,7.2,7.2,7.2,11,11,,,
JPN,IC.EXP.DOCS,,,,,,,,,,,,,,,,,,,,,,,,,,,,,,,,,,,,,,,,,,,,,,2,2,2,2,2,2,2,2,2,2,,,
JPN,IC.EXP.CSDC.CD,,,,,,,,,,,,,,,,,,,,,,,,,,,,,,,,,,,,,,,,,,,,,,,,,,,,,,,60,54,54,54
JPN,IC.EXP.CSBC.CD,,,,,,,,,,,,,,,,,,,,,,,,,,,,,,,,,,,,,,,,,,,,,,,,,,,,,,,265,264.9,264.9,264.9
JPN,IC.EXP.COST.CD,,,,,,,,,,,,,,,,,,,,,,,,,,,,,,,,,,,,,,,,,,,,,,574.6,574.6,574.6,574.6,574.6,588.3,588.3,588.3,829.3,829.3,,,
JPN,IC.CUS.DURS.EX,,,,,,,,,,,,,,,,,,,,,,,,,,,,,,,,,,,,,,,,,,,,,,,,,,,,,,,,,,
JPN,GC.TAX.IMPT.ZS,,,,,,,,,,,,,3.517438988,3.402550091,2.251312211,2.576322697,3.194304435,2.958079784,2.725568671,3.035706519,2.451500455,2.307145035,2.224374496,1.996194754,1.988294027,1.725582613,1.392919327,1.409052092,1.464588773,1.389074651,1.392814575,1.610079952,1.747711124,1.677466555,1.790386329,1.837604935,1.95080174,1.778191015,1.732079888,1.700625354,1.604208576,1.742013517,1.786058011,1.838219298,1.768727309,1.750942004,1.710251943,1.751238522,1.898804942,1.786607886,1.782890692,1.901253148,1.872138687,1.984190163,1.820742312,1.727799498,,
JPN,GC.TAX.EXPT.ZS,,,,,,,,,,,,,,,,,,,,,,,,,,,,,,,0,0,0,0,,,,,,,,,,,,,,,,,,,,,,,,
JPN,EG.IMP.CONS.ZS,41.88266086,45.39439446,49.96820408,57.10391911,61.07390029,64.24561608,66.81865706,74.08768084,77.12683397,81.30983696,84.66319915,86.62349668,88.59214427,90.78962874,90.48961691,90.19156932,89.83222625,90.31895232,89.13971261,88.83336953,87.43438089,86.78777226,84.60848709,83.61510558,83.62831557,81.52426947,81.23058244,80.72037556,82.46639072,82.90550971,82.9987386,82.26399862,82.3991653,80.93673282,81.3272734,80.19512518,80.00005876,79.36665258,78.42828783,79.67411261,79.80786415,79.72095591,81.23226885,83.67531011,82.07032779,80.92420743,80.71502476,82.64541565,82.34586693,80.36108289,80.14407831,88.93691415,93.82704712,93.91862663,93.98125952,93.01912814,,
JPN,BX.GSR.TRVL.ZS,,,,,,,,,,,,,,,,,,,,,,,,,,,,,,,,,,,,,5.983256018,6.211522174,5.971951937,5.610582297,4.858101579,5.107907372,5.303406971,11.36841881,11.51678776,12.19113197,7.746185092,7.686691526,7.671230471,8.542391599,9.828070152,7.817727726,10.64495983,11.14738038,11.48542588,15.34858965,17.69119093,
JPN,BX.GSR.TRAN.ZS,,,,,,,,,,,,,,,,,,,,,,,,,,,,,,,,,,,,,31.62885906,31.29238157,33.91085528,37.45579474,36.83272218,37.06297719,36.40501466,34.0358527,32.86289059,35.06454796,34.42998017,34.56214943,33.20700505,26.14396261,31.43038235,29.64291728,31.34898077,29.21015027,24.16640716,21.7602406,18.20901899,
JPN,BX.GSR.TOTL.CD,,,,,,,,,,,,,,,,,,,,,,,,,,,,,,,,,,,,,5.78214E+11,5.8325E+11,5.27471E+11,5.53938E+11,6.33934E+11,5.45161E+11,5.4483E+11,6.20534E+11,7.54336E+11,8.19479E+11,9.00749E+11,1.00163E+12,1.083E+12,8.44506E+11,1.07182E+12,1.16421E+12,1.14347E+12,1.07188E+12,1.11975E+12,1.03137E+12,1.05918E+12,
JPN,BX.GSR.NFSV.CD,,,,,,,,,,,,,,,,,,,,,,,,,,,,,,,,,,,,,68208714147,69694113953,62671382934,61155948852,69422383744,64715024449,65943303664,77833776412,97809484114,1.01961E+11,1.09346E+11,1.21579E+11,1.4104E+11,1.20914E+11,1.34553E+11,1.40709E+11,1.36974E+11,1.35398E+11,1.63793E+11,1.62673E+11,1.73821E+11,
JPN,BX.GSR.MRCH.CD,,,,,,,,,,,,,,,,,,,,,,,,,,,,,,,,,,,,,3.9524E+11,4.03959E+11,3.69624E+11,3.98926E+11,4.54301E+11,3.79094E+11,3.90953E+11,4.43877E+11,5.33531E+11,5.70982E+11,6.19219E+11,6.80623E+11,7.49118E+11,5.48145E+11,7.35436E+11,7.89951E+11,7.7664E+11,6.9494E+11,6.99181E+11,6.22038E+11,6.34787E+11,
JPN,BX.GSR.INSF.ZS,,,,,,,,,,,,,,,,,,,,,,,,,,,,,,,,,,,,,4.874330034,3.14885427,2.632893711,3.210667157,4.377594444,4.030748542,4.165486204,4.938254983,5.596408207,5.803703843,7.066307228,6.209775316,4.525000082,4.684511729,3.625206773,4.081768627,3.09443629,3.477565061,5.411099323,7.295240187,7.67893762,
JPN,BX.GSR.GNFS.CD,,,,,,,,,,,,,,,,,,,,,,,,,,,,,,,,,,,,,4.63448E+11,4.73653E+11,4.32295E+11,4.60082E+11,5.23723E+11,4.43809E+11,4.56896E+11,5.21711E+11,6.31341E+11,6.72942E+11,7.28565E+11,8.02202E+11,8.90158E+11,6.69059E+11,8.6999E+11,9.3066E+11,9.13614E+11,8.30338E+11,8.62974E+11,7.84711E+11,8.08608E+11,
JPN,BX.GSR.CMCP.ZS,,,,,,,,,,,,,,,,,,,,,,,,,,,,,,,,,,,,,57.47821838,59.32406716,57.45598192,53.69073003,53.89026833,53.76560127,54.10388271,49.6437349,50.01924437,46.94061623,50.75752751,51.54138373,54.59676439,60.62913406,55.11634073,58.45758637,54.9116231,56.16490429,58.93706764,55.59592956,56.42085246,
JPN,BX.GSR.CCIS.ZS,,,,,,,,,,,,,,,,,,,,,,,,,,,,,,,,,,,,,36.02722032,34.99670979,31.23992856,29.15900737,28.95346703,28.39647213,29.2395404,25.41149778,23.93277159,19.84894948,21.66651388,21.68537733,24.38204079,29.79812175,24.89169457,27.42396251,20.2921241,23.04873528,24.85555241,22.95462765,24.42551932,
JPN,BX.GSR.CCIS.CD,,,,,,,,,,,,,,,,,,,,,,,,,,,,,,,,,,,,,24573703725,24390646799,19578495259,17832467631,20100186988,18376783883,19281518916,19778728362,23408520426,20238098591,23691376650,26364949708,34388465303,36030158696,33492592579,38588091031,27794931517,31207619494,40711655803,37340975726,42456751800,
JPN,BN.GSR.MRCH.CD,,,,,,,,,,,,,,,,,,,,,,,,,,,,,,,,,,,,,83009850951,1.02097E+11,1.23062E+11,1.24415E+11,1.17968E+11,72851236402,96908700450,1.08127E+11,1.33287E+11,1.06964E+11,95106835108,1.20601E+11,55277345661,58091528287,1.08524E+11,-4473592194,-53483855627,-89648250591,-99824695777,-7334915645,51217641421,
JPN,BN.GSR.GNFS.CD,,,,,,,,,,,,,,,,,,,,,,,,,,,,,,,,,,,,,21309371597,47450014247,72968602320,69164578263,69091201724,26480675041,51601038996,72487452622,94230374347,69911671152,63045444315,83502740419,17341178493,23251948663,78197081417,-39544359231,-1.01198E+11,-1.25128E+11,-1.28605E+11,-23275907631,40328491669,
JPN,BM.GSR.TRVL.ZS,,,,,,,,,,,,,,,,,,,,,,,,,,,,,,,,,,,,,28.52577033,26.54718655,25.54475309,28.15335247,26.95222612,23.88298046,23.96032608,25.52014978,27.9483367,27.02252334,19.00587531,16.70762471,15.58915367,16.17888089,16.95144217,15.50927957,15.10977571,12.79348426,10.02928692,8.943054742,10.04906319,
JPN,BM.GSR.TRAN.ZS,,,,,,,,,,,,,,,,,,,,,,,,,,,,,,,,,,,,,24.08331619,23.53848782,23.51169935,24.48687847,28.09954674,28.14171698,26.90926832,27.8719125,28.50138761,29.04505881,30.29215955,30.90352364,30.14597307,26.03918648,28.2182507,28.15914417,29.97139923,27.50440584,23.82609936,22.97615406,20.55980942,
JPN,BM.GSR.TOTL.CD,,,,,,,,,,,,,,,,,,,,,,,,,,,,,,,,,,,,,5.00214E+11,4.7896E+11,4.03943E+11,4.27672E+11,4.93413E+11,4.51036E+11,4.31046E+11,4.73641E+11,5.64467E+11,6.41783E+11,7.15393E+11,7.78377E+11,9.27845E+11,6.86432E+11,8.38537E+11,1.02079E+12,1.06901E+12,1.01538E+12,1.06443E+12,8.8097E+11,8.52302E+11,
JPN,BM.GSR.NFSV.CD,,,,,,,,,,,,,,,,,,,,,,,,,,,,,,,,,,,,,1.29909E+11,1.24342E+11,1.12765E+11,1.16406E+11,1.18299E+11,1.11086E+11,1.11251E+11,1.13473E+11,1.36866E+11,1.39013E+11,1.41407E+11,1.58677E+11,1.78976E+11,1.55754E+11,1.6488E+11,1.7578E+11,1.84689E+11,1.70878E+11,1.92573E+11,1.78614E+11,1.8471E+11,
JPN,BM.GSR.MRCH.CD,,,,,,,,,,,,,,,,,,,,,,,,,,,,,,,,,,,,,3.1223E+11,3.01862E+11,2.46561E+11,2.74511E+11,3.36333E+11,3.06243E+11,2.94044E+11,3.35751E+11,4.00244E+11,4.64018E+11,5.24113E+11,5.60022E+11,6.93841E+11,4.90054E+11,6.26912E+11,7.94425E+11,8.30124E+11,7.84588E+11,7.99005E+11,6.29373E+11,5.83569E+11,
JPN,BM.GSR.INSF.ZS,,,,,,,,,,,,,,,,,,,,,,,,,,,,,,,,,,,,,3.769164924,3.787447699,4.008845606,4.340083531,3.303997118,3.864685533,4.369375676,5.045912674,4.450861264,3.295318679,5.34604517,4.870421429,5.088592398,5.260651735,6.047149654,5.762496008,5.734629122,6.041590902,5.398784194,6.039569879,6.407793683,
JPN,BM.GSR.GNFS.CD,,,,,,,,,,,,,,,,,,,,,,,,,,,,,,,,,,,,,4.42139E+11,4.26203E+11,3.59327E+11,3.90917E+11,4.54632E+11,4.17329E+11,4.05295E+11,4.49224E+11,5.37111E+11,6.03031E+11,6.6552E+11,7.187E+11,8.72817E+11,6.45807E+11,7.91793E+11,9.70205E+11,1.01481E+12,9.55467E+11,9.91579E+11,8.07987E+11,7.6828E+11,
JPN,BM.GSR.CMCP.ZS,,,,,,,,,,,,,,,,,,,,,,,,,,,,,,,,,,,,,43.57934942,46.06596127,46.86886228,42.96342578,41.57723501,44.03410821,44.65804884,41.45935559,39.06266725,40.63709917,45.35591997,47.51843022,49.17628086,52.52128089,48.78315748,50.56908025,49.18419593,53.660519,60.74582952,62.04122132,62.98333371,
JPN,BG.GSR.NFSV.GD.ZS,,,,,,,,,,,,,,,,,,,,,,,,,,,,,,,,,,,,,4.098669623,4.395184636,4.35055559,3.892136155,3.840829034,4.085019222,4.30593589,4.30322671,4.873697473,5.067355356,5.534915771,6.206872309,6.352168887,5.288620323,5.25312866,5.139937129,5.185419242,5.940528484,7.349679947,7.786470484,7.257493899,
