MRT,TX.VAL.TRVL.ZS.WT,,,,,,,,,,,,,,,,42.95774648,49.43820225,30.55954089,29.81700753,23.75851996,26.93984307,23.32848837,27.34225621,34.44544635,40.5355494,33.92255892,48.9148581,56.19834711,52.20417633,57.05786912,64.72148541,65.04279131,78.67403315,54.69762419,64.99756928,57.86113328,81.62061472,83.79220779,82.6852053,,,,,,,,,,,,,,37.73820291,24.32118002,14.30477005,14.29857586,13.47347826,
MRT,TX.VAL.TRAN.ZS.WT,,,,,,,,,,,,,,,,34.48943662,40.91492777,60.73170732,61.33476857,69.46445959,59.45074106,71.29360465,62.01402167,49.95491434,48.7534626,54.96632997,44.99165275,37.3553719,30.04640371,27.04164413,35.27851459,34.95720869,21.32596685,16.68466523,10.40350024,9.098164405,2.856255821,2.779220779,2.585270476,,,,,,,,,,,,,,6.835993634,18.0632146,13.68775317,15.47392516,14.79983604,
MRT,TX.VAL.TECH.MF.ZS,,,,,,,,,,,,,,,,,,,,,,,,,,,,,,,,,,,,,,,,,,,,,,,,,,,,,,,,,0.002046525,
MRT,TX.VAL.TECH.CD,,,,,,,,,,,,,,,,,,,,,,,,,,,,,,,,,,,,,,,,,,,,,,,,,,,,,,,,,44,
MRT,TX.VAL.SERV.CD.WT,,,,,,,,,,,,,,,,13177354.9,13837602.52,15289418.6,20124559.98,22378384.27,24981441.79,28491070.66,30307615.54,20232918.78,16974034.79,15411558.67,16107563.03,24567419.41,22907001.21,22263428.5,14030691.36,18536634.97,10399101.43,15330385.54,16645761.68,19311336.87,23472969.53,25353411.19,24422229.2,,,,,,,,,,,,,,127800751.1,167530969.9,255315935.6,202499614,225663975.6,
MRT,TX.VAL.OTHR.ZS.WT,,,,,,,,,,,,,,,,21.47887324,9.149277689,8.321377331,8.826695371,6.718597858,13.60069747,5.377906977,10.64372212,15.59963931,10.710988,11.11111111,6.093489149,6.446280992,17.74941995,15.90048675,5.68434E-13,-1.7053E-13,4.68958E-13,28.61771058,24.59893048,33.04070231,15.52312946,13.42857143,14.72952422,,,,,,,,,,,,,,53.2133376,56.08654031,70.88256486,69.11407772,70.3694714,
MRT,TX.VAL.MRCH.XD.WD,,,,,,,,,,,,,,,,,,,,,54.19784039,72.76796309,65.14726839,81.25810306,81.56289736,104.4791299,97.52970836,119.4165624,98.85383302,122.1036088,124.7646974,122.5317722,118.624153,118.0659217,135.9293236,137.7064114,138.4580239,121.0459964,109.0754743,100.919703,100,100.191499,93.54120895,89.77835187,123.9836309,176.2975539,385.4144868,410.0730178,504.1585465,384.7184344,584.7911984,775.3031128,744.8324877,747.9461095,545.8427226,391.6165601,394.5517256,
MRT,TX.VAL.MRCH.WR.ZS,,,,7.142857143,3.050108932,,2.328966521,2.924380902,4.098497728,5.721226767,2.487678167,4.614425507,2.99367586,1.333107897,0.953589058,,,,,,,0.953588864,0.953588808,0.953588846,0.953589369,3.692287092,8.334559434,7.108916121,8.160392758,8.906645162,5.302070897,7.722389851,9.987519795,12.43490928,6.464482347,11.09442951,10.98655145,9.624312436,9.693507163,11.35436197,11.89066843,7.055965663,4.954254228,5.004212277,2.418592393,2.707122308,23.16224802,23.58194753,2.546639617,2.234646954,18.12837277,3.472959226,5.623632099,4.014443239,9.515998776,8.627606555,10.3350513,
MRT,TX.VAL.MRCH.WL.CD,,,2700000,15400000,45900000,,68700000,72323000,71758000,77798000,90084000,89827000,106892000,153776000,181315000,,,,,,,261163914,233406158,292051969,291023169,373400000,421390000,427843000,507616609,450944865,469132467,524289291,448051918,420057379,433813003,575279071,565659846,527115265,500103401,525264142,334665492,346719020,319977221,317417370,433926404,549380165,885576723,806635842,1165358255,982673749,723099010,2459079288,2624487349,2462264232,2013325837,1574405487,1630109993,
MRT,TX.VAL.MRCH.RS.ZS,,,51.85185185,5.844155844,3.267973856,,10.77147016,15.59669815,15.99542908,13.82040669,25.47400204,15.77699355,15.96845414,34.23160961,26.64920167,,,,,,,26.649202,26.64920177,26.64920229,26.64920125,35.95206213,22.6172904,22.94159306,21.61324473,20.76085865,32.26498732,21.68723755,9.920227593,5.713548244,8.773922113,6.957589111,7.020763853,0.856553263,1.029212157,1.035735274,0,0.019152973,0.019998924,0.046853139,0.498912023,0.181592286,0,0,0,0,0,0,0.021692427,0,0,0,5.39841E-06,
MRT,TX.VAL.MRCH.R6.ZS,,,,7.142857143,3.050108932,,2.328966521,2.924380902,4.098497728,5.721226767,2.487678167,4.614425507,2.99367586,1.333107897,0.953589058,,,,,,,0.953588864,0.953588808,0.953588846,0.953589369,3.692287092,8.334559434,7.108916121,8.160392758,8.906645162,5.302070897,7.722389851,9.987519795,12.43490928,6.464482347,11.09442951,10.98655145,9.624312436,9.693507163,11.35436197,11.89066843,7.055965663,4.954254228,5.004212277,2.418592393,2.707122308,23.16224802,23.58194753,2.546639617,2.234646954,18.12837277,3.472959226,5.623632099,4.014443239,9.515998776,8.627606555,10.3350513,
MRT,TX.VAL.MRCH.R5.ZS,,,,,,,,,,,,,,,,,,,,,,,,,,,,0.518180735,0.430644695,0.291121177,0.669920166,0.283950869,1.159097594,0.036659039,0.054040335,,,0.382367602,1.306641584,1.03001796,1.84198286,1.396794442,1.31587867,0.522818899,,0.445869938,,0.002276616,0.055992481,0.250645141,0.350091753,0.244654779,0.537190435,0.626232912,0.779815652,0.913758312,0.20520192,
MRT,TX.VAL.MRCH.R4.ZS,,,,0.649350649,,,,0.094022648,0.001393573,0.034705262,0.043292927,,,,,,,,,,,,,,,6.155597215,4.081966824,2.126714706,1.280801669,0.009297367,0.316186388,0.428204626,0.373274376,0.079825047,0.27288117,0.502314467,0.866507502,0.68943232,0.556338548,1.100316305,0.716749129,0.994025075,1.294391203,2.639149836,3.785455747,2.812987433,0.459531387,0.50634001,0.232742248,0.388277595,0.743007655,0.178939045,0.159604084,0.089655609,0.29297816,0.197114786,0.309640884,
MRT,TX.VAL.MRCH.R3.ZS,,,,,,,,0.959584088,0.420858998,0.169670171,,,,,,,,,,,,,,,,0.06695233,0.483162866,0.001402384,0.358779829,0.300244909,0.522898791,0.003123848,0.002063823,0.421491941,0.101492347,0.060386518,0.086317246,0.020602894,0.380436525,0.697855747,0.426690541,0.118008525,0.039126848,0.18727173,0.042774074,0.000565546,0.019345698,0.01186099,0.013398798,0.007161583,0.011623305,0.037348165,0.037835465,0.066922793,0.018176889,0.018851243,0.102527805,
MRT,TX.VAL.MRCH.R2.ZS,,,,,,,,,,,,,,,,,,,,,,,,,,2.707820032,3.092384727,3.508062537,5.198854319,2.688389189,1.195146018,,,0.021642043,0.140005485,0.075857618,0.335125785,1.680083767,2.384367508,2.644765155,2.955554199,3.521129011,2.643041268,1.897579833,0.737965694,1.345410605,0.961969729,1.026311697,1.840501057,2.086007388,5.237428412,2.066478346,1.826557595,2.029658489,3.601915381,4.310951122,6.002132827,
MRT,TX.VAL.MRCH.R1.ZS,,,,,,,,,,,,,,,,,,,,,,,,,,0.998660953,0.303044685,0.248221894,0.004282366,,0.027221096,0.017816309,0.117119017,0.284709913,0.839647723,0.533927124,0.785401515,1.280175599,1.419562232,3.052196546,1.598183896,1.232696435,0.884437646,2.239808426,2.880314239,1.544275629,16.61085168,8.027935734,10.8919122,23.61311485,19.29584138,37.20671979,44.48098031,50.92819644,35.43103222,30.37921882,38.04552114,
MRT,TX.VAL.MRCH.OR.ZS,,,,0.649350649,,,,1.053606736,0.422252571,0.204375434,0.043292927,,,,,,,,,,,,,,,9.92903053,7.960559102,6.402582256,7.273362878,3.289052643,2.731372459,0.733095653,1.651554809,0.844327984,1.408067061,1.172485727,2.073352048,4.052662182,6.047346397,8.525151713,7.539160626,7.262653488,6.176875635,7.486628725,7.446509754,6.149109151,18.0516985,9.574725047,13.03454679,26.34520656,25.63799251,39.73414012,47.04216789,53.74066625,40.1239183,35.81989428,44.66502458,
MRT,TX.VAL.MRCH.HI.ZS,,,48.14814815,86.36363636,93.68191721,,86.89956332,80.42531422,79.48382062,80.25399111,71.99502686,79.60858094,81.03787,64.43528249,72.39720928,,,,,,,72.39720913,72.39720942,72.39720887,72.39720938,50.42662025,61.08759107,63.54690856,62.95299963,67.04344355,59.70156932,69.85727694,78.4406978,81.00721449,83.35352848,80.77549566,79.91933265,85.46647212,83.22993428,79.08475104,80.57017095,85.66222788,88.84887121,87.46230586,89.63598583,90.96217626,58.78605348,66.84332743,84.41881359,71.42014648,56.23363473,56.79290065,47.31250758,42.24489052,50.36008292,55.55249916,44.99991873,
MRT,TX.VAL.MRCH.CD.WT,2000000,2000000,3000000,16000000,46000000,58000000,69000000,70000000,72000000,76000000,89000000,94000000,100000000,155000000,180000000,176000000,178000000,157000000,123000000,147000000,194000000,261000000,233000000,292000000,291000000,374000000,360000000,428000000,354000000,437000000,469000000,439000000,425000000,423000000,410000000,488266839,490931758,429194468,386749519,357832456,354570578,355249511,331669534,318328267,439609758,625100000,1366568000,1454000000,1787600000,1364100000,2073500000,2749000000,2640960000,2652000000,1935400000,1388558753,1398965999,
MRT,TX.VAL.MRCH.AL.ZS,,,,0.649350649,,,,0.070516986,0.001393573,0.034705262,0.043292927,,,,,,,,,,,,,,,6.239153723,4.097629275,2.126714706,1.280801669,0.009308012,0.316583077,0.428204626,0.373274376,0.079825047,0.338181426,0.502600068,0.869668058,0.690748351,0.623871782,1.154710843,0.729783338,1.013014227,1.331274766,2.675010507,3.80648489,2.836173927,0.469049704,0.525163498,0.247797876,0.411063286,0.818910401,0.180515489,2.961116579,2.603658542,3.302859665,2.782485539,0.936701086,
MRT,TX.VAL.MMTL.ZS.UN,,,0.012714997,68.21509043,94.33336031,93.70595601,92.78157828,89.0629537,89.69510315,,88.32032513,83.69852132,81.38253752,,,,,,,,,,,,,,,,,,,,,,,41.57968647,44.21457577,,,,45.72355243,58.94013178,61.91192674,57.90522551,59.82674947,68.58137778,,55.40772351,59.940566,12.90728943,30.43271439,8.797588726,58.27505646,75.01235888,59.5101516,,49.34443351,
MRT,TX.VAL.MANF.ZS.UN,,,52.51149917,20.8482867,0.423239032,0.985470796,0.874631867,2.463634421,1.978787694,,0.843423987,8.089828789,5.211316776,,,,,,,,,,,,,,,,,,,,,,,0.192829634,0.369336423,,,,0.000506699,,,,0.001690633,0.00049479,,0.013885103,0.007293307,0.000855411,0.004706242,0.013620107,0.001568606,0.015302028,0.037523611,,0.154053335,
MRT,TX.VAL.INSF.ZS.WT,,,,,,,,,,,,,,,,1.073943662,0.497592295,0.387374462,0.021528525,0.05842259,0.008718396,0,0,0,0,0,0,0,0,0,0,0,0,0,0,0,0,0,0,,,,,,,,,,,,,,2.212465852,1.529065074,1.124911918,1.11342126,1.357214302,
MRT,TX.VAL.ICTG.ZS.UN,,,,,,,,,,,,,,,,,,,,,,,,,,,,,,,,,,,,,,,,,,,,,,,,,,,,,,,,,,
MRT,TX.VAL.FUEL.ZS.UN,,,5.582889206,1.077443194,0.304044224,0.185156624,0.262863215,0.348602612,0.291013356,,0.074971396,0.000416422,0.002969671,,,,,,,,,,,,,,,,,,,,,,,0.519262063,0.079776149,,,,,,,,,,,25.74430086,21.67189584,17.87029426,0.001654652,5.055261862,14.96359644,2.96776472,3.262655801,,,
MRT,TX.VAL.FOOD.ZS.UN,,,31.78382782,8.007162336,3.171991309,4.183715411,4.619175231,5.810878453,5.563151083,,8.285037667,8.192995021,11.73367968,,,,,,,,,,,,,,,,,,,,,,,57.39832777,55.08009046,,,,20.7729492,23.77381711,23.22156016,29.78680211,32.86824602,24.75063887,,13.30406932,12.45131932,19.4103863,57.76219139,20.38118311,26.72080974,21.97967894,37.16963416,,45.06045529,
MRT,TX.VAL.AGRI.ZS.UN,,,6.253730989,1.848471206,1.767208132,0.939694214,1.460283783,2.312138335,2.419904436,,2.476072992,0.010059102,1.669226233,,,,,,,,,,,,,,,,,,,,,,,0.056335682,0.035178808,,,,0.000899924,0.001767324,0.003919488,0.004330848,0.021345216,0.003448255,,0.003351202,0.018594378,0.016631513,0.10238084,0.023959787,0.038968802,0.024895428,0.02003483,,0.027845931,
MRT,TX.QTY.MRCH.XD.WD,,,,,,,,,,,,,,,,,,,,,54.74529332,69.96919528,64.50224593,86.44479049,88.65532321,101.4360485,87.86460212,99.51380198,81.02773198,89.78206528,86.04461892,80.08612562,70.6096149,66.32916951,103.7628424,100.2713331,101.551555,80.87485124,78.70310523,94.70768349,100,102.7411055,99.14626568,92.21515664,117.3204352,121.0627583,229.9642887,225.4611735,199.4373578,182.4082223,203.1039875,232.2602544,250.1471713,248.1689326,205.2887025,180.0835417,178.7699502,
MRT,TT.PRI.MRCH.XD.WD,,,,,,,,,,,,,,,,,,,,,72.26277372,79.38931298,80.8,77.04918033,80.70175439,88.03418803,93.27731092,93.75,86.5248227,97.14285714,97.31543624,104.0816327,109.8039216,120.2702703,97.03703704,102.2058824,93.75,102.9411765,103.3333333,103.7735849,100,99.24921584,98.41884066,94.2795653,96.48741015,127.0157599,135.4044401,131.1695449,154.1588715,143.8858405,178.5388809,172.1368785,155.4905404,162.4975138,145.2488905,133.9078707,140.0062585,
MRT,TM.VAL.TRVL.ZS.WT,,,,,,,,,,,,,,,,18.77022654,16.33027523,25.33136966,25.13605442,20.97110515,15.16821897,13.88560823,15.03139717,12.37687366,10.9561753,8.579763957,8.99669967,12.25531915,11.39240506,16.35594849,18.31458457,19.28943119,19.63414634,11.8328198,11.03724069,11.64039834,17.19874969,26.40564451,32.80072108,,,,,,,,,,,,,,6.112416995,6.161025063,7.303430706,7.111664955,7.228839897,
MRT,TM.VAL.TRAN.ZS.WT,,,,,,,,,,,,,,,,61.52463143,72.49847095,53.40206186,46.44217687,53.22013703,65.90001901,72.38737979,60.75876504,62.66059957,58.32005312,66.02042169,60.95577558,54.66055646,56.38207182,51.74002178,76.9202684,75.99318141,71.29913917,55.25892058,57.95101225,61.51023289,64.68584273,54.34671346,37.43444772,,,,,,,,,,,,,,36.02202493,35.14444555,38.81234017,38.92421533,34.06793792,
MRT,TM.VAL.SERV.CD.WT,,,,,,,,,,,,,,,,64517999.97,72630754.8,59578279.67,63688058.49,73149207.39,114583579.1,122722802.2,147655457.7,170401678.5,165226477.2,195654148,203697479,206758860.3,205737822.9,187944756.8,125717971.9,136016677.7,160180634.1,166564804.4,161885494.6,196550262.6,207496386.6,180134340.2,129502014,,,,,,,,,,,,,,967914273.4,941170260,848747513.4,598845511.9,560524414.6,
MRT,TM.VAL.OTHR.ZS.WT,,,,,,,,,,,,,,,,14.45523193,4.892966361,16.45802651,24.08163265,21.7753947,15.45333587,10.07254935,21.15384615,22.53747323,28.57142857,23.57777483,27.92079208,31.14893617,30.28287264,30.23255814,1.677521216,2.15323883,6.327116212,30.47907763,28.84778805,25.41362817,18.11540758,19.24764203,29.7648312,,,,,,,,,,,,,,56.82072923,58.0022587,53.4168069,52.51878637,57.10445498,
MRT,TM.VAL.MRCH.XD.WD,,,,,,,,,,,,,,,,,,,,,88.08150732,81.66542284,85.01620231,69.91071953,63.99745235,71.99690268,68.1306661,72.56908473,73.85156173,68.53144017,67.92041386,123.0391792,142.2045033,123.4291632,124.23996,94.9621534,99.12329756,95.35096719,87.92937944,84.86004025,100,102.4310769,94.93000911,119.3466784,203.2956702,314.3975588,256.9341394,315.2782242,427.3869336,329.7651706,426.0879521,543.245076,688.9005332,670.1863928,582.6262324,428.8841155,429.5281665,
MRT,TM.VAL.MRCH.WR.ZS,,,,,0.613496933,,3.913043478,2.97155184,3.844410448,5.837428609,7.716132266,5.228020537,7.040983144,6.164152656,6.944988294,,,,,,,6.944988439,6.944988167,6.944988392,6.944988163,7.984991765,5.858481067,4.192165581,1.33439466,0.63595389,0.512443731,1.317470546,4.021678199,3.088526646,2.092135929,5.884995134,4.03777526,3.850858806,5.241553344,6.266614086,1.812509503,2.954519403,2.028191691,2.80196213,0.976176071,1.237272566,5.353876744,6.240872298,6.090074107,4.558032507,4.310930109,4.355143971,3.933141199,2.357989589,2.44524925,1.804007549,2.05265639,
MRT,TM.VAL.MRCH.WL.CD,,,35700000,29900000,16300000,,23000000,37085000,35298000,45174000,55857000,62911000,70956000,115685000,120029000,,,,,,,264899937,275768706,226770703,207590433,242267000,294957000,381879000,446884807,351275939,388115198,480505543,600171814,574146544,556929970,654100167,612336755,632551003,586389873,603491654,354438914,374392735,355807887,387070649,1340682935,1341822041,1073858827,1431164519,1638324793,1338604692,1727750256,2453850819,2972562211,3980152561,3644436943,2255762623,2175244976,
MRT,TM.VAL.MRCH.RS.ZS,,,6.722689076,3.010033445,4.90797546,,2.173913043,3.117163274,5.799195422,10.67428167,31.6862703,25.08464339,15.77879249,10.55106539,27.01930367,,,,,,,27.01930352,27.019304,27.01930372,27.01930344,13.97961753,9.991286866,6.343108681,11.09819941,6.303116878,13.04277036,14.21806678,8.434046021,8.776876657,12.90005313,13.08711025,12.57857827,6.510800521,8.006602802,8.222915209,22.23854602,21.6287378,19.97054495,17.20428329,9.875835557,33.64522099,27.85262657,19.81333119,11.66409248,5.951602028,3.883382437,0.006877272,0.066395213,0.087583502,0.117979898,0.607342584,0.625589216,
MRT,TM.VAL.MRCH.R6.ZS,,,,,0.613496933,,3.913043478,2.97155184,3.844410448,5.837428609,7.716132266,5.228020537,7.040983144,6.164152656,6.944988294,,,,,,,6.944988439,6.944988167,6.944988392,6.944988163,7.984991765,5.858481067,4.192165581,1.33439466,0.63595389,0.512443731,1.317470546,4.021678199,3.088526646,2.092135929,5.884995134,4.03777526,3.850858806,5.241553344,6.266614086,1.812509503,2.954519403,2.028191691,2.80196213,0.976176071,1.237272566,5.353876744,6.240872298,6.090074107,4.558032507,4.310930109,4.355143971,3.933141199,2.357989589,2.44524925,1.804007549,2.05265639,
MRT,TM.VAL.MRCH.R5.ZS,,,,,,,,,,,,,,,,,,,,,,,,,,1.440559383,0.945222524,0.634232309,1.303752535,0.483796586,0.474391111,1.167230864,1.717038315,2.038638066,2.236907811,1.180216638,1.651235193,3.524200087,3.671049926,2.605898838,0.06367416,0.174274215,0.223928145,0.338195883,0.280878417,0.253897678,0.521729473,0.655655019,0.59060078,0.491197965,0.714788203,0.570908178,0.867075814,1.030395176,1.400358239,0.994169678,1.103631557,
MRT,TM.VAL.MRCH.R4.ZS,,,,,1.840490798,,0.434782609,2.73965215,1.903790583,1.044848807,0.028644575,,,,,,,,,,,,,,,0.277792683,0.560081639,14.87932041,0.601449402,4.147270104,6.21288837,8.671837528,4.417776607,7.583334683,4.938035926,4.769094181,1.855798122,11.08920082,6.536440646,3.707955172,3.698132028,5.323608376,6.052150272,3.384549832,2.433626188,2.192404142,2.540856611,3.028866243,2.769309126,2.356359289,3.319444162,2.817350691,3.529756774,3.192614656,4.339801085,6.540560319,7.157854665,
MRT,TM.VAL.MRCH.R3.ZS,,,,0.334448161,1.840490798,,0.434782609,0.46379938,0.01699813,0.068623545,,,,,,,,,,,,,,,,0.026829903,0.337676339,0.742119886,0.53045952,1.529076547,1.015685039,1.331456441,0.345964931,2.689271435,0.423135785,0.541640589,0.810765475,0.467110792,1.19350714,1.505935988,0.538767309,0.272190645,1.273385489,1.453360521,2.494205761,3.132079867,6.002649266,6.602004015,4.615976778,5.283677879,3.191237206,2.118236716,3.059151518,2.933677547,2.384360996,1.842575924,1.668862744,
MRT,TM.VAL.MRCH.R2.ZS,,,,,,,,,,,,,,,,,,,,,,,,,,0.05283427,0.289194696,0.172567751,0.195359069,0.182112103,0.225762094,0.938594792,1.612871477,3.218690453,0.199229716,0.073826613,0.292351388,0.319452501,1.054810167,2.389913084,0.973909992,1.852891991,3.450289172,3.312720567,2.598328664,0.611949778,1.111533164,1.195547386,11.55683585,8.072464832,3.296752803,2.708119764,3.662456806,3.062584841,3.026743547,4.811550466,4.168728672,
MRT,TM.VAL.MRCH.R1.ZS,,,,,,,4.782608696,6.981259269,11.357584,8.841368929,1.032994969,1.586368044,5.149670218,4.178588408,2.539386315,,,,,,,2.53938641,2.539386394,2.539386228,2.539386292,12.9732898,7.447187217,7.208566064,10.13085303,10.83486535,7.575122838,5.205273771,7.2374775,4.949716635,10.51450203,10.16820196,10.95818803,9.103673495,4.230896566,6.896702668,4.338323303,3.681921873,2.003822923,3.085406509,2.471611977,3.231026967,7.206727091,8.655876061,11.02413201,16.49169373,9.64397623,7.260090574,7.887336895,5.569650751,7.641820187,15.84092219,16.51751081,
MRT,TM.VAL.MRCH.OR.ZS,,,,0.334448161,3.680981595,,5.652173913,10.1847108,13.27837271,9.95484128,1.061639544,1.586368044,5.149670218,4.178588408,2.539386315,,,,,,,2.53938641,2.539386394,2.539386228,2.539386292,14.77130604,9.579362416,23.63680642,12.76187355,17.17712069,15.50384945,17.3143934,15.33112883,20.47965127,18.31181127,16.73297998,15.56833821,24.50363769,16.68670444,17.10640575,9.612806792,11.3048871,13.003576,11.57423331,10.27865101,9.421358432,17.38349561,20.13794872,30.55685455,32.69539369,20.1661986,15.47470592,19.00577781,15.78892297,18.79308405,30.02977858,30.61658845,
MRT,TM.VAL.MRCH.HI.ZS,,,93.27731092,96.65551839,90.79754601,,88.26086957,83.72657409,77.07802142,73.53344844,59.53595789,68.10096803,72.03055415,79.10619354,63.49632172,,,,,,,63.49632163,63.49632144,63.49632166,63.49632211,63.26408467,74.57086965,65.82791931,74.80553238,75.88380854,70.94093646,67.15006928,72.21314695,67.65494542,66.69599968,64.29491463,67.81530826,65.13470298,70.06513941,68.40406495,66.33613768,64.1118557,64.99768736,68.41952126,78.86933736,55.69614801,49.41000108,53.80784779,51.68897887,56.79497177,71.63948885,80.16327284,76.99468578,81.76550394,78.6436868,67.55887129,66.70516595,
MRT,TM.VAL.MRCH.CD.WT,24000000,31000000,36000000,30000000,16000000,24000000,23000000,37000000,35000000,42000000,56000000,57000000,69000000,128000000,120000000,161000000,179000000,207000000,181000000,259000000,286000000,265000000,276000000,227000000,208000000,234000000,221000000,235000000,240000000,222000000,388000000,425000000,407000000,445000000,362000000,431320474,450219574,433085897,399377125,385436044,454201806,465243715,431174074,542075092,923373457,1428000000,1167000000,1432000000,1941200000,1497800000,1935300000,2467430000,3129000000,3044000000,2646300000,1948000230,1950925523,
MRT,TM.VAL.MRCH.AL.ZS,,,,,0.613496933,,3.043478261,1.852501011,2.124766276,1.044848807,0.028644575,,,,,,,,,,,,,,,0.340120611,0.734344328,14.8950322,0.657460033,4.221555864,6.572178604,8.733344206,4.501415656,7.651737951,5.034710917,5.223885228,2.553555355,11.4236382,7.043877103,4.224975579,4.368259914,6.513067621,8.358203988,5.342497566,3.266277645,3.214065702,5.054734071,5.580943207,4.405302008,4.244394879,15.68929856,29.06282837,27.37779852,22.69620295,23.14353965,18.34343569,19.32858573,
MRT,TM.VAL.MMTL.ZS.UN,,,0.356909338,0.191142881,0.29395976,0.814972086,0.498744802,0.652017488,1.07829667,,0.658613862,0.44612428,0.407429788,,,,,,,,,,,,,,,,,,,,,,,0.331288803,0.143023249,,,,0.274131132,0.372359172,0.400566795,0.170635543,0.075840341,0.286383602,0.287456056,0.241403865,0.222696958,0.260066505,0.205094397,0.263411738,0.220639499,0.16325137,0.235481358,,0.291455319,
MRT,TM.VAL.MANF.ZS.UN,,,89.94727615,91.15717598,82.78735396,85.50448941,78.83964503,77.94193754,65.15896492,,67.35864639,65.94455126,69.91887561,,,,,,,,,,,,,,,,,,,,,,,53.34510155,43.50607749,,,,40.90098788,56.89266991,55.2129067,58.00637472,82.46183903,79.22106328,47.07848065,43.19314877,35.94557584,50.04236552,52.88637424,57.04543305,57.55606946,68.43623685,66.82182977,,61.65484944,
MRT,TM.VAL.INSF.ZS.WT,,,,,,,,,,,,,,,,5.249910104,6.278287462,4.808541973,4.340136054,4.033363122,3.478426155,3.654462629,3.055991627,2.425053533,2.152343009,1.822039517,2.126732673,1.935188216,1.942650478,1.671471587,3.087625814,2.564148573,2.739598278,2.42918199,2.16395901,1.43574061,0,0,0,,,,,,,,,,,,,,1.044828845,0.692270693,0.46742222,1.445333347,1.598767195,
MRT,TM.VAL.ICTG.ZS.UN,,,,,,,,,,,,,,,,,,,,,,,,,,,,,,,,,,,,,,,,,3.383267548,7.564244529,4.518080093,1.845198761,0.945709469,1.437001929,1.600719231,2.144865912,1.395261973,1.383122398,0.944186507,1.427962046,1.237261035,0.712578352,0.787692616,,,
MRT,TM.VAL.FUEL.ZS.UN,,,2.633578614,2.813558471,6.839365718,4.437240455,5.720233907,3.65503981,7.410246269,,7.738607252,6.452593961,6.148143433,,,,,,,,,,,,,,,,,,,,,,,22.031066,29.24079259,,,,22.98588271,23.96059936,22.08736272,16.50125245,6.353993694,10.0103604,26.90634311,30.53304613,34.99351692,20.0893049,26.42723349,27.73330204,26.57709998,20.08829082,20.58707802,,19.54568439,
MRT,TM.VAL.FOOD.ZS.UN,,,5.981326503,4.974370098,8.267787736,8.698145871,14.28446657,17.1442931,25.69810929,,23.4131524,24.01169466,22.62821696,,,,,,,,,,,,,,,,,,,,,,,23.63880505,26.21102666,,,,18.68301381,18.36706937,21.84877558,24.43963612,10.77713142,10.22543367,25.02932892,25.4755623,28.2297718,29.07036084,19.39868691,14.47368055,15.23171718,11.01687409,12.04756542,,18.15572151,
MRT,TM.VAL.AGRI.ZS.UN,,,0.657156339,0.831542458,1.81115089,0.466423206,0.644067301,0.543857596,0.6312402,,0.802812758,3.098354618,0.633630453,,,,,,,,,,,,,,,,,,,,,,,0.617418307,0.697078541,,,,0.333090725,0.346003413,0.30300224,0.688177952,0.256050192,0.234676555,0.610173808,0.484866358,0.526502608,0.475051539,0.498059434,0.473576814,0.410459467,0.289663181,0.296456328,,0.31733471,
MRT,TM.TAX.TCOM.WM.FN.ZS,,,,,,,,,,,,,,,,,,,,,,,,,,,,,,,,,,,,,,,,,,9.95,,,,,9.26,9.03,9.58,9.51,9.19,9.12,,,8.86,8.86,,
MRT,TM.TAX.TCOM.WM.AR.ZS,,,,,,,,,,,,,,,,,,,,,,,,,,,,,,,,,,,,,,,,,,9.95,,,,,9.26,9.03,9.58,9.51,9.19,9.12,,,8.86,8.86,,
MRT,TM.TAX.TCOM.SR.ZS,,,,,,,,,,,,,,,,,,,,,,,,,,,,,,,,,,,,,,,,,,0,,,,,2.73003,0,0,0,0,0,,,0,0,,
MRT,TM.TAX.TCOM.SM.FN.ZS,,,,,,,,,,,,,,,,,,,,,,,,,,,,,,,,,,,,,,,,,,10.99,,,,,10.86,10.06,10.09,10.09,10.09,10.09,,,11.52,11.52,,
MRT,TM.TAX.TCOM.SM.AR.ZS,,,,,,,,,,,,,,,,,,,,,,,,,,,,,,,,,,,,,,,,,,12.61,,,,,11.56,11.03,10.43,10.86,10.66,10.86,,,11.93,11.93,,
MRT,TM.TAX.TCOM.IP.ZS,,,,,,,,,,,,,,,,,,,,,,,,,,,,,,,,,,,,,,,,,,45.03765,,,,,43.27604,38.03526,35.01134,38.17928,37.98608,41.00749,,,37.27883,37.27883,,
MRT,TM.TAX.TCOM.BR.ZS,,,,,,,,,,,,,,,,,,,,,,,,,,,,,,,,,,,,,,,,,,37.2,,,,,37.2,37.2,37.2,37.2,37.2,37.2,,,37.39,37.39,,
MRT,TM.TAX.TCOM.BC.ZS,,,,,,,,,,,,,,,,,,,,,,,,,,,,,,,,,,,,,,,,,,58.24,,,,,58.24,58.24,58.24,58.24,58.24,58.24,,,58.48,58.48,,
MRT,TM.TAX.MRCH.WM.FN.ZS,,,,,,,,,,,,,,,,,,,,,,,,,,,,,,,,,,,,,,,,,,9.92,,,,,9.9,9.46,9.29,8.68,7.94,8.05,,,8.62,8.67,,
MRT,TM.TAX.MRCH.WM.AR.ZS,,,,,,,,,,,,,,,,,,,,,,,,,,,,,,,,,,,,,,,,,,9.92,,,,,9.9,9.46,9.29,8.68,7.94,8.05,,,8.62,8.67,,
MRT,TM.TAX.MRCH.SR.ZS,,,,,,,,,,,,,,,,,,,,,,,,,,,,,,,,,,,,,,,,,,0,,,,,4.263164,0,0,0,0,0,,,0.0646621,0.0646621,,
MRT,TM.TAX.MRCH.SM.FN.ZS,,,,,,,,,,,,,,,,,,,,,,,,,,,,,,,,,,,,,,,,,,10.88,,,,,10.75,11.85,9.63,9.63,9.63,9.63,,,12.02,12.02,,
MRT,TM.TAX.MRCH.SM.AR.ZS,,,,,,,,,,,,,,,,,,,,,,,,,,,,,,,,,,,,,,,,,,12.83,,,,,11.48,12.38,9.44,9.57,9.45,9.36,,,12.34,12.38,,
MRT,TM.TAX.MRCH.IP.ZS,,,,,,,,,,,,,,,,,,,,,,,,,,,,,,,,,,,,,,,,,,51.17855,,,,,44.49821,47.05882,31.57777,33.57544,32.25525,33.05915,,,40.39228,40.39228,,
MRT,TM.TAX.MRCH.BR.ZS,,,,,,,,,,,,,,,,,,,,,,,,,,,,,,,,,,,,,,,,,,19.27,,,,,19.27,19.27,19.27,19.27,19.27,19.27,,,20.82,20.82,,
MRT,TM.TAX.MRCH.BC.ZS,,,,,,,,,,,,,,,,,,,,,,,,,,,,,,,,,,,,,,,,,,41.17,,,,,41.17,41.17,41.17,41.17,41.17,41.17,,,40.55,40.55,,
MRT,TM.TAX.MANF.WM.FN.ZS,,,,,,,,,,,,,,,,,,,,,,,,,,,,,,,,,,,,,,,,,,9.89,,,,,10.67,10.02,8.77,7.86,6.85,7.24,,,8.46,8.55,,
MRT,TM.TAX.MANF.WM.AR.ZS,,,,,,,,,,,,,,,,,,,,,,,,,,,,,,,,,,,,,,,,,,9.89,,,,,10.67,10.02,8.77,7.86,6.85,7.24,,,8.46,8.55,,
MRT,TM.TAX.MANF.SR.ZS,,,,,,,,,,,,,,,,,,,,,,,,,,,,,,,,,,,,,,,,,,0,,,,,4.715714,0,0,0,0,0,,,0.0785546,0.0785546,,
MRT,TM.TAX.MANF.SM.FN.ZS,,,,,,,,,,,,,,,,,,,,,,,,,,,,,,,,,,,,,,,,,,10.84,,,,,10.71,12.35,9.48,9.48,9.48,9.48,,,12.15,12.15,,
MRT,TM.TAX.MANF.SM.AR.ZS,,,,,,,,,,,,,,,,,,,,,,,,,,,,,,,,,,,,,,,,,,12.88,,,,,11.46,12.66,9.21,9.27,9.19,9.08,,,12.41,12.45,,
MRT,TM.TAX.MANF.IP.ZS,,,,,,,,,,,,,,,,,,,,,,,,,,,,,,,,,,,,,,,,,,53.02548,,,,,44.85897,49.93969,30.44834,32.14595,30.48223,30.92863,,,41.04478,41.04478,,
MRT,TM.TAX.MANF.BR.ZS,,,,,,,,,,,,,,,,,,,,,,,,,,,,,,,,,,,,,,,,,,10.91,,,,,10.91,10.91,10.91,10.91,10.91,10.91,,,10.99,10.99,,
MRT,TM.TAX.MANF.BC.ZS,,,,,,,,,,,,,,,,,,,,,,,,,,,,,,,,,,,,,,,,,,36.36,,,,,36.36,36.36,36.36,36.36,36.36,36.36,,,34.31,34.31,,
MRT,TM.QTY.MRCH.XD.WD,,,,,,,,,,,,,,,,,,,,,64.29307104,62.34001743,68.01296184,57.30386846,56.1381161,61.53581425,57.25266059,56.69459744,52.37699414,48.95102869,45.58417038,83.70012194,92.9441198,83.39808327,92.0296,111.9715697,99.07036091,99.2694504,92.14370068,88.84179345,100,104.2490685,99.02734836,115.5735857,185.6128731,274.2212169,207.5807536,227.3723006,260.6328428,224.9698176,264.2102641,280.1386888,359.7472467,361.3428219,318.2734293,264.0943079,272.4768878,
MRT,TG.VAL.TOTL.GD.ZS,28.0749576,30.63322177,35.0881658,40.4227315,40.81708749,47.46270918,51.01456496,55.95596968,50.78426478,59.10537171,69.26257922,66.50486606,63.771324,84.79861282,72.32883258,70.81073877,68.07677349,67.32818587,55.83876944,63.03659074,67.69702935,70.32135559,67.84727042,65.8318782,68.64415758,88.99377078,72.36351923,72.87151269,62.04449085,67.14011823,84.05250611,59.84668982,56.81537208,69.44305553,58.66561658,64.97487844,65.24000801,61.50592392,57.1680433,52.87672536,62.51843804,63.33216847,57.59802802,55.04556316,74.34002154,93.98726642,83.32140963,85.97582645,93.72551134,77.96997902,92.29072524,100.7093062,110.4185821,99.50688216,84.98045089,68.87707089,70.68327431,
MRT,ST.INT.XPND.MP.ZS,,,,,,,,,,,,,,,,,,,,,,,,,,,,,,,,,,,,5.887588282,7.101046755,10.26297713,9.974512067,,,,,,,,,,,,,,2.436380088,2.596606754,3.154279026,2.819895847,2.953562817,
MRT,ST.INT.XPND.CD,,,,,,,,,,,,,,,,,,,,,,,,,,,,,,,,,,,,30000000,41000000,53000000,47000000,55000000,,,,,,,,,,,,,101000000,105000000,112000000,73000000,74000000,
MRT,ST.INT.TVLX.CD,,,,,,,,,,,,,,,,,,,,,,,,,,,,,,,,,,,,23000000,36000000,48000000,42000000,55000000,,,,,,,,,,,,,59000000,58000000,62000000,43000000,41000000,
MRT,ST.INT.TVLR.CD,,,,,,,,,,,,,,,,,,,,,,,,,,,,,,,,,,,,11000000,19000000,21000000,20000000,28000000,,,,,,,,,,,,,48000000,41000000,37000000,29000000,30000000,
MRT,ST.INT.TRNX.CD,,,,,,,,,,,,,,,,,,,,,,,,,,,,,,,,,,,,7000000,5000000,5000000,5000000,,,,,,,,,,,,,,42000000,47000000,50000000,30000000,33000000,
MRT,ST.INT.TRNR.CD,,,,,,,,,,,,,,,,,,,,,,,,,,,,,,,,,,,,,,,,,,,,,,,,,,,,,2000000,9000000,5000000,2000000,3000000,
MRT,ST.INT.RCPT.XP.ZS,,,,,,,,,,,,,,,,,,,,,,,,,,,,,,,,,,,,2.181313672,3.713870925,4.579873329,5.094079119,,,,,,,,,,,,,,1.794608188,1.761981536,1.894557339,1.896329593,1.975325933,
MRT,ST.INT.RCPT.CD,,,,,,,,,,,,,,,,,,,,,,,,,,,,,,,,,,,,11000000,19000000,21000000,20000000,28000000,,,,,,,,,,,,,50000000,50000000,42000000,31000000,33000000,
MRT,ST.INT.DPRT,,,,,,,,,,,,,,,,,,,,,,,,,,,,,,,,,,,,,,,,,,,,,,,,,,,,,,,,,,
MRT,ST.INT.ARVL,,,,,,,,,,,,,,,,,,,,,,,,,,,,,,,,,,,,,,,,24000,30000,,,,,,,,,,,,,,,,,
MRT,NY.EXP.CAPM.KN,15772708124,17246057941,17780980931,30987776244,70086842909,75877943378,79618786041,85998181345,86753377118,81824419909,87834810253,89319740582,75712752081,72768749272,97285089982,84006188136,98177538482,78376459702,71921082405,72559963691,73135232196,98311633005,92082835433,1.13554E+11,1.11489E+11,1.33961E+11,1.45121E+11,1.33189E+11,1.3107E+11,1.33778E+11,1.19981E+11,1.14834E+11,1.12034E+11,1.16439E+11,1.1223E+11,1.38031E+11,1.35058E+11,1.15199E+11,97799393618,97398576025,1.07635E+11,1.12835E+11,1.13503E+11,97765311812,1.24621E+11,1.5283E+11,2.99284E+11,2.87176E+11,2.86027E+11,2.82545E+11,3.86515E+11,4.77249E+11,4.63616E+11,4.58513E+11,3.35345E+11,2.9534E+11,,
MRT,NE.TRD.GNFS.ZS,38.25528135,41.38739576,45.62209819,54.74161191,66.16373587,63.81658948,64.05176,64.90572103,59.94638858,62.34659528,65.77366323,64.82726161,97.43089799,93.17329027,107.5843328,98.83814614,115.8397999,106.3538793,98.21233209,92.97309469,103.4795779,120.0117877,124.7676048,122.0400628,118.7249567,140.6969623,135.4662417,115.673946,113.297072,106.5728974,106.3735874,75.68439496,57.11706169,61.98727711,84.29580351,98.56840972,94.71406312,84.63170944,69.85052923,63.85573351,75.26462263,76.02748881,70.60546353,68.26191005,92.2583388,113.2047887,98.44056192,103.0068992,112.9884223,97.70188818,111.9202066,118.6199257,132.4938857,121.8671865,104.9257413,109.3648982,100.5284089,
MRT,NE.RSB.GNFS.ZS,-7.727956448,-12.70699898,-16.55303778,-4.345025157,20.91389374,20.57340055,21.94455601,18.30906828,16.0579387,15.33430813,15.85112161,15.61341255,-0.981164391,0.493312499,-10.99249263,-21.95740481,-39.95011376,-40.79373188,-31.47889742,-26.60197305,-29.83327299,-29.87887059,-44.63864635,-30.56568836,-27.55046424,-20.87908476,-23.15974389,-17.49534244,-12.76013167,-6.908103894,-15.08977484,-6.19804585,-0.671513988,1.999589597,3.253041059,6.103947406,4.097126831,-0.381938761,-8.138862235,-9.378075518,-15.34177793,-17.23244655,-13.92892741,-25.36267961,-40.9595007,-51.75645482,-5.041528082,-13.2609806,-21.09259547,-15.81732849,-10.43081428,-6.354099176,-26.44598326,-22.21439894,-26.63008861,-35.1557093,-26.22746661,
MRT,NE.RSB.GNFS.CD,-7156800.396,-13688764.75,-18398467.37,-4944523.782,31767612.34,35544090.81,39574955.79,35010925.86,33833303.46,30613940.96,33184046.26,35450417.91,-2600177.819,1646341.05,-45593820.21,-104498915.7,-209501565.4,-220545351.3,-171378863,-171335424.9,-211530272,-223492363,-334885557.6,-240971284.6,-200274606.6,-142644630.4,-185947440.7,-159176221.4,-122162630.6,-67805070.74,-153855460.6,-89480498.09,-9833599.917,24993770.18,42807829.25,86388966.46,59105087.38,-5354578.441,-111918758.9,-131824126.3,-198469550.7,-223253142.9,-184478420.7,-396437668.7,-750969811.3,-1130591211,-153298585.3,-445138960.5,-839153276.9,-580577460.3,-453079637.1,-329122648.2,-1381943715,-1271602663,-1435754644,-1703020993,-1242997992,
MRT,NE.IMP.GNFS.ZS,22.9916189,27.04719737,31.08756799,29.54331854,22.62492106,21.62159447,21.05360199,23.29832638,21.94422494,23.50614358,24.96127081,24.60692453,49.20603119,46.33998888,59.2884127,60.39777547,77.89495685,73.57380559,64.84561475,59.78753387,66.65642543,74.94532914,84.70312557,76.30287557,73.13771045,80.78802351,79.31299281,66.58464423,63.02860183,56.74050064,60.7316811,40.9412204,28.89428784,29.99384376,40.52138123,46.23223116,45.30846814,42.5068241,38.99469573,36.61690452,45.30320028,46.62996768,42.26719547,46.81229483,66.60891975,82.48062176,51.741045,58.13393991,67.04050889,56.75960833,61.17551042,62.48701245,79.46993449,72.04079274,65.77791495,72.26030374,63.37793776,
MRT,NE.IMP.GNFS.KD.ZG,,36.91148651,16.91884436,-4.470590137,0.246312656,6.756754226,0.265097442,23.52400399,4.029100398,-1.148847969,8.482892956,1.722676476,41.36999711,-6.797034876,65.86685179,10.51952024,52.69473547,-12.71688889,-20.54441902,-6.473390495,1.271947938,23.49470901,19.07554228,-2.690214915,-5.58228446,0.995874239,13.46679875,-11.86357163,-9.031812899,-7.312553213,4.808840884,-15.23852461,-15.23852465,-4.828700118,-4.828699969,17.36663774,1.579086274,-6.147611826,6.325204209,5.935467167,24.30116396,9.970506912,-5.410751102,26.03356311,51.6773994,26.77518633,-19.17860973,12.198351,12.17237075,-6.141093541,18.95947588,14.01538797,30.78921734,-4.592620028,-15.00488525,2.077244506,,
MRT,NE.IMP.GNFS.KD,135486938.6,185497181.6,216881161.1,207185293.3,207695616.9,221729099.2,222316897.4,274614733.2,285679236.5,282397216.4,306352670,311630135.4,440551513.4,410607073.4,681061025.9,752705378.3,1149341486,1003181007,797083297.1,745484982.7,754967163.5,932344501.7,1110194271,1080327660,1020020696,1030178820,1168910928,1030236343,937187324,868655002.3,910427239.1,771691560.3,654097151.7,622512761.7,592453488.2,695342739.3,706322801,662900817,704830647.4,746665639,928114080.2,1020651759,965426832.5,1216761836,1845552710,2339702887,1890980401,2121648828,2379903789,2233751671,2657259281,3029684478,3962500617,3780518020,3213255629,3280002806,,
MRT,NE.IMP.GNFS.CD,21292359.55,29136912.85,34553392.11,33619515.61,34366614.38,37355026.23,37968203.49,44551473.9,46235425.06,46928474.72,52255984.52,55870281.75,130400605.6,154651313.5,245911943.8,287442988,408487332.3,397766030.5,353035482,385073787.5,472621686.9,560587076.3,635455054.3,601550396.2,531665312.9,551938836.4,636796680.3,605800778.6,603421657.2,556924695.7,619220688.5,591063842.2,423125759.8,374906550.2,533234083.8,654323243.8,653619250.6,595923082.8,536222118.5,514710234.2,586066741.9,604109626,559797982.7,731711211.6,1221237736,1801743693,1573298585,1951415386,2667156956,2083370101,2657259281,3236633620,4152728049,4123778642,3546400023,3500450331,3003669799,
MRT,NE.EXP.GNFS.ZS,15.26366245,14.34019839,14.5345302,25.19829338,43.53881481,42.19499502,42.99815801,41.60739466,38.00216364,38.84045171,40.81239242,40.22033708,48.2248668,46.83330138,48.29592008,38.44037067,37.94484308,32.78007371,33.36671733,33.18556082,36.82315245,45.06645854,40.06447922,45.7371872,45.58724621,59.90893874,56.15324892,49.08930179,50.26847015,49.83239674,45.64190626,34.74317455,28.22277385,31.99343335,43.77442229,52.33617856,49.40559497,42.12488534,30.8558335,27.238829,29.96142235,29.39752113,28.33826806,21.44961522,25.64941905,30.72416694,46.69951692,44.87295931,45.94791342,40.94227984,50.74469613,56.13291328,53.02395123,49.8263938,39.14782634,37.10459444,37.15047114,
MRT,NE.EXP.GNFS.KD.ZG,,8.461536606,3.546103784,88.35616325,130.9090826,6.141734303,6.692315241,6.22863211,3.426881001,2.342066395,4.413734739,1.57392508,27.65999849,-7.636118416,9.496778434,-26.99900474,8.920715289,-5.189946163,8.062708426,13.84877462,5.354466941,23.07803051,-8.247061403,29.74137728,-6.571232586,10.30628158,2.285860449,-8.582688667,6.575545018,-9.107431153,-10.97096955,6.300078796,-3.555365742,-3.896941152,4.92591557,3.966434178,-1.041479055,-16.48231945,-8.069654344,2.111485797,4.043691378,5.805588859,-9.418900269,-20.66590218,25.9663203,0.004012165,63.54131562,-3.660182028,-1.712956533,2.185423229,3.241763423,-0.101762229,5.960511044,1.200149089,2.712404209,9.359041326,,
MRT,NE.EXP.GNFS.KD,160228587.7,173786388.3,179949034,338945096.2,782655012.3,830723603.6,886318246,941523748.8,973788647.3,996595424,1040582502,1056960491,1349315747,1246280399,1364636887,996198509.3,1085066542,1028752173,1111697461,1265653937,1333422958,1641150715,1505804008,1953650859,1825271917,2013389581,2059412857,1882659863,2006455010,1823718501,1623638900,1725929430,1664566326,1599699156,1678498986,1745075543,1726900947,1442267616,1325881605,1353877407,1408624031,1490402950,1350023383,1071028871,1349135658,1349189788,2206482729,2125721445,2089308760,2134968999,2204179644,2201936621,2333183297,2361184975,2425229855,2652208120,,
MRT,NE.EXP.GNFS.CD,14135559.15,15448148.1,16154924.74,28674991.83,66134226.72,72899117.04,77543159.28,79562399.76,80068728.52,77542415.67,85440030.78,91320699.66,127800427.8,156297654.5,200318123.6,182944072.3,198985766.9,177220679.2,181656619.1,213738362.7,261091414.9,337094713.2,300569496.7,360579111.6,331390706.2,409294206.1,450849239.7,446624557.2,481259026.6,489119625,465365228,501583344.1,413292159.9,399900320.3,576041913,740712210.3,712724337.9,590568504.4,424303359.6,382886107.8,387597191.2,380856483.1,375319562,335273542.9,470267924.5,671152482.2,1420000000,1506276426,1828003679,1502792641,2204179644,2907510972,2770784334,2852175979,2110645379,1797429337,1760671807,
MRT,MS.MIL.XPRT.KD,,,,,,,,,,,,,,,,,,,,,,,,,,,,,,,,,,,,,,,,,,,,,,,,,,,,,,,,,,
MRT,MS.MIL.MPRT.KD,2000000,1000000,1000000,6000000,1000000,1000000,,,,,11000000,13000000,,1000000,5000000,5000000,10000000,24000000,17000000,24000000,,19000000,16000000,,0,3000000,,,,8000000,16000000,18000000,,,16000000,3000000,3000000,8000000,4000000,,31000000,,27000000,7000000,,,,,,,9000000,5000000,11000000,10000000,7000000,,34000000,
MRT,LP.LPI.TRAC.XQ,,,,,,,,,,,,,,,,,,,,,,,,,,,,,,,,,,,,,,,,,,,,,,,,2.8,,,,,2.28,,2.225,,1.542857,
MRT,LP.LPI.TIME.XQ,,,,,,,,,,,,,,,,,,,,,,,,,,,,,,,,,,,,,,,,,,,,,,,,3.1,,,,,2.6,,2.75,,2.142857,
MRT,LP.LPI.OVRL.XQ,,,,,,,,,,,,,,,,,,,,,,,,,,,,,,,,,,,,,,,,,,,,,,,,2.63,,,,,2.4,,2.228909,,1.866001,
MRT,LP.LPI.LOGS.XQ,,,,,,,,,,,,,,,,,,,,,,,,,,,,,,,,,,,,,,,,,,,,,,,,2.7,,,,,2.28,,2.058333,,1.742857,
MRT,LP.LPI.ITRN.XQ,,,,,,,,,,,,,,,,,,,,,,,,,,,,,,,,,,,,,,,,,,,,,,,,2.6,,,,,2.52,,2.066667,,2,
MRT,LP.LPI.INFR.XQ,,,,,,,,,,,,,,,,,,,,,,,,,,,,,,,,,,,,,,,,,,,,,,,,2.2,,,,,2.34,,2.4,,1.542857,
MRT,LP.LPI.CUST.XQ,,,,,,,,,,,,,,,,,,,,,,,,,,,,,,,,,,,,,,,,,,,,,,,,2.4,,,,,2.33,,1.925,,2.142857,
MRT,LP.IMP.DURS.MD,,,,,,,,,,,,,,,,,,,,,,,,,,,,,,,,,,,,,,,,,,,,,,,,,,,3,,7,,,,32,
MRT,LP.EXP.DURS.MD,,,,,,,,,,,,,,,,,,,,,,,,,,,,,,,,,,,,,,,,,,,,,,,,,,,2,,8,,1,,13,
MRT,IC.IMP.TMDC,,,,,,,,,,,,,,,,,,,,,,,,,,,,,,,,,,,,,,,,,,,,,,,,,,,,,,,150,72,64,
MRT,IC.IMP.TMBC,,,,,,,,,,,,,,,,,,,,,,,,,,,,,,,,,,,,,,,,,,,,,,,,,,,,,,,126,84,84,
MRT,IC.IMP.DURS,,,,,,,,,,,,,,,,,,,,,,,,,,,,,,,,,,,,,,,,,,,,,,40,40,40,40,40,40,38,38,38,38,,,
MRT,IC.IMP.DOCS,,,,,,,,,,,,,,,,,,,,,,,,,,,,,,,,,,,,,,,,,,,,,,8,8,8,8,8,8,8,8,8,8,,,
MRT,IC.IMP.CSDC.CD,,,,,,,,,,,,,,,,,,,,,,,,,,,,,,,,,,,,,,,,,,,,,,,,,,,,,,,400,400,400,400
MRT,IC.IMP.CSBC.CD,,,,,,,,,,,,,,,,,,,,,,,,,,,,,,,,,,,,,,,,,,,,,,,,,,,,,,,582,582,582,580
MRT,IC.IMP.COST.CD,,,,,,,,,,,,,,,,,,,,,,,,,,,,,,,,,,,,,,,,,,,,,,1363,1363,1363,1523,1523,1523,1523,1523,1523,1523,,,
MRT,IC.EXP.TMDC,,,,,,,,,,,,,,,,,,,,,,,,,,,,,,,,,,,,,,,,,,,,,,,,,,,,,,,59,59,51,
MRT,IC.EXP.TMBC,,,,,,,,,,,,,,,,,,,,,,,,,,,,,,,,,,,,,,,,,,,,,,,,,,,,,,,72,72,72,
MRT,IC.EXP.DURS,,,,,,,,,,,,,,,,,,,,,,,,,,,,,,,,,,,,,,,,,,,,,,40,33,33,33,37,37,34,34,31,31,,,
MRT,IC.EXP.DOCS,,,,,,,,,,,,,,,,,,,,,,,,,,,,,,,,,,,,,,,,,,,,,,8,8,8,8,8,8,8,8,8,8,,,
MRT,IC.EXP.CSDC.CD,,,,,,,,,,,,,,,,,,,,,,,,,,,,,,,,,,,,,,,,,,,,,,,,,,,,,,,92,92,92,92
MRT,IC.EXP.CSBC.CD,,,,,,,,,,,,,,,,,,,,,,,,,,,,,,,,,,,,,,,,,,,,,,,,,,,,,,,749,749,749,749
MRT,IC.EXP.COST.CD,,,,,,,,,,,,,,,,,,,,,,,,,,,,,,,,,,,,,,,,,,,,,,1480,1480,1480,1640,1640,1640,1640,1640,1640,1640,,,
MRT,IC.CUS.DURS.EX,,,,,,,,,,,,,,,,,,,,,,,,,,,,,,,,,,,,,,,,,,,,,,,3.9,,,,,,,,26,,,
MRT,GC.TAX.IMPT.ZS,,,,,,,,,,,,,,,,,,,,,,,,,,,,,,,,,,,,,,,,,,,,,,,,,,,,,,,,,,
MRT,GC.TAX.EXPT.ZS,,,,,,,,,,,,,,,,,,,,,,,,,,,,,,,,,,,,,,,,,,,,,,,,,,,,,,,,,,
MRT,EG.IMP.CONS.ZS,,,,,,,,,,,,,,,,,,,,,,,,,,,,,,,,,,,,,,,,,,,,,,,,,,,,,,,,,,
MRT,BX.GSR.TRVL.ZS,,,,,,,,,,,,,,,,31.36246787,35.15981735,21.6904277,17.71099744,11.6970278,11.9166988,13.59017782,17.53883892,23.039807,24.55257271,19.30076628,33.20113314,39.96865204,33.92385978,37.80007166,33.92029657,38.63903011,40.59293044,39.21796361,41.59925327,40.07739082,60.71593533,60.85644218,59.44088708,,,,,,,,,,,,,,33.22398979,21.87748633,13.09963574,11.76170457,11.26394769,
MRT,BX.GSR.TRAN.ZS,,,,,,,,,,,,,,,,25.17994859,29.09817352,43.10590631,36.43222506,34.19942474,26.29772464,41.53259949,39.7792314,33.41375151,29.53020134,31.27394636,30.53824363,26.56739812,19.52506596,17.9147259,18.48934198,20.76652327,11.00342075,11.96283391,6.658369633,6.301824212,2.124711316,2.018487078,1.858503826,,,,,,,,,,,,,,6.018277639,16.24829594,12.53460069,12.72852191,12.37279459,
MRT,BX.GSR.TOTL.CD,,,,,,,,,,,,,,,,190329259.9,205676082.4,183034302.5,155602491.2,203976684.6,269764723.6,338952635.7,305780467.8,354741995.3,330280549.6,402568593.1,444800000,439438716.8,476994452.6,487086248.2,474475554.8,468968322.6,427983349.9,425145033,426712522.8,505570182.8,512499240.9,459910878.9,395063911.8,,,,,,,,,,,,,,2911245203,2957487585,2235233800,1712105139,1729932286,
MRT,BX.GSR.NFSV.CD,,,,,,,,,,,,,,,,18049264.28,19457046.24,21541189.48,33880314.11,45454050.23,56475046.69,48906910.53,47248201.15,30249034.57,28023614.23,27086981.9,23731092.44,34543280.62,35250739.1,33605856.64,26771204.21,31203538.92,20154722.54,21381417.84,26008496.86,27880453.63,31554783.62,34908683.82,33972525.21,,,,,,,,,,,,,,145165307,186244014.2,278804374.6,246176570.5,269930112.8,
MRT,BX.GSR.MRCH.CD,,,,,,,,,,,,,,,,167315287.9,181865633.1,157215585.6,118581099.4,147170016.9,196301425.3,269919765.3,240027043.1,315370815.2,293793427.7,371524940,418756302.5,402404854.8,437611418.1,447893463.1,443895842.9,435763461.6,406771481.2,402985507,399652033.2,476402820.4,480040809.9,423619281.8,358640144,,,,,,,,,,,,,,2640958168,2651470172,1938072314,1388560351,1400680263,
MRT,BX.GSR.INSF.ZS,,,,,,,,,,,,,,,,0.784061697,0.353881279,0.274949084,0.012787724,0.028763183,0.003856537,0,0,0,0,0,0,0,0,0,0,0,0,0,0,0,0,0,0,,,,,,,,,,,,,,1.947812487,1.375430807,1.030141436,0.915876661,1.134643231,
MRT,BX.GSR.GNFS.CD,,,,,,,,,,,,,,,,185364552.2,201322679.3,178756775,152461413.5,192624067.1,252776472,318826675.9,287275244.3,345619849.8,321817042,398611921.9,442487395,436948135.4,472862157.2,481499319.7,470667047.1,466967000.6,426926203.7,424366924.9,425660530,504283274,511595593.5,458527965.6,392612669.2,,,,,,,,,,,,,,2786123475,2837714186,2216876689,1634736921,1670610376,
MRT,BX.GSR.CMCP.ZS,,,,,,,,,,,,,,,,42.67352185,35.38812785,34.9287169,45.84398977,54.07478428,61.78172002,44.87722269,42.68192968,43.5464415,45.91722595,49.42528736,36.26062323,33.46394984,46.55107426,44.28520244,47.59036145,40.59444662,48.4036488,48.81920248,51.7423771,53.62078496,37.15935335,37.12507074,38.70060909,,,,,,,,,,,,,,58.80992008,60.49878692,73.33562214,74.59389686,75.22861449,
MRT,BX.GSR.CCIS.ZS,,,,,,,,,,,,,,,,,,,,,,,,,,,,,,,,,,,,,,,,,,,,,,,,,,,,,46.84800147,50.45119185,64.91091968,56.8517712,58.82950411,
MRT,BX.GSR.CCIS.CD,,,,,,,,,,,,,,,,,,,,,,,,,,,,,,,,,,,,,,,,,,,,,,,,,,,,,68007045.17,93962324.94,180974483.7,139955740.6,158798546.8,
MRT,BN.GSR.MRCH.CD,,,,,,,,,,,,,,,,-41179234.07,-90155423.15,-138306720.7,-148518819.4,-138846216.7,-124972548.4,-116304029,-186539606.9,-62869826.98,-8322449.193,37620808.2,17559663.87,43219708.08,88757986.11,98565941.41,60985746.01,36658361.72,-54500484.05,2615767.726,47380133.52,183843002.3,133936574.6,107156027.7,39973294.54,,,,,,,,,,,,,,-487867661.6,-392863923.6,-712330296.5,-559441770.1,-499381435.8,
MRT,BN.GSR.GNFS.CD,,,,,,,,,,,,,,,,-92311083.02,-151591713,-183955616.1,-189894394.8,-176564798.2,-196257865.7,-195524113.5,-296836920.3,-209791102.9,-158079515.2,-137069468.8,-169855462.2,-136765402.6,-93036439.94,-63864372.49,-49088811.42,-83091473.03,-213417139,-160944214.9,-107683593,-5263225.492,-65784072,-57891386.43,-78588324.76,,,,,,,,,,,,,,-1359370921,-1206024815,-1333855477,-954011173,-834838283.1,
MRT,BM.GSR.TRVL.ZS,,,,,,,,,,,,,,,,17.50503018,14.66227348,22.46163892,21.27230858,18.44380403,13.60381862,13.29993536,14.08778813,11.90402636,10.1824914,8.319403369,8.679317371,11.81147076,10.79889807,15.68085498,16.82531049,17.3807599,17.56288501,10.65705845,9.867715409,10.54407273,15.43042601,23.78803847,27.84792515,,,,,,,,,,,,,,5.819296327,5.802026315,6.884999624,6.646610072,6.6931426,
MRT,BM.GSR.TRAN.ZS,,,,,,,,,,,,,,,,57.37759893,65.0933553,47.35226902,39.30339666,46.80639245,59.10330719,69.33419522,56.94458068,60.26670786,54.20171031,64.01697313,58.8053999,52.68092624,53.44475054,49.6044469,70.66539752,68.47372676,63.7775924,49.76814967,51.81042188,55.71702536,58.03503907,48.9592939,31.78197503,,,,,,,,,,,,,,34.29459043,33.09660256,36.58868801,36.37883439,31.54331398,
MRT,BM.GSR.TOTL.CD,,,,,,,,,,,,,,,,312730183.2,415838835.3,410401338.1,372575142.2,411940949,492877094.7,585019411.6,648223685.3,626819107.9,527464604.8,631770123.9,730931092.4,665445439.6,655573394.7,600992161.4,569973576.2,584910764.2,670219214.2,682922320.3,580999393.1,559042396.1,623290782.6,556701641.9,505237187.8,,,,,,,,,,,,,,4448328479,4359996697,3822186966,2846184391,2681282989,
MRT,BM.GSR.NFSV.CD,,,,,,,,,,,,,,,,69181113.23,80893336.07,67190084.91,75255889.52,83172631.69,127760364,128126995.1,157545514.5,177170310.5,177780680.2,201777258.9,211146218.5,214528391.3,217045165.1,196036170.5,136845761.6,150953373.7,179071377.5,184941400.5,181072223.3,216986681.4,231275430.3,199956098,152534144.5,,,,,,,,,,,,,,1016668566,999404905.6,900329555.5,640745973.4,605386960,
MRT,BM.GSR.MRCH.CD,,,,,,,,,,,,,,,,208494522,272021056.3,295522306.2,267099918.8,286016233.6,321273973.7,386223794.3,426566650,378240642.2,302115876.9,333904131.8,401196638.7,359185146.8,348853432,349327521.6,382910096.9,399105099.9,461271965.2,400369739.3,352271899.7,292559818.1,346104235.2,316463254,318666849.4,,,,,,,,,,,,,,3128825830,3044334096,2650402611,1948002121,1900061699,
MRT,BM.GSR.INSF.ZS,,,,,,,,,,,,,,,,4.896042924,5.63701263,4.263793666,3.672999424,3.547288446,3.11967269,3.500323206,2.864149093,2.332406549,2.00035264,1.766748103,2.051706572,1.865101899,1.841444751,1.60248142,2.836551537,2.310428456,2.450590349,2.187807716,1.934662138,1.300518503,0,0,0,,,,,,,,,,,,,,0.994724127,0.65193255,0.440642479,1.350818302,1.480289641,
MRT,BM.GSR.GNFS.CD,,,,,,,,,,,,,,,,277675635.2,352914392.3,362712391.1,342355808.3,369188865.3,449034337.7,514350789.4,584112164.6,555410952.7,479896557.1,535681390.7,612342857.1,573713538,565898597.1,545363692.2,519755858.5,550058473.6,640343342.7,585311139.8,533344123,509546499.5,577379665.5,516419352,471200993.9,,,,,,,,,,,,,,4145494396,4043739001,3550732166,2588748094,2505448659,
MRT,BM.GSR.CMCP.ZS,,,,,,,,,,,,,,,,20.22132797,14.60735859,25.9222984,35.75129534,31.20251506,24.1732015,13.86554622,26.1034821,25.49685923,33.61544565,25.8968754,30.46357616,33.6425011,33.91490664,33.11221669,9.672740459,11.83508488,16.20893224,37.38698416,36.38720057,32.43838341,26.53453491,27.25266763,40.37009983,,,,,,,,,,,,,,58.89138911,60.44943858,56.08566989,55.62373723,60.28325378,
MRT,BG.GSR.NFSV.GD.ZS,,,,,,,,,,,,,,,,18.32892426,19.13593907,16.41240587,20.04615563,19.97090519,25.98372918,23.66780271,27.29802477,26.30983634,28.31114713,33.49916412,29.25395664,27.37591176,26.352813,23.39634728,16.04715989,12.61746325,13.60469351,16.50655176,15.73642245,17.30147002,18.21922222,16.7527593,13.56298181,,,,,,,,,,,,,,22.23378481,20.71282081,21.87033918,18.30887068,18.4693374,
