PAN,TX.VAL.TRVL.ZS.WT,,,,,,,,,,,,,,,,,,46.10966057,47.60776883,41.32692308,21.95997948,22.02898551,20.50283286,17.59524785,20.66849315,20.61068702,20.61751986,19.30777744,18.37682441,19.40622737,18.93112948,19.92750073,20.87218337,21.05852702,22.30179028,23.82015552,25.86417535,24.71143757,22.15839861,23.10475635,23.77193893,24.82956024,23.38834686,23.77389183,24.11557696,24.85655999,24.38962425,27.45516059,27.47404979,27.18626301,27.47932908,31.40342347,31.05989195,33.09382846,32.90105159,33.52011275,35.85251131,
PAN,TX.VAL.TRAN.ZS.WT,,,,,,,,,,,,,,,,,,5.300261097,5.423969683,5.557692308,54.37403797,58.44990548,65.43909348,68.28144203,67.9890411,65.2027362,62.44594187,61.40456786,65.67890314,65.31498914,64.815427,62.77064759,60.75174825,60.14188369,60.05967604,60.33566864,58.3039885,59.61437566,59.42558747,60.05252407,59.85045176,58.87587822,55.14270083,55.19723465,56.45489906,57.17837562,56.39846549,52.52815498,53.89057988,57.52272394,54.10504764,50.27864009,48.71428427,48.54610859,48.13765968,46.18800197,45.60479802,
PAN,TX.VAL.TECH.MF.ZS,,,,,,,,,,,,,,,,,,,,,,,,,,,,,,,,,,,,2.766054171,2.60368694,3.01551063,1.895939876,1.363502237,0.182737001,1.987131522,1.902222306,1.322819909,2.32407477,0.970346591,1.34300539,2.558216647,1.234267169,1.374455676,0.826045658,35.40786715,1638.857891,1747.509107,564.9782316,564.1330039,,
PAN,TX.VAL.TECH.CD,,,,,,,,,,,,,,,,,,,,,,,,,,,,,,,,,,,,3223842,2950890,3388892,2272738,1592928,172775,2108965,1725182,1143950,2053591,841951,1220256,2743362,1108997,900026,696667,4769250391,1817924863,1934969983,668823660,552034190,575146489,
PAN,TX.VAL.SERV.CD.WT,,,,,,,,,,,,,,,,,,383000000.4,422200000.4,520000000.5,779600000.8,793500000.8,847200000.8,976400001,912500000.4,1008700000,994300000,993900000,904400000,828600000,907500000,1020700000,1029600000,1071300000,1173000000,1298900000,1391500000,1524800000,1723500000,1713500000,1925800000,1921500000,2193400000,2459000000,2699500000,3137200000,3936100000,4315400000,5125200000,5456800000,6349500000,8021100000,9866100000,10674800000,11335200000,11778600000,12288400000,
PAN,TX.VAL.OTHR.ZS.WT,,,,,,,,,,,,,,,,,,48.53785901,46.73140692,53,14.16110826,10.49779458,6.916902738,5.520278574,5.643835616,6.245662734,5.984109424,9.87020827,11.18973905,10.19792421,12.48484848,11.81542079,12.73310023,13.49761971,12.49786871,9.708214643,9.414301114,9.411070304,9.06875544,6.705573388,7.067192855,8.071818891,7.900975654,7.999186661,9.331357659,10.65918654,11.15571251,9.982852111,8.177241864,7.825098959,9.189699976,8.515041578,7.650439383,7.009030614,9.172312796,7.862564312,7.564857915,
PAN,TX.VAL.MRCH.XD.WD,,,,,,,,,,,,,,,,,,,,,,38.17689142,43.6305336,37.28811785,32.11533696,39.11615953,40.55513735,41.61715139,35.70417185,36.98421988,39.56828338,41.70429518,58.35073688,64.36202951,67.86337157,72.73481412,72.48408666,84.09259348,91.22884378,95.65037307,100,105.991979,98.42943389,100.5516004,109.7952412,820.2452824,934.7219718,1026.248431,1142.132801,1246.85276,1278.256636,1693.406973,1886.56415,1706.459228,1534.033198,1279.000906,1170.449297,
PAN,TX.VAL.MRCH.WR.ZS,0.515463918,0.465116279,11.52737752,4.176904177,4.991087344,2.388535032,4.115226337,2.451612903,3.214695752,5.317281404,4.303499752,11.04061714,5.861252058,8.521128914,10.12939422,8.651380239,12.51869065,18.67079463,20.05902542,19.83909513,18.51161781,15.82588679,16.11883055,12.45245493,13.84066672,12.16245884,11.86047003,11.76451365,17.67878184,20.35761246,18.67095274,21.40045569,16.9316871,19.84571833,19.70961034,31.35333927,29.1264252,21.58278708,21.90493065,23.06921824,23.5487502,25.52785759,23.46191077,17.7740072,17.28615265,18.71069702,18.48135242,16.35345538,15.24156073,18.91167812,19.34151663,17.77452782,18.45066429,18.59763695,20.02092739,22.98434334,20.24832556,
PAN,TX.VAL.MRCH.WL.CD,19400000,21500000,34700000,40700000,56100000,62800000,72900000,77500000,87100000,104245000,102893000,110963000,119036000,130816000,167009000,251116000,209998000,218025000,228715000,256922000,349937000,316254000,307665000,298664000,251498000,300630000,331513000,336597000,286858000,296859566,321371672,341727214,474184879,507426591,532328936,2061382172,3027077793,650986360,705457819,709812991,735401427,792205426,727920823,766314250,863662042,944502077,964632506,1058770058,1135094700,801971766,710797026,769412512,798254072,827735440,810720342,695440377,636147886,
PAN,TX.VAL.MRCH.RS.ZS,0.515463918,0,2.017291066,1.71990172,1.426024955,0.477707006,1.234567901,0.387096774,0,1.440836491,1.978754629,0.106341754,0.493968211,1.781127691,1.27957176,2.12969305,4.307183878,4.215571609,4.578186826,4.774211628,16.64128114,11.02088827,25.53459119,18.72706453,7.227095245,6.121478229,6.558717154,5.491136285,8.578809027,9.28182284,8.164467589,8.646257245,7.102353848,7.645617847,9.817400195,1.752148606,1.679520828,7.985525073,6.591856061,7.59625728,3.198685933,2.099596702,1.751105834,0.123278929,1.487942664,3.068016652,3.7783169,3.910112653,3.774970934,2.485316547,2.486016451,3.725397827,3.626591209,4.389323719,3.926462228,4.076338812,3.456627379,
PAN,TX.VAL.MRCH.R6.ZS,,,,,,,,,,0.007674229,,,0.513290097,,,0.595740614,0.00095239,,0.15477778,,0.005429549,0.060394493,0.018851673,0.002008947,,,,,0.013944181,,0.014420686,,,,0.03161579,0.073652718,1.097678562,0.012611324,0.005625,0.003092364,0.049822585,0.01716373,0.002609624,0.015773686,0.002894188,0.005228152,0.007287335,0.150914355,0.136160622,0.145422077,0.077021144,0.091776516,0.035451119,0.045726929,0.096129943,0.146947033,0.209475348,
PAN,TX.VAL.MRCH.R5.ZS,,,,,,,,,,,,,,,,,,,,0.00116767,,,,,,,0.003921415,,0.003137441,,,0.121734525,,,,0.067933303,0.033266076,0.003225874,0.011260772,0.015025507,0.061813179,0.05259911,0.348795078,0.553969471,2.14129406,1.261176263,0.638044847,0.785091526,0.633493047,0.749483866,1.036341984,2.545551664,2.682913592,3.476753152,2.792086349,3.208289415,3.791055748,
PAN,TX.VAL.MRCH.R4.ZS,,,,,,,,,,0.156362415,,,0.138613529,0.341701321,0.461651767,1.113031428,1.204297184,0.646256163,2.025665129,0.156467722,,0.03509837,0.101409,,,,,,0.107718802,0.063666468,,0.002187417,0.130746894,,0.003025385,0.127596476,0.276140839,,0.098081555,0.054041699,0.028253957,0.010797199,0.007878329,0.072249211,0.00805315,0.156183881,,0.142760743,0.076373892,0.05096738,0.042169,0.187860735,0.448888659,,0.047481601,0.151376457,0.01775955,
PAN,TX.VAL.MRCH.R3.ZS,0.515463918,0.465116279,11.52737752,4.176904177,4.991087344,2.388535032,4.115226337,2.451612903,3.214695752,5.317281404,4.303499752,11.04061714,5.861252058,8.521128914,10.12939422,8.651380239,12.51869065,18.67079463,20.05902542,19.83909513,18.51161781,15.82588679,16.11883055,12.45245493,13.84066672,12.16245884,11.86047003,11.76451365,17.67878184,20.35761246,18.67095274,21.40045569,16.9316871,19.84571833,19.70961034,31.35333927,29.1264252,21.58278708,21.90493065,23.06921824,23.5487502,25.52785759,23.46191077,17.7740072,17.28615265,18.71069702,18.48135242,16.35345538,15.24156073,18.91167812,19.34151663,17.77452782,18.45066429,18.59763695,20.02092739,22.98434334,20.24832556,
PAN,TX.VAL.MRCH.R2.ZS,,,,,,,,,,,,,,,,,,,,,,2.556489404,,,,,,0.003268003,0.238096898,,0.040419555,,,,0.090447835,1.826342903,2.14798454,0.053457341,0.217278902,0.243139534,0.000443839,,0.069472528,0.127309651,0.008447865,0.035774511,0.070851645,0.369679325,0.007714863,0.090311284,0.139094983,0.808804107,0.439462838,1.58722514,1.139898251,1.303960526,0.648815329,
PAN,TX.VAL.MRCH.R1.ZS,,,,,,,0.137174211,0.129032258,0.114810563,0.047963931,0.004859417,0.014419221,0.151214759,0.081029843,0.115562634,0.524458816,0.046667111,0.077514047,,,,,,,,0.005322157,0.006334593,0.003862185,0.016035809,0.040423154,,0.051349437,0.006326646,0.022185475,0.00636148,0.933165197,1.153625291,0.145625171,0.67967097,0.485346569,0.232987038,0.403330234,0.275468421,1.575506785,1.493418417,1.2556542,1.567596873,3.698110624,4.811517224,3.172343227,6.167495698,7.009555883,6.826498469,9.056638073,14.01298217,10.49774149,10.21656401,
PAN,TX.VAL.MRCH.OR.ZS,,,,,,,0.137174211,0.129032258,0.114810563,0.212000576,0.004859417,0.014419221,0.803118384,0.422731164,0.577214402,2.233230857,1.251916685,0.72377021,2.180442909,0.157635391,0.005429549,2.651982267,0.120260673,0.002008947,,0.005322157,0.010256008,0.007130188,0.378933131,0.104089622,0.054840241,0.175271379,0.13707354,0.022185475,0.131450491,3.028690596,4.708695308,0.21491971,1.011917199,0.800645673,0.373320597,0.483890273,0.704223981,2.344808804,3.654107679,2.714017007,2.2837807,5.146556572,5.665259647,4.208527835,7.462122809,10.64354891,10.43321468,14.16634329,18.08857832,15.30831492,14.88366999,
PAN,TX.VAL.MRCH.HI.ZS,98.96907216,99.53488372,86.45533141,94.1031941,93.5828877,97.13375796,94.51303155,97.03225806,96.67049369,93.02988153,93.7128862,88.83862188,92.84166135,89.27501223,88.01381961,86.98569585,81.92220878,76.38986355,73.18234484,75.22905785,64.8416715,70.50124267,58.22631759,68.81847159,78.93223803,81.71074078,81.57055681,82.73721988,73.36347601,70.25647508,73.10973943,69.77801569,75.82888551,72.48647834,70.34153898,63.86582153,64.48535867,70.21676814,70.49129609,68.53387881,72.87924327,71.88865543,74.08275941,79.75790506,77.571797,75.50726932,75.45654998,74.5898754,75.31820869,74.3944775,70.71034411,67.85652545,67.48952982,62.84669604,57.96403207,57.63100292,61.41137707,
PAN,TX.VAL.MRCH.CD.WT,21236000,23506000,39538000,48561000,60988000,70169000,79744000,86355000,95335000,110518000,109497000,116540000,122634000,137774000,210511000,286446000,238212000,251034000,256433000,302893000,358000000,328000000,371000000,321000000,274000000,334000000,349000000,358000000,307000000,318000000,340000000,358000000,502000000,553000000,583000000,625000000,623000000,723000000,784000000,822000000,859000000,911000000,846000000,864240000,943689000,7050000000,8033926025,8820595019,9816620000,10716687000,10986603000,14554816000,16215000000,14667000000,13185000000,10993000000,10060000000,
PAN,TX.VAL.MRCH.AL.ZS,,,,,,,,,,0.156362415,,,0.138613529,0.734619618,0.731697094,1.113031428,1.139058467,0.546726293,0.179699626,0.657397965,0.242615099,0.711453452,0.854500837,1.135389602,3.715735314,1.218108639,0.616567073,1.197574548,0.515237504,0.58209342,0.04978908,0.056474577,0.006706878,0.002156962,0.007033997,0.129029107,0.277626231,0.002150583,0.101932671,0.055531528,0.029872664,0.026523423,0.007878329,0.072249211,0.016780175,0.036473821,0.005386507,0.144609303,0.087928875,0.012308663,0.048984448,0.176957351,0.462520409,0.001303677,0.245448263,0.12263208,0.150805972,
PAN,TX.VAL.MMTL.ZS.UN,,,0.68516407,0.426369436,0.442156093,0.830600123,1.107909617,0.965607037,1.266115751,1.342300486,1.515544553,1.025549901,1.203835994,1.292974627,1.524041129,0.379887725,0.4671028,0.556731675,0.734965021,1.045939658,0.782559156,0.923575842,0.608879282,1.139928141,1.315819405,1.629495326,1.195806185,1.630946157,2.157167496,2.040496003,1.342935601,0.946562741,0.657887013,0.617299834,0.792419711,1.139130329,1.643151753,1.739289349,1.781437432,1.674203016,2.177026119,1.585134534,1.43074157,1.976651541,3.932182856,3.991422172,3.876690315,3.936141827,5.136458483,4.86177085,11.45496334,0.764025825,14.30471998,12.20698099,11.40461452,9.502160729,,
PAN,TX.VAL.MANF.ZS.UN,,,2.703881865,2.004375801,1.926815772,1.922912595,0.885251207,1.0773608,1.679205463,2.27513798,3.561440016,2.444996595,2.719698548,4.545986509,6.372741877,4.722457334,9.206480539,9.146790944,8.630561352,10.39392197,8.906844904,9.821751434,12.4507696,9.716703845,13.38120269,12.80339268,15.1163406,15.67894763,19.23995054,19.51850869,20.58514833,15.61180866,16.70837654,15.80788872,18.58071907,20.34812845,20.29875359,17.44188416,17.33954634,16.56729308,12.99389156,13.13712322,11.97774205,10.77254104,9.979860047,9.051075837,9.131080412,9.781076449,8.104854872,8.478391667,13.1923398,93.4606703,15.93444203,14.39433897,14.56176413,14.14081236,,
PAN,TX.VAL.INSF.ZS.WT,,,,,,,,,,,,,,,,,,0.052219321,0.236854571,0.115384615,9.504874295,9.02331443,7.141170916,8.603031544,5.698630137,7.940914048,10.95242884,9.417446423,4.754533392,5.080859281,3.768595041,5.486430881,5.642968143,5.30196957,5.140664962,6.135961198,6.417535034,6.263116474,9.347258486,10.13714619,9.31041645,8.222742649,13.56797666,13.02968686,10.09816633,7.305877853,8.056197759,10.03383232,10.45812846,7.465914089,9.225923301,9.802894865,12.5753844,11.35103234,9.788975933,12.42932097,10.97783275,
PAN,TX.VAL.ICTG.ZS.UN,,,,,,,,,,,,,,,,,,,,,,,,,,,,,,,,,,,,,,,,,0.000436415,0.086296511,0.115761031,0.090920545,0.190768173,0.072048251,14.30553786,11.57076534,11.30251759,8.170539605,9.599361137,7.873173662,,,,,,
PAN,TX.VAL.FUEL.ZS.UN,,,35.02987684,48.62026712,40.89740864,33.80159884,32.96998643,26.89327541,20.10349038,22.11660157,19.64311488,21.60384406,17.61019757,17.74501083,41.00510547,44.77879613,28.02672575,27.38578573,24.62274827,24.8295221,23.15901047,18.29378077,22.65509353,12.06210391,2.17049942,7.241183292,0.089531238,0.0642316,0.043333028,0.129615432,0.143949451,0.264837451,0.659318157,2.0109607,2.420025308,3.174077397,5.019765193,3.955552077,3.591164863,9.070985422,6.945013638,7.085783541,6.1770239,0.49602766,0.545736531,0.736720561,0.773392641,0.680461489,0.650019405,0.913751768,0.312707588,0.012631555,0.088869382,0.467954482,0.163619117,0.103034452,,
PAN,TX.VAL.FOOD.ZS.UN,,,60.61612763,48.31565869,55.90385947,62.82247278,64.25417824,70.3728044,76.5179648,73.80272717,74.71895695,74.40377312,78.00672494,75.46178925,50.61779109,49.87620621,61.97631644,62.68647784,65.75912902,63.36079523,66.88660519,70.7053479,63.79842888,76.53713562,82.84906102,77.99801372,82.9435701,82.03946611,77.0542192,76.57887141,75.41054049,81.43612655,81.13845295,80.72401934,77.61010086,74.86771663,72.56972409,76.34874672,76.84216507,71.91498748,76.50205927,77.31057699,79.34678095,85.3792674,84.32672104,85.4523622,85.22034672,84.48582292,85.06786583,84.78643122,72.59318987,5.518603961,65.24271904,67.14239122,67.51696219,69.65368742,,
PAN,TX.VAL.AGRI.ZS.UN,,,0.924596137,0.628178702,0.812238414,0.620578676,0.782668138,0.690950005,0.433217211,0.46323279,0.560667793,0.521089789,0.457743277,0.951299197,0.472600629,0.239058196,0.320749247,0.210858925,0.236112116,0.34238254,0.246152489,0.250804521,0.44647034,0.532875291,0.264417405,0.235348894,0.201915652,0.367823349,1.06065475,0.795072708,1.355274795,0.91715713,0.820640658,0.819750185,0.554979029,0.470952779,0.468608777,0.51452816,0.445253222,0.770889676,1.382009412,0.874538805,1.066866295,0.880244074,1.20393695,0.75743502,0.990892613,1.089939066,1.034601078,0.952862573,2.446138673,0.236126349,4.421298751,5.785654679,6.347255822,6.599581054,,
PAN,TX.QTY.MRCH.XD.WD,,,,,,,,,,,,,,,,,,,,,,54.53841632,72.717556,58.26268413,50.97672533,55.09318244,54.80423967,57.00979642,52.50613507,55.20032817,59.95194452,57.92263219,60.15539885,68.47024416,70.69101205,75.76543137,85.83548114,84.94201361,91.22884378,94.70333967,100,102.8271168,91.19805447,88.81657047,103.3570384,121.7251106,137.1389816,145.2200998,152.9670399,182.0092736,186.0679744,232.2178558,255.1397557,234.2945605,205.6492098,184.0573238,173.3818599,
PAN,TT.PRI.MRCH.XD.WD,,,,,,,,,,,,,,,,,,,,,,94.59459459,86.95652174,91.42857143,90,102.8985507,100,89.02439024,80,75.28089888,68.75,82.75862069,104.3010753,106.8181818,110.3448276,100,102.0833333,103.125,103.0927835,106.3157895,100,115.7836345,113.265129,110.6730426,103.082986,273.4578567,267.7373816,263.8446734,253.7022762,269.962138,258.8720752,270.3879062,271.4513423,270.0830443,283.1887359,268.3012282,257.7587079,
PAN,TM.VAL.TRVL.ZS.WT,,,,,,,,,,,,,,,,,,19.57255343,18.28908555,18.89886763,9.873060649,10.13953488,13.37093563,13.6407486,11.82474045,11.68059126,10.91961584,13.21281599,17.71188139,15.51600144,14.78482531,13.26108134,13.53790614,12.99045599,11.89598292,11.48648649,14.00479138,13.21645853,15.23150881,17.55000461,17.3896991,16.57748901,14.40541412,16.82462535,17.43541089,15.78089528,16.52751539,14.77595418,14.0573361,15.95297672,14.68492746,11.93028858,9.584930052,16.98083476,19.41249227,22.23182479,20.82073044,
PAN,TM.VAL.TRAN.ZS.WT,,,,,,,,,,,,,,,,,,59.61754781,58.99705015,58.6880125,67.73624824,66.62015504,63.12209688,58.73046498,61.6047862,61.61632391,64.82041837,64.00646678,62.35223402,66.21718806,66.51671915,70.01948368,73.60108303,71.47401909,72.79254803,70.87933003,67.62826912,62.94428434,53.65606815,56.46603374,56.0734724,57.09917829,49.72607154,49.56662616,54.49569406,55.84143431,58.07178987,58.29041729,59.30366613,57.02280346,56.90132526,52.29537619,54.50159287,47.76339892,44.20325706,41.27231719,42.14933863,
PAN,TM.VAL.SERV.CD.WT,,,,,,,,,,,,,,,,,,177800000.2,203400000.2,256100000.3,567200000.6,645000000.6,602800000.6,518300000.5,568300000.2,622400000,760100000,680400000,499100000,556200000,666900000,821200000,886400000,943000000,1030600000,1050800000,1001800000,1249200000,1185700000,1084900000,1083400000,1046600000,1241200000,1234500000,1370200000,1717900000,1640900000,2077700000,2602200000,2118100000,2708900000,4234600000,4331800000,5076900000,4851000000,4744100000,4430200000,
PAN,TM.VAL.OTHR.ZS.WT,,,,,,,,,,,,,,,,,,14.22947132,13.81514258,14.52557595,11.77715092,13.75193798,15.4114134,17.36446074,16.94527538,13.3033419,13.37981844,9.611992945,9.917852134,9.313196692,8.502024291,8.560642962,7.242779783,6.076352068,7.859499321,8.831366578,9.862247954,11.19916747,13.22425571,13.60494055,18.89422189,15.58379515,13.91395424,14.45119482,12.04933586,13.02753362,11.06100311,10.94960774,9.284451618,12.11935225,8.837535531,16.54701743,17.78013759,18.28281038,22.74788703,19.56535486,22.0373798,
PAN,TM.VAL.MRCH.XD.WD,,,,,,,,,,,,,,,,,,,,,,45.58232456,46.47290378,41.78826176,42.11915826,41.19187853,36.38204043,38.65983958,22.22659603,29.18015805,45.53733685,50.16633616,59.89256223,64.75360346,71.15458608,74.30964572,82.27720721,88.85074141,100.5801048,104.0577737,100,87.72604848,88.25879776,91.33868056,106.3781928,284.1329505,318.9074496,392.7230888,465.7563264,410.7067807,495.3710895,645.2658715,675.4372984,710.8355285,687.1281854,601.1483707,553.7632817,
PAN,TM.VAL.MRCH.WR.ZS,3.147208122,1.782531194,12.86764706,23.58845671,24.76019185,23.42582711,24.78873239,23.72505543,25.39815591,25.33037322,23.18136529,23.48782264,23.27849955,26.10593469,35.86437169,30.904874,32.84697063,31.50217882,30.54368254,28.40611039,17.5794648,24.29799606,31.59206469,32.4419079,29.77084484,28.24385949,21.56622501,24.71530835,26.89168701,19.6425336,25.22459043,19.68770523,19.43624834,18.33697292,18.41925861,21.64027711,30.30343068,24.88121567,20.60781734,23.82886461,29.56237944,36.83024195,32.01730749,28.28909002,30.01820613,26.59610441,27.04552832,23.33791715,27.03163579,30.12552512,28.56989902,28.84676862,19.6842013,17.89576178,16.30631368,18.24142778,19.58388706,
PAN,TM.VAL.MRCH.WL.CD,108350000,123420000,149600000,175340000,183480000,206140000,234300000,248050000,262460000,303142000,355294000,394051000,438963000,500346000,792165000,862330000,846282000,858493000,938636000,1179630000,1448440000,1539913000,1569239000,1411896000,1422966000,1391375000,1284643000,1306150000,795454000,964757372,1509696893,1694927947,2023590665,2187361708,2403993186,2530082120,2387283069,3006365541,3398342481,3492530150,2705522323,2583593565,2593505351,2653078418,2991358575,3412852627,3901519621,5636021323,6682601668,5636280965,6467384561,7715728254,12375449572,12785791488,13592488321,12136052283,11696977857,
PAN,TM.VAL.MRCH.RS.ZS,12.89340102,14.43850267,12.72058824,9.974905897,10.49160671,11.89967983,12.30046948,13.61419069,12.86672255,12.56770754,12.98417648,13.79516865,14.21873825,13.89578412,9.11981721,7.940115733,9.066954041,9.936481719,11.81650821,10.41597789,10.17598244,10.2614888,10.93733969,13.10436463,14.70281089,13.92557722,15.28019847,13.63174214,13.05996324,20.02368913,21.17876525,20.86073875,20.41185849,20.95747751,18.02951026,15.94940531,1.150298402,14.68202682,14.28054705,14.21565761,0.516621906,1.653348753,2.127290001,3.377692547,8.551197511,14.50643286,12.61514325,8.960890122,1.151761811,0.405886969,0.405122917,0.259595418,31.38489745,27.78248697,25.91035807,20.88534022,20.44990924,
PAN,TM.VAL.MRCH.R6.ZS,0.101522843,,0.147058824,0.125470514,0.239808153,0.213447172,0.234741784,0.266075388,,0.261923455,0.106390764,0.026392523,0.05604117,0.015189489,0.074479433,0.127097515,0.068771402,0.022131805,0.018217925,0.025092614,0.015188755,0.008312158,0.150709994,0.074934698,0.011806326,0.015380469,0.012999721,0.033074302,0.002514287,0.213089535,0.068826067,0.284843908,0.280260435,0.21808245,0.351502743,9.43448E-05,0.112238051,0.104415446,0.064323005,0.046305312,0.076512176,0.033182386,0.056873528,0.041039797,0.027922497,0.049865675,0.024778627,0.007044242,0.047444635,0.030835404,0.021904156,0.009256249,0.041353067,0.06873544,0.112801017,0.098574411,0.374675173,
PAN,TM.VAL.MRCH.R5.ZS,0.203045685,0.08912656,0.147058824,0.188205772,0.299760192,0.213447172,0.14084507,0.088691796,0.544844929,0.18836057,0.18773185,0.131201291,0.126206537,0.135706091,0.111214204,0.078740157,0.07231632,0.083401961,0.072445549,0.08392462,0.068211317,0.050976906,0.040656649,0.025639282,0.015249837,0.042619711,0.106410886,0.239482448,0.0419886,0.05810321,0.058261894,0.078159311,0.081294949,0.065658185,0.093741863,0.059112587,0.083811887,0.072130816,0.110132131,0.096171224,0.370054607,0.151883835,0.114143894,0.183969459,0.267066244,0.245479132,0.291438519,0.236596337,0.373633463,0.465091914,0.358350192,0.416538283,0.397787294,0.506056305,0.600957706,0.948725708,1.116538345,
PAN,TM.VAL.MRCH.R4.ZS,,,2.647058824,,,,,,,0.213431329,0.009850997,0.266970519,0.006834289,0.005795989,0.010730088,0.001623508,0.003781245,1.039030021,1.27355013,0.001186813,0.001380796,0.000714326,0.001210778,0.004745392,0.001405515,0.005102866,0.014323045,0.005435823,0.002514287,0.566098395,0.009857144,0.001970467,0.004424116,0.005077624,0.002936531,0.000701479,0.011381306,0.000483441,0.000159695,0.004323599,0.005231116,0.001856252,0.002533829,0.004695941,0.005029287,0.003461445,0.002546521,0.008659903,0.005330229,0.062971524,0.046661938,0.03347671,0.01362281,0.026982944,0.046363468,0.059424316,0.073403405,
PAN,TM.VAL.MRCH.R3.ZS,3.147208122,1.782531194,12.86764706,23.58845671,24.76019185,23.42582711,24.78873239,23.72505543,25.39815591,25.33037322,23.18136529,23.48782264,23.27849955,26.10593469,35.86437169,30.904874,32.84697063,31.50217882,30.54368254,28.40611039,17.5794648,24.29799606,31.59206469,32.4419079,29.77084484,28.24385949,21.56622501,24.71530835,26.89168701,19.6425336,25.22459043,19.68770523,19.43624834,18.33697292,18.41925861,21.64027711,30.30343068,24.88121567,20.60781734,23.82886461,29.56237944,36.83024195,32.01730749,28.28909002,30.01820613,26.59610441,27.04552832,23.33791715,27.03163579,30.12552512,28.56989902,28.84676862,19.6842013,17.89576178,16.30631368,18.24142778,19.58388706,
PAN,TM.VAL.MRCH.R2.ZS,,,,,,,,,,0.013525015,0.017731794,0.015987778,0.0496625,0.008993776,0.014264705,0.016235084,0.015243146,0.012929634,0.025142867,0.033908938,0.0267184,0.017858152,0.008347995,0.007720115,0.00794116,0.010852574,0.021795939,0.012862229,0.032434308,0.014284835,0.117982425,0.082047736,0.011410213,0.322832432,0.492295655,0.137017371,0.152932723,0.446761341,0.236324268,0.327717572,0.128735068,0.266773346,0.378581752,0.30273764,0.729728197,0.36615601,0.791365622,0.107217426,0.722624307,0.562644095,0.785953882,1.21503451,1.173764098,0.979329134,0.393870657,0.358729313,0.478924015,
PAN,TM.VAL.MRCH.R1.ZS,0.101522843,0.267379679,0.588235294,0.125470514,0.659472422,0.640341515,0.516431925,,,0.044203707,0.065016578,0.043395398,0.067203842,0.075547721,0.0941723,0.439970777,0.185399193,0.270124509,0.305017067,0.242279359,0.260625224,0.338785373,0.23297917,0.210001303,0.154184991,0.120887611,0.204881823,0.192474065,0.228297299,0.424853452,0.190751204,0.251910001,0.23983388,0.254582815,0.277982028,0.536063114,0.509285478,0.403494879,0.68739811,0.764284168,1.241139898,1.233823169,1.929439859,2.199079477,2.840551003,3.274604245,4.714529872,6.825940924,8.140851932,7.272961134,9.109671158,10.43048176,7.64782133,9.312610221,10.02903607,11.80647827,11.60674023,
PAN,TM.VAL.MRCH.OR.ZS,0.406091371,0.356506239,3.529411765,0.439146801,1.199040767,1.067235859,0.892018779,0.354767184,0.544844929,0.721444076,0.386721982,0.483947509,0.305948337,0.241233067,0.30486073,0.663667042,0.345511307,1.42761793,1.694373538,0.386392343,0.372124493,0.416646914,0.433904587,0.323040791,0.190587829,0.194843231,0.360411414,0.483328867,0.307748782,1.276429427,0.445678734,0.698931422,0.617223592,0.866233505,1.21845882,0.732988896,0.869649447,1.027285923,1.09833721,1.238801875,1.821672864,1.687518989,2.481572863,2.731522314,3.870297228,3.939566506,5.82465916,7.185458833,9.289884567,8.39450407,10.32254133,12.10478751,9.274348599,10.89371404,11.18302892,13.27193202,13.65028117,
PAN,TM.VAL.MRCH.HI.ZS,83.55329949,83.42245989,70.88235294,65.99749059,63.54916067,63.6072572,62.01877934,62.3059867,61.19027661,61.38047516,63.44773624,62.2330612,62.19681385,59.75704812,54.71095037,60.49134322,57.74056402,57.13372153,55.94543572,60.79151937,71.87242827,65.02386823,57.03669103,54.13068668,55.33575644,57.63572006,62.79316511,61.16962064,59.74060096,59.05734784,53.15096558,58.7526246,59.53466958,59.83931607,62.33277231,61.67732868,67.67662147,59.40947159,64.0132984,60.7166759,68.09932579,59.82889031,63.37382965,65.60169512,57.56029914,54.95789622,54.51466927,60.51573389,62.52671784,61.07408384,60.70243674,58.78884845,39.65655266,43.4280372,46.60029933,47.60129997,46.31592252,
PAN,TM.VAL.MRCH.CD.WT,119520000,136000000,160000000,181000000,181200000,208471000,234780000,250650000,266290000,293620000,357030000,395840000,440450000,502220000,822440000,892040000,848310000,861190000,942370000,1183820000,1449000000,1540000000,1570000000,1412000000,1423000000,1392000000,1229000000,1306000000,751000000,986000000,1539000000,1695000000,2024000000,2188000000,2404000000,2510000000,2779000000,3002000000,3398000000,3516000000,3379000000,2964000000,2982000000,3086060000,3594200000,9600000000,10774926463,13268934578,15736509000,13876550000,16737103000,21801598000,22821000000,24017000000,23216000000,20311000000,18710000000,
PAN,TM.VAL.MRCH.AL.ZS,,,2.647058824,0.501882058,,,,,,0.003628662,0.004503313,0.005075485,0.882990138,2.705527775,8.337656928,16.80609511,3.978815572,7.874962289,1.860785225,7.699109043,18.40711386,7.700370086,0.001210778,0.00630358,0.001335239,0.036870003,0.0354184,1.486429583,0.014457153,0.568355543,0.009857144,0.00197324,0.00349547,0.005077624,0.003802215,0.000701479,0.013232532,0.000509619,0.007246062,0.056426456,0.018506962,0.379925625,0.036740314,0.031863966,0.008192398,0.024483302,0.018226232,0.009984881,0.011137369,0.06543414,0.058432972,0.048719354,0.015364323,0.032446673,0.05781046,0.081756676,0.097804939,
PAN,TM.VAL.MMTL.ZS.UN,,,0.548695496,0.648916725,0.645100629,0.84396217,0.97184188,1.160214656,0.901220224,1.067051649,0.92637328,0.894305539,0.881394219,0.947483052,0.979795834,0.487051618,0.646516262,0.66846266,0.829816523,0.981118919,0.837883207,0.786584509,0.72822626,0.683021065,0.768709566,0.929312717,1.082136217,1.156011393,0.997905133,1.159867668,1.060313755,1.067924408,1.119030388,1.129666786,1.284522254,1.380520023,1.262033768,1.181066382,0.891125301,1.250564764,0.958332098,0.789995919,0.892410406,0.939870135,1.027298022,1.044297989,0.495248772,0.471138901,0.500557824,0.456178494,0.447873171,0.416341423,0.687891678,0.618872389,0.49151702,0.628661653,,
PAN,TM.VAL.MANF.ZS.UN,,,66.62065533,63.85472409,63.9557591,66.47821617,65.79050754,68.14089322,67.21803868,66.71261415,69.55637471,68.08677627,71.23929921,66.71405556,52.62589528,49.81878203,56.3354665,55.87511144,64.78078647,60.02321529,57.82534112,61.32148188,62.7130997,60.16979883,62.07805834,63.52202273,71.43428443,70.49437005,65.35339918,65.95682554,69.79249107,72.99000587,72.65458291,75.32206243,74.51297904,73.39571377,70.9674072,73.82004952,77.69088565,75.11295569,68.45261264,65.93532604,67.98489667,71.98361633,70.4957925,67.99774273,85.76773825,82.99397454,88.11531431,89.67929757,89.76917263,90.71019858,81.27452932,80.0383757,66.33773597,71.28996661,,
PAN,TM.VAL.INSF.ZS.WT,,,,,,,,,,,,,,,,,,6.580427447,8.898721731,7.887543928,10.6135402,9.488372093,8.095554081,10.26432568,9.625197959,13.39974293,10.88014735,13.16872428,10.01803246,8.953613808,10.19643125,8.158792012,5.618231047,9.459172853,7.451969726,8.802816901,8.504691555,12.64008966,17.88816733,12.37902111,7.642606609,10.73953755,21.9545601,19.15755367,16.01955919,15.35013679,14.33969163,15.98402079,17.35454615,14.90486757,19.57621175,19.22731781,18.13333949,16.97295594,13.63636364,16.93050315,14.99255113,
PAN,TM.VAL.ICTG.ZS.UN,,,,,,,,,,,,,,,,,,,,,,,,,,,,,,,,,,,,,,,,,7.565523722,8.876372141,8.465614213,8.479343316,8.161182973,9.075657239,13.19167067,10.05519365,11.0866652,8.456050636,9.571962526,8.084199741,5.589775187,5.262384347,4.861986085,4.962865715,,
PAN,TM.VAL.FUEL.ZS.UN,,,18.65933537,23.19646093,20.8730465,20.68508673,21.64344917,20.19089081,21.26671071,22.0726749,18.59097454,17.91524065,16.64728068,20.31483973,35.66889427,40.41041247,33.24863934,32.9952513,24.41901356,28.5208895,30.5174505,28.10740932,26.63091906,27.77068726,26.00592965,21.17943296,13.88907493,16.2696611,18.36153257,16.64165831,16.45032686,14.98031561,15.08536315,12.67766102,12.89720742,13.66208129,15.96350545,14.04610521,9.471040885,11.62787293,18.50077687,20.54495495,17.14942463,8.840708575,14.61065926,17.95404894,6.586949378,6.812003317,3.341359965,1.655549454,1.491096626,1.126388794,3.751251752,5.022888258,20.86401807,13.96965192,,
PAN,TM.VAL.FOOD.ZS.UN,,,13.74501955,11.79249699,13.95610367,11.51112305,11.13138298,10.01060959,9.970632624,9.631559566,9.98668669,12.33352358,10.46765846,11.21273995,10.07388106,8.816158907,9.367316446,9.9360547,9.328085347,9.802272409,10.06396606,9.0361119,9.250631945,10.75764464,10.47775479,12.05198422,12.76633415,11.2370869,14.2526008,15.23560022,11.90790127,10.17160289,10.4444995,10.21401653,10.44590361,10.74605259,11.12964665,10.4182156,11.53481779,11.53249426,11.59707432,12.18790569,13.42196659,14.14312653,13.28818414,12.47310122,6.914252528,6.93080672,7.78218269,7.942450586,8.003486376,7.432594942,13.77445832,13.82304149,11.90059518,13.6769309,,
PAN,TM.VAL.AGRI.ZS.UN,,,0.374556635,0.429124025,0.486913201,0.44679227,0.429178358,0.467986119,0.607343077,0.4935538,0.757244298,0.64298071,0.681326498,0.748358436,0.601059784,0.396612744,0.347875895,0.45184071,0.530218995,0.580582744,0.575603334,0.604905989,0.493009041,0.461890969,0.488146052,0.441394764,0.802420888,0.795558894,0.999766327,0.975737469,0.707907587,0.699732337,0.614600595,0.582949031,0.803549123,0.803016531,0.668224311,0.518900042,0.393912853,0.427274237,0.478176857,0.510769948,0.540806989,0.583250209,0.56101046,0.523167494,0.232002042,0.226178777,0.212862962,0.22990913,0.233162414,0.227631845,0.396189748,0.37296665,0.296363681,0.313791278,,
PAN,TM.TAX.TCOM.WM.FN.ZS,,,,,,,,,,,,,,,,,,,,,,,,,,,,,,,,,,,,,,9.58,9.65,,6.14,5.8,6.96,9.68,8.5,8.18,9.18,9.39,11.78,11.94,12.36,11.25,7.27,7.57,,13.52,,
PAN,TM.TAX.TCOM.WM.AR.ZS,,,,,,,,,,,,,,,,,,,,,,,,,,,,,,,,,,,,,,9.58,9.65,,6.14,5.8,6.96,9.68,8.5,7.88,8.92,9.07,11.31,11.94,12.36,11.25,7.27,7.55,,13.52,,
PAN,TM.TAX.TCOM.SR.ZS,,,,,,,,,,,,,,,,,,,,,,,,,,,,,,,,,,,,,,2.007635,14.0031,,0.3260597,0.2880115,0,0,0,0,0.0352361,0,0,0,0,0,0,0,,0,,
PAN,TM.TAX.TCOM.SM.FN.ZS,,,,,,,,,,,,,,,,,,,,,,,,,,,,,,,,,,,,,,17.1,10.68,,11.8,11.56,12.33,11.78,11.79,11.64,11.64,11.44,11.49,11.28,10.96,10.74,10.98,10.95,,10.87,,
PAN,TM.TAX.TCOM.SM.AR.ZS,,,,,,,,,,,,,,,,,,,,,,,,,,,,,,,,,,,,,,17.78,10.48,,11.85,11.33,13.44,11.72,11.67,11.17,11.92,11.46,11.3,11.58,11.14,10.56,10.89,10.83,,11.22,,
PAN,TM.TAX.TCOM.IP.ZS,,,,,,,,,,,,,,,,,,,,,,,,,,,,,,,,,,,,,,42.14619,2.120507,,4.96614,4.764191,4.726994,5.89894,6.743919,6.791521,7.566948,52.72337,50.33417,8.004948,7.228723,7.041047,7.923475,34.31874,,5.91623,,
PAN,TM.TAX.TCOM.BR.ZS,,,,,,,,,,,,,,,,,,,,,,,,,,,,,,,,,,,,,,26.62,26.64,,26.6,26.6,26.6,26.6,26.54,26.53,26.54,26.54,26.44,26.44,26.44,26.44,25.86,25.86,,25.86,,
PAN,TM.TAX.TCOM.BC.ZS,,,,,,,,,,,,,,,,,,,,,,,,,,,,,,,,,,,,,,100,100,,100,100,100,100,100,100,100,100,100,100,100,100,100,100,,100,,
PAN,TM.TAX.MRCH.WM.FN.ZS,,,,,,,,,,,,,,,,,,,,,,,,,,,,,,,,,,,,,,10.62,8.69,,7.19,6.86,7.46,7.89,7.63,7.16,8,8.01,8.14,7.04,6.93,5.76,6.13,6.12,,5.41,,
PAN,TM.TAX.MRCH.WM.AR.ZS,,,,,,,,,,,,,,,,,,,,,,,,,,,,,,,,,,,,,,10.62,8.69,,7.19,6.86,7.46,7.89,7.63,6.91,7.6,7.54,7.24,7.04,6.93,5.76,6.13,6.08,,5.41,,
PAN,TM.TAX.MRCH.SR.ZS,,,,,,,,,,,,,,,,,,,,,,,,,,,,,,,,,,,,,,0.4100313,17.97396,,0.1633254,0.1536598,0,0,0.0075013,0,0.0048449,0,0,0,0,0,0,0,,0.1110201,,
PAN,TM.TAX.MRCH.SM.FN.ZS,,,,,,,,,,,,,,,,,,,,,,,,,,,,,,,,,,,,,,12.22,8.3,,8.1,7.79,8.34,7.56,7.43,7.33,7.33,7.24,7.25,7.15,6.97,6.86,7.02,6.88,,6.85,,
PAN,TM.TAX.MRCH.SM.AR.ZS,,,,,,,,,,,,,,,,,,,,,,,,,,,,,,,,,,,,,,12.26,8.26,,8.17,7.97,8.26,7.83,7.82,7.41,7.67,7.4,7.32,7.76,7.48,7.3,7.28,6.93,,7.37,,
PAN,TM.TAX.MRCH.IP.ZS,,,,,,,,,,,,,,,,,,,,,,,,,,,,,,,,,,,,,,35.64787,0.815394,,1.385574,1.352206,1.272167,1.378297,2.197885,1.78398,1.712673,34.48209,34.27166,2.290532,2.049909,0.9182699,1.149837,21.53358,,0.6169806,,
PAN,TM.TAX.MRCH.BR.ZS,,,,,,,,,,,,,,,,,,,,,,,,,,,,,,,,,,,,,,23.51,23.44,,22.76,22.76,22.76,22.76,22.74,22.72,22.74,22.74,22.85,22.85,22.85,22.85,22.79,22.79,,22.79,,
PAN,TM.TAX.MRCH.BC.ZS,,,,,,,,,,,,,,,,,,,,,,,,,,,,,,,,,,,,,,99.94,99.96,,100,100,100,100,99.96,99.96,99.96,99.96,99.98,99.98,99.98,99.98,100,100,,100,,
PAN,TM.TAX.MANF.WM.FN.ZS,,,,,,,,,,,,,,,,,,,,,,,,,,,,,,,,,,,,,,11,8.49,,7.67,7.41,7.7,7.21,7.22,6.69,7.8,7.78,7.65,6.48,6.32,5.21,5.53,5.41,,5.06,,
PAN,TM.TAX.MANF.WM.AR.ZS,,,,,,,,,,,,,,,,,,,,,,,,,,,,,,,,,,,,,,11,8.49,,7.67,7.41,7.7,7.21,7.22,6.46,7.38,7.28,6.7,6.48,6.32,5.21,5.53,5.36,,5.06,,
PAN,TM.TAX.MANF.SR.ZS,,,,,,,,,,,,,,,,,,,,,,,,,,,,,,,,,,,,,,0.1336249,18.64105,,0.1154662,0.1087791,0,0,0.0087729,0,0,0,0,0,0,0,0,0,,0.1239787,,
PAN,TM.TAX.MANF.SM.FN.ZS,,,,,,,,,,,,,,,,,,,,,,,,,,,,,,,,,,,,,,10.76,7.55,,7.02,6.7,6.77,6.33,6.13,6.05,6.05,5.97,5.95,5.88,5.74,5.66,5.61,5.44,,5.41,,
PAN,TM.TAX.MANF.SM.AR.ZS,,,,,,,,,,,,,,,,,,,,,,,,,,,,,,,,,,,,,,11.54,7.96,,7.7,7.52,7.49,7.32,7.34,6.95,7.18,6.97,6.88,7.34,7.08,6.93,6.82,6.42,,7.06,,
PAN,TM.TAX.MANF.IP.ZS,,,,,,,,,,,,,,,,,,,,,,,,,,,,,,,,,,,,,,34.50195,0.5977481,,0.7893687,0.7486563,0.6072665,0.5605679,1.436993,0.9347267,0.7801628,31.76353,31.94713,1.473698,1.294438,0,0,19.3324,,0,,
PAN,TM.TAX.MANF.BR.ZS,,,,,,,,,,,,,,,,,,,,,,,,,,,,,,,,,,,,,,22.59,22.5,,21.64,21.64,21.64,21.64,21.6,21.59,21.6,21.6,21.75,21.75,21.75,21.75,21.69,21.69,,21.69,,
PAN,TM.TAX.MANF.BC.ZS,,,,,,,,,,,,,,,,,,,,,,,,,,,,,,,,,,,,,,99.97,100,,100,100,100,100,99.95,99.95,99.95,99.95,99.97,99.97,99.97,99.97,100,100,,100,,
PAN,TM.QTY.MRCH.XD.WD,,,,,,,,,,,,,,,,,,,,,,61.5977359,67.35203446,59.6975168,60.17022608,59.69837469,49.1649195,47.14614583,26.1489365,32.78669444,47.43472588,57.66245536,64.40060455,73.58364029,81.78688056,77.40588096,85.70542418,92.55285563,103.6908297,109.5344986,100,98.53951104,92.62214142,89.28974764,103.2276731,115.3050805,125.2714617,146.625326,158.2575306,161.8501393,186.6678116,239.2545608,247.9611208,263.59231,260.8591199,232.1061169,211.4406835,
PAN,TG.VAL.TOTL.GD.ZS,26.20436748,26.6275454,30.5983139,31.76064235,31.20426471,32.6856076,33.86227664,32.58049971,32.49711469,33.09065044,34.53181273,33.62256165,33.64886238,33.44112275,47.20319026,48.39173884,41.98135625,40.61788246,36.94810752,40.13206349,39.16268235,35.76884784,33.64086795,29.25508798,27.44450529,26.38531664,23.21327578,24.37143484,17.92374763,22.03272204,29.20437733,29.01899882,31.40877807,31.20948872,31.89436807,32.74557139,34.46636004,34.88714234,36.12807147,35.7618286,34.44376129,30.99500757,29.45904694,28.84697987,30.22562865,101.683153,103.6776456,105.3990342,104.2040641,92.47837629,95.87271935,105.7677426,97.70049633,86.24004944,74.03727777,60.04723786,52.1311814,
PAN,ST.INT.XPND.MP.ZS,,,,,,,,,,,,,,,,,,,,,,,,,,,,,,,,,,,,2.33019208,2.799626716,2.81308606,2.769989146,3.343143329,2.976080218,2.919501498,3.299715258,3.534738403,3.255489486,3.625185697,3.390720364,2.925342944,2.703054935,2.866407189,2.674754504,2.266052596,1.83697257,3.407531973,3.733274313,4.658197439,4.508785942,
PAN,ST.INT.XPND.CD,,,,,,,,,,,,,,,,,,,,,,,,,,,,,,,,,,,,181000000,210000000,243000000,245000000,259000000,241000000,227000000,252000000,267000000,294000000,388000000,403000000,457000000,560000000,503000000,575000000,679000000,591000000,1078000000,1147000000,1272000000,1129000000,
PAN,ST.INT.TVLX.CD,,,,,,,,,,,,,,,,,,,,,,,,,,,,,,,,,,,,121000000,140000000,165000000,181000000,190000000,188000000,174000000,179000000,208000000,239000000,271000000,271000000,307000000,366000000,338000000,398000000,505000000,415000000,862000000,942000000,1055000000,922000000,
PAN,ST.INT.TVLR.CD,,,,,,,,,,,,,,,,,,,,,,,,,,,,,,,,,,,,309000000,360000000,377000000,382000000,396000000,458000000,477000000,513000000,585000000,651000000,780000000,960000000,1185000000,1408000000,1484000000,1745000000,2519000000,3064000000,3533000000,3729000000,3948000000,4406000000,
PAN,ST.INT.TRNX.CD,,,,,,,,,,,,,,,,,,,,,,,,,,,,,,,,,,,,60000000,70000000,78000000,64000000,69000000,53000000,53000000,73000000,59000000,55000000,117000000,132000000,150000000,194000000,165000000,177000000,174000000,176000000,216000000,205000000,217000000,207000000,
PAN,ST.INT.TRNR.CD,,,,,,,,,,,,,,,,,,,,,,,,,,,,,,,,,,,,63000000,72000000,94000000,110000000,110000000,170000000,188000000,197000000,219000000,252000000,328000000,465000000,621000000,800000000,796000000,876000000,1111000000,1521000000,1886000000,2020000000,1806000000,2049000000,
PAN,ST.INT.RCPT.XP.ZS,,,,,,,,,,,,,,,,,,,,,,,,,,,,,,,,,,,,4.888112164,5.826106893,5.620189726,6.009160305,7.118338867,8.042414773,8.34483624,9.379128137,10.59093184,10.22534254,10.48845134,11.45166993,12.28295689,11.58982111,12.22022125,12.74929468,13.35309935,14.74660603,17.82360583,20.33000453,20.69985214,23.85439763,
PAN,ST.INT.RCPT.CD,,,,,,,,,,,,,,,,,,,,,,,,,,,,,,,,,,,,372000000,432000000,471000000,492000000,506000000,628000000,665000000,710000000,804000000,903000000,1108000000,1425000000,1806000000,2208000000,2280000000,2621000000,3630000000,4585000000,5419000000,5749000000,5754000000,6455000000,
PAN,ST.INT.DPRT,,,,,,,,,,,,,,,,,,,,,,,,,,,,,,,,,,,,185000,188000,194000,211000,221000,216000,200000,200000,227000,256000,285000,284000,314000,369000,336000,392000,414000,447000,619000,853000,740000,770000,
PAN,ST.INT.ARVL,,,,,,,,,,,,,,,,,,,,,,,,,,,,,,,,,,,,345000,362000,421000,431000,457000,484000,519000,534000,566000,621000,702000,843000,1103000,1247000,1200000,1324000,1473000,1606000,1658000,1745000,2110000,2007000,
PAN,NY.EXP.CAPM.KN,1251247764,1470424324,1806048762,1999223057,2073816899,2388907867,2598380500,2921187249,3156981582,3452326638,3578840086,3910089809,4067784822,4119445304,4245552585,4217401110,3964827220,4099754034,4571637997,4295902058,5658601869,5032558300,5108131415,4703387168,4425198199,6250991604,6687674189,5631604298,4866595060,5415912242,6200506560,8607222954,8070927812,7325622955,7111419193,7599033325,8267557186,9158257808,9165597690,7871509588,9188637179,9327108696,9220777397,8922808060,9936822702,11413324420,12523273679,14540200000,15936592421,16665455335,16997840863,19934362775,21866551284,21025881004,21427129200,22710618071,21442175458,
PAN,NE.TRD.GNFS.ZS,100.1681476,100.8546035,110.3503813,112.7506331,109.4196582,112.6719604,116.1108186,114.725278,113.9839903,117.2900036,117.3731227,115.0489279,115.0244199,113.7751233,150.1390435,149.827502,137.0694091,137.0202354,125.817706,131.8630492,137.5019462,133.7228966,116.7849698,93.1350463,91.87702805,94.05957221,97.32745909,98.59077158,97.66534547,109.5977443,121.7935529,140.2465583,144.8791885,139.6792213,143.6090328,146.90538,156.0066153,165.343715,151.2684728,126.6863149,133.9889395,130.098368,121.851866,114.6933669,123.6525612,135.6943166,137.895702,145.6059739,157.0686969,134.0951736,141.8370382,156.6081373,150.3693132,129.087425,114.9830389,105.6485344,94.33986196,
PAN,NE.RSB.GNFS.ZS,-8.591668837,-6.481718749,-3.988723563,-7.431772541,-4.470058463,-3.795267789,-4.535045589,-2.019670982,0.606645758,-2.471625245,-5.798003622,-6.400098378,-8.122717201,-6.625574108,-14.96235264,-11.84217199,-11.3716517,-6.402838969,-7.767521906,-13.96438641,-7.439323199,-9.144533814,-3.165605674,1.139955818,-2.862772412,-3.175162532,-3.109368275,-3.863374791,1.952976963,-5.080323296,-6.806963729,-11.54204599,-12.16579851,-11.56190408,-11.52492152,-13.21117832,-13.43276841,-11.36717223,-15.96274779,-12.97877962,-9.967783949,-5.827490155,-6.572241802,-6.013300938,-8.117258485,-6.692730776,-5.548790741,-6.850367401,-11.87536192,0.065429522,-9.285477155,-10.81928033,-9.055491489,-8.147147675,-7.843464583,-6.74246234,-4.801794603,
PAN,NE.RSB.GNFS.CD,-46149900,-38827200,-26011300,-53715700,-34693800,-32354100,-42123000,-20891000,6750700,-30186100,-78331400,-97532200,-135926500,-126799800,-327422300,-288392900,-294310400,-175326500,-252021800,-517317900,-343256800,-477566100,-182648100,67528200,-177016300,-207703800,-211369700,-263778300,115280000,-300677400,-437957800,-816562300,-978414600,-1015434100,-1079342300,-1264813600,-1325880600,-1213705500,-1847765700,-1574358700,-1226447600,-728553600,-854017500,-823460300,-1218675000,-1095894100,-1006643100,-1435700000,-2912100000,17400000,-2685100000,-3719000000,-3618100000,-3654500000,-3856300000,-3515000000,-2650000000,
PAN,NE.IMP.GNFS.ZS,54.37990822,53.66816115,57.16955246,60.09120284,56.94485835,58.23361412,60.32293211,58.37247447,56.68867229,59.88081444,61.58556318,60.72451312,61.57356854,60.20034869,82.55069808,80.83483701,74.22053038,71.71153716,66.79261395,72.91371782,72.47063471,71.43371518,59.97528774,45.99754524,47.36990023,48.61736737,50.21841368,51.22707318,47.85618425,57.33903382,64.3002583,75.89430215,78.52249353,75.62056271,77.56697716,80.05827918,84.71969184,88.35544362,83.61561031,69.83254726,71.97836171,67.96292908,64.21205392,60.35333392,65.88490986,71.19352369,71.72224637,76.22817063,84.47202943,67.01487206,75.56125766,83.71370881,79.71240234,68.61728636,61.41325173,56.19549835,49.57082828,
PAN,NE.IMP.GNFS.KD.ZG,,12.54191955,16.09058605,17.50513093,-1.354303819,13.55181642,9.945399545,7.69776507,3.227931665,15.28398105,9.714917879,10.6297347,7.21164286,-1.217565223,12.02262993,-4.707791034,-5.243233531,-3.855372621,14.91792986,2.71198679,18.67628974,-8.4768965,-6.560046469,-14.89270508,2.618768409,41.99574495,6.598927238,-14.56176354,-23.23416431,27.08937662,16.69691978,46.38135203,-5.914141724,-9.453049522,-3.415833242,8.960593311,7.961691364,6.971948137,7.780543552,-14.65173736,10.31399701,-4.34834865,0.688944329,-3.523536372,14.35781985,11.15751039,7.745798311,17.70025205,16.07170801,-10.21543937,16.39778488,18.13171786,7.757359204,-3.284689286,2.957830896,5.058540001,-8.001704964,
PAN,NE.IMP.GNFS.KD,1675502849,1885643069,2189054089,2572250874,2537414782,2881280575,3167835441,3411687971,3521814927,4060088453,4454522712,4928026659,5283418341,5219089277,5846561067,5571317189,5279200018,5075667186,5832851657,5991037823,7109941405,6507239031,6080361127,5174830876,5310347712,7540467793,8038057776,6867574810,5271951195,6700089909,7818798546,11445263025,10768373949,9750434227,9417375653,10261228386,11078195720,11850561780,12772599901,10901192109,12025540736,11502628298,11581875004,11173783425,12778095120,14203812411,15304011073,18012859607,20907833807,18772006721,21850200000,25812016617,27814347464,26900732572,27696410752,29097444768,26769153086,
PAN,NE.IMP.GNFS.CD,292100100,321486400,372814600,434329900,441970400,496433000,560299300,603791100,630826500,731327800,832024900,925391300,1030379300,1152110300,1806463200,1968574100,1920906000,1963649700,2167125500,2701126300,3343857700,3730569700,3460434900,2724782300,2929064300,3180313400,3413764500,3497613100,2824846900,3393593400,4137057400,5369275600,6315044100,6641440500,7264372200,7664630500,8362252100,9433963500,9678913600,8470864100,8856300400,8496734500,8343913600,8264774200,9891553000,11657508000,13011610600,15975900000,20714400000,17821600000,21850200000,28775600000,31848900000,30779100000,30194300000,29296000000,27357000000,
PAN,NE.EXP.GNFS.ZS,45.78823939,47.1864424,53.18082889,52.6594303,52.47479989,54.43834633,55.78788652,56.35280349,57.29531805,57.4091892,55.78755956,54.32441474,53.45085134,53.57477458,67.58834544,68.99266502,62.84887868,65.30869819,59.02509204,58.94933141,65.03131151,62.28918137,56.80968207,47.13750106,44.50712782,45.44220484,47.10904541,47.36369839,49.80916122,52.25871052,57.49329457,64.35225616,66.35669502,64.05865863,66.04205563,66.84710086,71.28692343,76.98827139,67.65286252,56.85376764,62.01057776,62.13543892,57.63981211,54.34003298,57.76765137,64.50079291,66.17345563,69.37780323,72.59666751,67.08030158,66.2757805,72.89442848,70.65691085,60.47013869,53.56978715,49.45303601,44.76903368,
PAN,NE.EXP.GNFS.KD.ZG,,14.92536827,20.23240218,11.14269116,0.255756,13.97959131,9.713519565,9.914322352,7.535263464,6.834655446,4.846526702,4.250384807,1.260194723,4.734017018,6.989746443,1.698607429,-2.505354997,10.6303536,6.968433691,-1.336302295,34.27389027,-11.47518975,3.18638594,-9.6310074,-4.112964988,36.09409001,1.850815472,-15.99812539,-13.35790853,12.18720088,17.06836382,39.70290527,-8.56750599,-10.95037815,-3.149650646,10.17411427,8.775334341,7.394311616,-0.876363745,-12.4391563,18.46446699,0.337672516,-2.493849207,-10.05796021,18.54919794,11.31822659,11.10498377,21.94846817,11.24881363,0.621298483,3.58742466,18.08519472,9.846102846,-5.133129398,3.297810296,3.876106442,-4.500943311,
PAN,NE.EXP.GNFS.KD,1465888032,1684677219,2025527889,2251226206,2256983852,2572500971,2822381356,3102201341,3335960386,3563961784,3736690143,3895513853,3944604913,4131343181,4420113594,4495193972,4382573406,4848456455,5186317928,5117013043,6870812478,6082373709,6276181610,5671722095,5438446151,7401403800,7538390126,6332389021,5486514289,6155166806,7205753070,10066646385,9204185853,8196292696,7938138111,8745773353,9513244205,10216683126,10127147820,8867416073,10504737187,10540208797,10277351884,9243659921,10958284697,12198568190,13553217208,16527940773,18387138028,18501377038,19165100000,22631145653,24859431529,23583364741,24361099372,25305361514,24166381538,
PAN,NE.EXP.GNFS.CD,245950200,282659200,346803300,380614200,407276600,464078900,518176300,582900100,637577200,701141700,753693500,827859100,894452800,1025310500,1479040900,1680181200,1626595600,1788323200,1915103700,2183808400,3000600900,3253003600,3277786800,2792310500,2752048000,2972609600,3202394800,3233834800,2940126900,3092916000,3699099600,4552713300,5336629500,5626006400,6185029900,6399816900,7036371500,8220258000,7831147900,6896505400,7629852800,7768180900,7489896100,7441313900,8672878000,10561613900,12004967500,14540200000,17802300000,17839000000,19165100000,25056600000,28230800000,27124600000,26338000000,25781000000,24707000000,
PAN,MS.MIL.XPRT.KD,,,,,,,,,,,,,,,,,,,,2000000,,,,,,,,,,,,,,,,,,,,,,,,,,,,,,,,,,,,,,
PAN,MS.MIL.MPRT.KD,,,,,0,,,,0,3000000,15000000,18000000,2000000,16000000,,27000000,6000000,4000000,5000000,,3000000,4000000,13000000,8000000,0,7000000,,,23000000,2000000,,,2000000,,,,0,12000000,,,,,1000000,,,,,,,7000000,,,15000000,30000000,,,,
PAN,LP.LPI.TRAC.XQ,,,,,,,,,,,,,,,,,,,,,,,,,,,,,,,,,,,,,,,,,,,,,,,,2.93,,,3.26,,3.01,,3.336275,,2.952861,
PAN,LP.LPI.TIME.XQ,,,,,,,,,,,,,,,,,,,,,,,,,,,,,,,,,,,,,,,,,,,,,,,,3.43,,,3.76,,3.47,,3.630392,,3.744687,
PAN,LP.LPI.OVRL.XQ,,,,,,,,,,,,,,,,,,,,,,,,,,,,,,,,,,,,,,,,,,,,,,,,2.89,,,3.02,,2.93,,3.193734,,3.337843,
PAN,LP.LPI.LOGS.XQ,,,,,,,,,,,,,,,,,,,,,,,,,,,,,,,,,,,,,,,,,,,,,,,,2.73,,,2.83,,2.84,,2.865686,,3.18363,
PAN,LP.LPI.ITRN.XQ,,,,,,,,,,,,,,,,,,,,,,,,,,,,,,,,,,,,,,,,,,,,,,,,2.8,,,2.87,,2.76,,3.183415,,3.652167,
PAN,LP.LPI.INFR.XQ,,,,,,,,,,,,,,,,,,,,,,,,,,,,,,,,,,,,,,,,,,,,,,,,2.79,,,2.63,,2.94,,2.995915,,3.281587,
PAN,LP.LPI.CUST.XQ,,,,,,,,,,,,,,,,,,,,,,,,,,,,,,,,,,,,,,,,,,,,,,,,2.68,,,2.76,,2.56,,3.149714,,3.133333,
PAN,LP.IMP.DURS.MD,,,,,,,,,,,,,,,,,,,,,,,,,,,,,,,,,,,,,,,,,,,,,,,,4.9,,,1.41,,3,,,,4,
PAN,LP.EXP.DURS.MD,,,,,,,,,,,,,,,,,,,,,,,,,,,,,,,,,,,,,,,,,,,,,,,,3.2,,,1.44,,2,,2,,4,
PAN,IC.IMP.TMDC,,,,,,,,,,,,,,,,,,,,,,,,,,,,,,,,,,,,,,,,,,,,,,,,,,,,,,,6,6,6,
PAN,IC.IMP.TMBC,,,,,,,,,,,,,,,,,,,,,,,,,,,,,,,,,,,,,,,,,,,,,,,,,,,,,,,24,24,24,
PAN,IC.IMP.DURS,,,,,,,,,,,,,,,,,,,,,,,,,,,,,,,,,,,,,,,,,,,,,,9,9,9,9,9,9,9,9,9,9,,,
PAN,IC.IMP.DOCS,,,,,,,,,,,,,,,,,,,,,,,,,,,,,,,,,,,,,,,,,,,,,,3,3,3,3,3,3,3,3,3,3,,,
PAN,IC.IMP.CSDC.CD,,,,,,,,,,,,,,,,,,,,,,,,,,,,,,,,,,,,,,,,,,,,,,,,,,,,,,,50,50,50,50
PAN,IC.IMP.CSBC.CD,,,,,,,,,,,,,,,,,,,,,,,,,,,,,,,,,,,,,,,,,,,,,,,,,,,,,,,490,490,490,490
PAN,IC.IMP.COST.CD,,,,,,,,,,,,,,,,,,,,,,,,,,,,,,,,,,,,,,,,,,,,,,850,850,850,879,879,915,965,965,965,1030,,,
PAN,IC.EXP.TMDC,,,,,,,,,,,,,,,,,,,,,,,,,,,,,,,,,,,,,,,,,,,,,,,,,,,,,,,6,6,6,
PAN,IC.EXP.TMBC,,,,,,,,,,,,,,,,,,,,,,,,,,,,,,,,,,,,,,,,,,,,,,,,,,,,,,,24,24,24,
PAN,IC.EXP.DURS,,,,,,,,,,,,,,,,,,,,,,,,,,,,,,,,,,,,,,,,,,,,,,10,10,10,10,10,10,10,10,10,10,,,
PAN,IC.EXP.DOCS,,,,,,,,,,,,,,,,,,,,,,,,,,,,,,,,,,,,,,,,,,,,,,3,3,3,3,3,3,3,3,3,3,,,
PAN,IC.EXP.CSDC.CD,,,,,,,,,,,,,,,,,,,,,,,,,,,,,,,,,,,,,,,,,,,,,,,,,,,,,,,60,60,60,60
PAN,IC.EXP.CSBC.CD,,,,,,,,,,,,,,,,,,,,,,,,,,,,,,,,,,,,,,,,,,,,,,,,,,,,,,,270,270,270,270
PAN,IC.EXP.COST.CD,,,,,,,,,,,,,,,,,,,,,,,,,,,,,,,,,,,,,,,,,,,,,,450,450,450,529,529,565,615,615,625,665,,,
PAN,IC.CUS.DURS.EX,,,,,,,,,,,,,,,,,,,,,,,,,,,,,,,,,,,,,,,,,,,,,,,5.7,,,,7.6,,,,,,,
PAN,GC.TAX.IMPT.ZS,,,,,,,,,,,,,,,,,,,,,,,,,,,,,,,,,,,,,,,,,,,,,,,,,,,,,,,,,,
PAN,GC.TAX.EXPT.ZS,,,,,,,,,,,,,,,,,,,,,,,,,,,,,,,,,,,,,,,,,,,,,,,,,,,,,,,,,,
PAN,EG.IMP.CONS.ZS,,,,,,,,,,,,79.32789917,81.81143405,83.17106437,81.68665932,77.53101794,75.82849297,73.28197698,69.94891114,71.22751686,62.66594827,62.30834874,65.6059065,69.4084686,63.23556722,61.2751597,61.82837483,64.60967504,61.34542231,58.78848277,58.93171675,62.7148889,66.15288417,64.54893735,66.92600835,69.74225382,67.14394272,68.26861364,75.00448893,71.20610217,70.59346508,75.21628646,70.45121235,72.31419729,69.4330007,73.51190303,74.40290673,75.55562409,70.92458767,75.01478192,81.42717362,82.776114,80.46925706,79.91141766,80.90454838,,,
PAN,BX.GSR.TRVL.ZS,,,,,,,,,,,,,,,,,,44.01794616,45.42372881,38.40929401,18.96112526,18.73124732,17.46957659,15.17936031,17.68733002,17.60819853,17.67546129,16.67245873,15.6349953,16.37474542,15.72252219,16.70362158,17.53140806,17.38460353,18.62849818,20.34723136,22.58125235,21.7690219,20.55657229,21.82710332,23.37145191,24.39161554,23.0044843,23.4252284,23.80342974,24.55753606,24.12666499,27.22301365,27.26128708,26.99825289,27.21147848,31.06493186,30.73620863,32.70867089,32.60649087,33.22114333,35.54273728,
PAN,BX.GSR.TRAN.ZS,,,,,,,,,,,,,,,,,,5.059820538,5.175141243,5.165326184,46.94872079,49.69995714,55.75781957,58.90616717,58.18250023,55.70424325,53.53509226,53.02345786,55.87958608,55.11201629,53.82996248,52.61558676,51.02790015,49.64937967,50.16734316,51.53886624,50.90350107,52.51603212,55.12972333,56.73172345,58.84214825,57.83742331,54.23766816,54.38772239,55.7241581,56.49052088,55.7903996,52.08400349,53.47324402,57.1249181,53.57766687,49.73669606,48.20661986,47.98111199,47.70668672,45.77604631,45.21076197,
PAN,BX.GSR.TOTL.CD,,,,,,,,,,,,,,,,,,1388100001,1743600002,2583400003,7853100008,9110000009,9480500009,7379200007,6627700003,6402400000,6199800000,6033400000,4544400000,4699500000,5577400000,6487000000,7468500000,7769000000,8651400000,9254400000,8837000000,9816500000,9866800000,8608900000,9383900000,9353000000,8523200000,8396700000,9621945525,11577500000,13803900000,16576800000,20926700000,20116400000,21993100000,28977700000,32808000000,32352000000,30201500000,29581800000,29051500000,
PAN,BX.GSR.NFSV.CD,,,,,,,,,,,,,,,,,,401200000.4,442500000.4,559500000.6,902900000.9,933200000.9,994300001,1131800001,1066300000,1180700000,1159800000,1151000000,1063000000,982000000,1092700000,1217700000,1225800000,1297700000,1404300000,1520600000,1593800000,1730900000,1857800000,1813800000,1958800000,1956000000,2230000000,2495600000,2734900000,3175400000,3979000000,4352200000,5165200000,5494800000,6412000000,8108500000,9970000000,10800500000,11437600000,11884600000,12395500000,
PAN,BX.GSR.MRCH.CD,,,,,,,,,,,,,,,,,,401000000.4,385700000.4,453200000.5,2518800003,2773700003,2579200003,1839700002,1889400001,2132300000,2490000000,2649700000,2505100000,2741300000,3345600000,4190500000,5103800000,5416600000,6044200000,6089700000,5821100000,6649600000,6329700000,5294600000,5849800000,6013000000,5340000000,5095800000,6096100000,7388600000,8464600000,10351100000,13886000000,13162800000,14146000000,19076200000,21121900000,19603000000,16840800000,15912700000,14664500000,
PAN,BX.GSR.INSF.ZS,,,,,,,,,,,,,,,,,,0.049850449,0.225988701,0.107238606,8.206888914,7.672524646,6.084682691,7.421805973,4.876676357,6.784111121,9.389549922,8.132059079,4.045155221,4.287169043,3.12986181,4.598833867,4.739761788,4.376974647,4.293954283,5.241352098,5.602961476,5.517360911,8.671546991,9.576579557,9.153563406,8.077709611,13.34529148,12.83859593,9.967457677,7.217988285,7.96933903,9.948991315,10.37713932,7.414282594,9.135995009,9.6972313,12.444333,11.21892505,9.701335945,12.31846255,10.88298173,
PAN,BX.GSR.GNFS.CD,,,,,,,,,,,,,,,,,,802200000.8,828200000.8,1012700001,3421700003,3706900004,3573500004,2971500003,2955700001,3313000000,3649800000,3800700000,3568100000,3723300000,4438300000,5408200000,6329600000,6714300000,7448500000,7610300000,7414900000,8380500000,8187500000,7108400000,7808600000,7969000000,7570000000,7591400000,8831000000,10564000000,12443600000,14703300000,19051200000,18657600000,20558000000,27184700000,31091900000,30403500000,28278400000,27797300000,27060000000,
PAN,BX.GSR.CMCP.ZS,,,,,,,,,,,,,,,,,,50.87238285,49.17514124,56.3181412,25.88326503,23.8962709,20.68792115,18.49266655,19.25349339,19.90344711,19.39989653,22.17202433,24.44026341,24.22606925,27.31765352,26.08195779,26.70093,28.58904215,26.91020437,22.87255031,20.9122851,20.19758507,15.64215739,11.86459367,8.63283643,9.693251534,9.412556054,9.348453278,10.50495448,11.73395478,12.11359638,10.74399154,8.88832959,8.462546408,10.07485964,9.501140778,8.612838516,8.09129207,9.985486466,8.684347811,8.363519019,
PAN,BX.GSR.CCIS.ZS,,,,,,,,,,,,,,,,,,46.33599202,44.58757062,49.25826631,12.17189057,8.872696099,5.853364176,4.735819049,4.801650567,5.285000423,5.069839628,8.444830582,9.444967074,8.523421589,10.31390135,9.797158578,10.66242454,11.11967327,10.39663889,8.213862949,8.106412348,7.70119591,8.214016579,6.196934612,6.452930366,7.796523517,7.659192825,7.745632313,9.086255439,10.46797254,10.98265896,9.806534626,7.9803299,7.683628158,8.741422333,7.721526793,6.861584754,6.369149576,8.560362314,7.226999647,6.79924166,
PAN,BX.GSR.CCIS.CD,,,,,,,,,,,,,,,,,,185900000.2,197300000.2,275600000.3,109900000.1,82800000.08,58200000.06,53600000.05,51200000.02,62400000,58800000,97200000,100400000,83700000,112700000,119300000,130700000,144300000,146000000,124900000,129200000,133300000,152600000,112400000,126400000,152500000,170800000,193300000,248500000,332400000,437000000,426800000,412200000,422200000,560500000,626100000,684100000,687900000,979100000,858900000,842800000,
PAN,BN.GSR.MRCH.CD,,,,,,,,,,,,,,,,,,-389400000.4,-476400000.5,-632500000.6,-284100000.3,-341100000.3,-301200000.3,-376800000.4,-487700000.2,-437000000,-179100000,-192600000,156900000,-123900000,-157500000,-400000000,-375000000,-333300000,-250500000,-588500000,-644600000,-693200000,-1287000000,-1323700000,-1119900000,-665500000,-1002022600,-1176800000,-1519600000,-1543500000,-1724680000,-3136900000,-4157800000,-2194400000,-4563500000,-6585300000,-6639800000,-6890400000,-8942300000,-6565200000,-5842600000,
PAN,BN.GSR.GNFS.CD,,,,,,,,,,,,,,,,,,-193200000.2,-272700000.3,-360700000.4,27800000.03,-79300000.08,59400000.06,203500000.2,-19500000.01,85600000,183500000,250500000,701000000,282200000,245200000,-31100000,-67200000,-13200000,89300000,-157300000,-86100000,-257700000,-657300000,-638800000,-289300000,193700000,-67022600,37800000,-199900000,-138900000,558220000,-918800000,-1666100000,1109500000,-939300000,-2779300000,-1080600000,-1232300000,-2445300000,490600000,2020000000,
PAN,BM.GSR.TRVL.ZS,,,,,,,,,,,,,,,,,,16.97560976,15.57788945,16.8230796,9.475465313,9.740840036,12.71895219,12.81958296,11.23557933,11.04695335,10.41144004,12.69953383,17.03603777,14.98524049,14.28985507,12.82987747,13.07189542,12.5306874,11.5171442,11.0794933,13.55162755,12.74509804,14.70564286,16.86597573,16.69916681,15.81874544,13.80694981,16.21389539,16.88100622,15.30946465,15.98962325,14.38545523,13.68243875,15.42288557,14.26931631,11.74201046,9.413258366,16.76454574,19.060438,21.84186547,20.34900395,
PAN,BM.GSR.TRAN.ZS,,,,,,,,,,,,,,,,,,51.70731707,50.25125628,52.24191867,65.00846024,64.00059577,60.04418495,55.19492294,58.53536198,58.27381857,61.80381335,61.5199887,59.97301985,63.95207501,64.28985507,67.74269557,71.06753813,68.94435352,70.47440113,68.36790894,65.43996909,60.69939787,51.80359906,54.26521393,53.84683567,54.48577681,47.66023166,47.76736924,52.76286037,54.17325503,56.1818289,56.749918,57.72208715,55.12802958,55.2909104,51.47007554,53.52543756,47.15502489,43.40161114,40.54837641,41.19437887,
PAN,BM.GSR.TOTL.CD,,,,,,,,,,,,,,,,,,1541100002,1949200002,2906700003,8222000008,9706100010,9745500010,7260700007,6952500003,6468300000,6431900000,5606300000,3931300000,4683700000,5587600000,6950500000,7936700000,8067800000,8784400000,9877600000,9172300000,10473800000,11041400000,9938800000,10233400000,9749400000,8862522600,9167600000,10842200000,12883300000,14546680000,18749900000,24099900000,20454900000,25243700000,33671000000,36626900000,36491700000,37000900000,33749900000,32054500000,
PAN,BM.GSR.NFSV.CD,,,,,,,,,,,,,,,,,,205000000.2,238800000.2,287700000.3,591000000.6,671400000.7,633700000.6,551500000.6,598100000.2,658100000,797200000,707900000,518900000,575900000,690000000,848800000,918000000,977600000,1064500000,1089400000,1035300000,1295400000,1228100000,1128900000,1128200000,1096800000,1295000000,1281000000,1415200000,1770800000,1696100000,2134100000,2673500000,2190900000,2787800000,4302500000,4410800000,5142400000,4940600000,4828800000,4532900000,
PAN,BM.GSR.MRCH.CD,,,,,,,,,,,,,,,,,,790400000.8,862100000.9,1085700001,2802900003,3114800003,2880400003,2216500002,2377100001,2569300000,2669100000,2842300000,2348200000,2865200000,3503100000,4590500000,5478800000,5749900000,6294700000,6678200000,6465700000,7342800000,7616700000,6618300000,6969700000,6678500000,6342022600,6272600000,7615700000,8932100000,10189280000,13488000000,18043800000,15357200000,18709500000,25661500000,27761700000,26493400000,25783100000,22477900000,20507100000,
PAN,BM.GSR.INSF.ZS,,,,,,,,,,,,,,,,,,5.707317073,7.579564489,7.021202642,10.18612521,9.115281501,7.700804797,9.646418858,9.145627821,12.67284607,10.37380833,12.65715497,9.635767971,8.647334607,9.855072464,7.893496701,5.424836601,9.124386252,7.214654767,8.490912429,8.229498696,12.18928516,17.27058057,11.89653645,7.339124269,10.24799416,21.04247104,18.46213895,15.51017524,14.89157443,13.87300277,15.56159505,16.89171498,14.40960336,19.02216802,18.92388146,17.80856081,16.75676727,13.38906206,16.63353214,14.65287123,
PAN,BM.GSR.GNFS.CD,,,,,,,,,,,,,,,,,,995400001,1100900001,1373400001,3393900003,3786200004,3514100004,2768000003,2975200001,3227400000,3466300000,3550200000,2867100000,3441100000,4193100000,5439300000,6396800000,6727500000,7359200000,7767600000,7501000000,8638200000,8844800000,7747200000,8097900000,7775300000,7637022600,7553600000,9030900000,10702900000,11885380000,15622100000,20717300000,17548100000,21497300000,29964000000,32172500000,31635800000,30723700000,27306700000,25040000000,
PAN,BM.GSR.CMCP.ZS,,,,,,,,,,,,,,,,,,25.6097561,26.59128978,23.9137991,15.32994924,17.14328269,19.53605807,22.33907525,21.08343086,18.00638201,17.41093828,13.1233225,13.35517441,12.41534989,11.56521739,11.53393025,10.43572985,9.400572831,10.79379991,12.06168533,12.77890467,14.36621893,16.22017751,16.97227389,22.11487325,19.44748359,17.49034749,17.55659641,14.84595817,15.6257059,13.95554507,13.30303172,11.70375912,15.03948149,11.41760528,17.86403254,19.25274327,19.3236621,24.1488888,20.97622598,23.80374595,
PAN,BG.GSR.NFSV.GD.ZS,,,,,,,,,,,,,,,,,,22.13813078,20.9982338,22.86916454,32.37694035,30.72521055,28.21603971,28.41609327,26.91728617,28.10968728,28.78858093,27.22599774,26.79922153,26.32268226,27.70763356,29.20982029,26.65642852,25.90694991,26.36117037,27.26186326,26.63595155,28.34334466,26.65892295,24.25918234,25.08916732,24.41846687,27.12725717,27.5785394,27.64267294,30.2069196,31.28213201,30.94904094,31.96572901,28.90067122,31.81428354,36.10596617,35.99270667,35.5422522,33.31219864,32.05959319,30.67422632,
