PER,TX.VAL.TRVL.ZS.WT,,,,,,,,,,,,,,,,,,28.74452178,32.1371792,32.82801882,44.14428011,36.84950774,34.7164592,32.35747304,34.54726039,30.19169329,31.64080403,29.44535755,33.52215928,32.8313013,31.58660844,31.50492264,23.67223065,38.4641799,43.14630072,57.57181249,58.1784077,67.74365876,62.33059604,70.39849189,73.35867516,71.86973141,72.87256711,68.12544702,68.74858785,69.20000634,72.43901095,63.80867113,63.13128597,60.98239694,64.10018648,66.09932806,60.52445176,59.80950336,56.35198233,57.89540604,58.96581915,
PER,TX.VAL.TRAN.ZS.WT,,,,,,,,,,,,,,,,,,45.01160093,40.88121735,44.4676773,33.35345608,40.36568214,40.52558783,40.36979969,34.00099321,39.61661342,44.26766189,39.86684124,40.55181606,39.57287433,45.12372635,42.61603376,48.25493171,52.49810135,40.00189832,45.47791589,28.11787726,24.33518625,22.60543312,18.83158399,21.30985415,25.17304726,24.60045502,21.88913727,22.43027789,23.74901262,25.12475974,23.9242359,25.94603117,22.9421263,27.26333851,29.03396845,30.2959097,30.39073807,25.26644533,24.0682393,22.47943347,
PER,TX.VAL.TECH.MF.ZS,,,,,,,,,,,,,,,,,,,,,,,,,,,,,,,,,1.347384059,1.433342203,2.487776779,2.410545715,5.824213116,4.548534851,4.04488344,4.492126108,4.376922513,4.286058312,2.605231222,2.638674463,2.893579862,3.232241416,2.717487193,2.50898344,2.747279926,3.464901876,6.585287534,6.218855148,3.48299745,3.580817823,3.846673323,4.737721254,4.249838888,
PER,TX.VAL.TECH.CD,,,,,,,,,,,,,,,,,,,,,,,,,,,,,,,,,7271073,7576866,15198952,17766712,48593534,45914701,45903291,45184476,50834817,54484054,33304281,39454385,57421038,78988129,75269711,84392781,113493474,113547613,253239885,306912151,185157921,177875931,185817380,195064245,164740319,
PER,TX.VAL.SERV.CD.WT,,,,,,,,,,,,,,,,,,387900000,440300000,573900000,662600000,711000000,723000000,649000000,604100000,626000000,610920000,717940000,750250000,752940000,687000000,711000000,659000000,558553440,767838712.7,743622584.5,1151663605,1205068232,1355354553,1263550702,1140697690,1020064790,1080541466,1413714309,1661091435,1890576223,2167679365,2699949511,3153769188,3302559774,3132790399,3422210102,4035780690,5015251433,5460923368,5715908633,5937537276,
PER,TX.VAL.OTHR.ZS.WT,,,,,,,,,,,,,,,,,,22.1448827,23.68839428,21.18836034,19.00090552,18.98734177,20.88520055,24.03697997,30.78960437,8.146964856,11.14384862,7.703986406,7.353548817,9.719233936,11.64483261,15.75246132,9.104704097,-2.936553756,1.55810203,-13.07228573,3.786327448,-1.579213362,-7.423119219,-0.107325115,-5.614331585,-9.350390729,-7.40398159,3.22113033,3.539757551,0.455302158,-3.696250922,0.152075354,2.237232488,6.423278472,1.461977412,-3.819184627,-1.302132416,0.455713125,7.440631028,5.784120903,8.040684458,
PER,TX.VAL.MRCH.XD.WD,,,,,,,,,,,,,,,,,,,,,56.05104883,46.80146832,46.85754381,43.35354447,45.25004637,42.82585972,36.38580514,38.25786387,38.83587279,50.1516195,46.45509431,47.86690266,50.10014508,48.66288708,63.61146298,78.95738406,84.51071258,98.12574138,82.77281805,87.52840799,100,101.0182734,110.9130097,130.7095275,184.1720454,249.7185442,342.6370722,403.9413882,445.9948583,387.6645564,514.7885568,666.8089388,681.6854136,616.2644316,568.4140111,494.8209903,532.282671,
PER,TX.VAL.MRCH.WR.ZS,6.457925636,4.744908671,5.458349182,5.024190547,5.980215827,6.515877771,5.72175049,4.005167959,4.932839277,5.583691781,5.478889907,8.430944789,7.458551852,7.459890251,9.788476333,11.61882738,11.9362051,13.00136237,12.72216741,17.81710529,16.86150183,11.04201127,13.93076417,8.76940447,9.959143471,12.16281504,12.50189659,14.90760006,13.3952447,13.48268706,13.80770188,14.69932964,16.7405205,15.72557333,15.57190502,14.09473514,14.63867798,15.28134812,15.30955175,13.23400711,14.2660596,15.59762493,13.07853171,13.02424004,14.29002479,14.05991258,14.08816156,14.34643528,14.55411549,12.65316544,12.84666282,12.92731893,14.30441869,15.70899971,17.71511958,14.93955193,14.96745095,
PER,TX.VAL.MRCH.WL.CD,408800000,476300000,525800000,537400000,667200000,667600000,765500000,774000000,863600000,864840000,1047840000,893850000,945760000,1051490000,1520870000,1331890000,1341800000,1732280000,1976550000,3675120000,3914420000,3246510000,2918720000,2577370000,3086410000,2980560000,2504500000,2604980000,2688790000,3488229000,3276215000,3329111000,3484360000,3464605000,4506841000,5512569000,5853698000,6706869000,5699984000,6019424000,6762312031,6831892243,7544697754,8762504979,12298267936,17062768353,23230110897,27587755074,31206968446,26535226336,34909309887,45855380920,45443101241,41895174166,38365262981,33175474996,37019780721,
PER,TX.VAL.MRCH.RS.ZS,10.20058708,8.587024984,7.189045264,7.350204689,6.954436451,7.399640503,7.668190725,8.708010336,8.904585456,6.402340317,7.006794931,9.376293562,6.289121976,9.011973485,8.195309264,16.79718295,13.40065584,12.64345256,15.22855481,16.36735671,10.56580541,14.73459192,7.711599605,7.849862457,15.56760119,11.14488552,10.77819924,10.57397754,8.789827394,12.98515665,8.238958676,10.35051099,3.5689481,3.126070649,2.819180885,3.080342396,3.103166579,3.298469077,2.565428254,2.619552967,0.33911072,0.143187812,0.22630941,0.029540297,0.036553546,0.046728379,0.047276111,0.394657509,0.594141271,0.608448558,0.735127208,0.662313846,0.76686755,0.574224241,0.481177213,0.286499916,0.517987968,
PER,TX.VAL.MRCH.R6.ZS,0.146771037,0.104975856,0.152149106,0.148864905,0.119904077,0.134811264,0.039190072,0.051679587,0.231588698,0.078627261,0.036265079,0.044750238,0.016917611,0.714224577,0.221583699,0.096854845,0.001490535,0.060613758,0.401204118,0.285160757,0.39520542,0.807328485,2.260922596,0.526117709,0.000324001,0.528759696,0.320223598,0.077927662,0.117153069,0.326870742,0.361667351,0.23420667,0.232496068,0.356894942,0.267105052,0.43333698,0.838256432,0.70979469,0.263404248,0.196513819,0.247272766,0.206858034,0.211550741,0.165675889,0.242665098,0.173571565,0.20747195,0.406700124,0.323574557,0.401545307,0.710523396,0.832110597,0.581973441,0.423242162,0.619361447,0.679724984,0.491052765,
PER,TX.VAL.MRCH.R5.ZS,0.048923679,0.167961369,0.038037277,0.055824339,0.974220624,0.434391851,0.013063357,0.310077519,0.358962483,0.240506915,0.257672927,0.248363819,0.355269836,0.016167534,0.03682103,0.090097531,0.076762558,0.110836585,0.205408414,0.022856397,0.095799633,0.0600645,0.457049666,0.154032987,0.021708069,0.314370454,0.591734877,0.280232478,0.391997888,0.203197669,0.841092541,0.248564857,0.109001366,0.148472914,0.089419618,0.096035079,0.352221792,0.355381923,0.489913656,0.818334113,0.56849314,0.585874551,0.32450958,0.260988428,0.441345743,0.486402108,0.478957787,0.77513311,0.914962296,0.419924129,0.641993333,0.554330517,0.87750991,1.432148988,0.866937574,2.065352777,2.533553124,
PER,TX.VAL.MRCH.R4.ZS,0.02446184,0.083980684,0.152149106,0.390770376,0.074940048,0.089874176,0.182887002,0.322997416,0.104214914,0.08556496,0.059169339,0.114113106,0.224158349,0.089396951,0.254459619,0.412947015,0.620062602,0.720437805,0.589410842,0.0021768,0.599577971,0.716461677,0.264842123,0.04190318,,0.197949379,1.413056498,1.886770724,0.983713864,1.045143538,0.698153204,1.15868771,1.400084951,1.215520961,0.549032016,0.878809862,1.20240231,0.806635704,0.731493281,0.864800353,0.696571243,0.483187115,0.630090224,0.403918663,0.279102847,0.258622476,0.324820473,0.392395955,0.244423921,0.168032691,0.270637501,0.197455719,0.159652988,0.092687043,0.097432876,0.135769613,0.063689321,
PER,TX.VAL.MRCH.R3.ZS,6.457925636,4.744908671,5.458349182,5.024190547,5.980215827,6.515877771,5.72175049,4.005167959,4.932839277,5.583691781,5.478889907,8.430944789,7.458551852,7.459890251,9.788476333,11.61882738,11.9362051,13.00136237,12.72216741,17.81710529,16.86150183,11.04201127,13.93076417,8.76940447,9.959143471,12.16281504,12.50189659,14.90760006,13.3952447,13.48268706,13.80770188,14.69932964,16.7405205,15.72557333,15.57190502,14.09473514,14.63867798,15.28134812,15.30955175,13.23400711,14.2660596,15.59762493,13.07853171,13.02424004,14.29002479,14.05991258,14.08816156,14.34643528,14.55411549,12.65316544,12.84666282,12.92731893,14.30441869,15.70899971,17.71511958,14.93955193,14.96745095,
PER,TX.VAL.MRCH.R2.ZS,,,,0.037216226,0.119904077,0.23966447,0.365774004,0.15503876,0.104214914,0.037001064,0.572606505,0.746210214,0.717941127,1.296255789,0.204488221,1.323682887,1.348934267,1.127993165,1.056386127,0.72596269,0.548740299,0.332664923,1.044293389,0.249091128,0.317521003,0.958544703,0.355360351,0.46794985,0.336582626,0.492542204,1.000239606,0.609081524,0.471420864,0.306384133,0.891644502,0.714421897,1.065480317,0.989880673,0.889160391,0.976821038,0.875367385,0.901539439,0.934514772,0.965174014,1.213261695,1.045441169,1.118299819,1.094366987,0.909370776,0.883003635,1.366329242,1.315004198,0.987618322,1.270567118,1.130301602,0.872239276,0.828844264,
PER,TX.VAL.MRCH.R1.ZS,0.048923679,0.272937224,0.11411183,0.055824339,0.149880096,0.134811264,0.130633573,0.180878553,0.590551181,0.224318949,0.09829745,2.696201824,4.808830993,4.102749432,4.95834621,4.72861873,3.929795797,2.340268317,1.858794364,0.286521256,2.355649113,2.31941377,0.506386361,0.960669209,0.011988038,2.222065652,3.157915752,2.804628059,5.235440477,0.572640156,1.479542704,5.567402228,8.32327888,5.578846651,9.321052152,9.427510114,10.23195935,10.12651358,5.477576779,5.675028043,9.24012965,8.661532749,9.043723609,8.660780848,10.85917307,11.67942062,10.70085854,11.57010348,13.18582172,16.07316115,16.50722752,16.3896534,18.23293123,18.66390018,19.46867467,23.05199956,24.19704415,
PER,TX.VAL.MRCH.OR.ZS,0.269080235,0.629855133,0.456447318,0.688500186,1.438848921,1.033553026,0.731548008,1.020671835,1.389532191,0.666019148,1.024011299,3.849639201,6.123117916,6.218794282,5.675698778,6.652201008,5.977045759,4.360149629,4.111203865,1.322677899,3.994972435,4.235933356,4.533494134,1.931814214,0.351541111,4.221689884,5.838291076,5.517508772,7.064887924,2.640394309,4.380695406,7.817942988,10.53628213,7.606119601,11.11825334,11.55011393,13.6903202,12.98820657,7.851548355,8.531497366,11.62783418,10.83899189,11.14438893,10.45653784,13.03554846,13.64345794,12.83040857,14.23869966,15.57815327,17.94566691,19.49671099,19.28855443,20.83968589,21.88254549,22.18270817,26.80508621,28.11418363,
PER,TX.VAL.MRCH.HI.ZS,83.07240705,86.03821121,86.89615824,86.93710458,85.6264988,85.0509287,85.87851078,86.26614987,84.77304308,87.34794875,86.49030386,78.34312245,80.12920826,77.30934198,76.34051563,64.93178866,68.68609331,69.99503544,67.93807392,64.4928601,68.57772033,69.98746346,73.82414209,81.44891886,74.12171422,72.47060955,70.8816131,69.00091363,70.75003998,70.89176198,73.57264404,67.13221638,69.15424927,73.54223642,70.49066075,71.27480853,68.56783524,68.43197623,74.27347164,75.61494256,73.76699549,73.42019537,75.55076996,76.48968182,72.63787321,72.2499011,73.03415376,71.02020755,69.27358998,68.79271909,66.92149899,67.1218128,64.08902788,61.83423056,59.62099503,57.96886195,56.40037745,
PER,TX.VAL.MRCH.CD.WT,432980000,496376000,539853000,541238000,667002000,667301000,764355000,753839000,866047000,865530000,1047860000,892920000,944444000,1111800000,1503300000,1290860000,1359570000,1725650000,1940700000,3490900000,3898000000,3255000000,3259000000,3015000000,3147000000,2979000000,2531000000,2661000000,2701000000,3488000000,3230000000,3329000000,3484000000,3514000000,4554000000,5575000000,5897000000,6841000000,5757000000,6113000000,7028000000,7013000000,7713900000,9090730000,12809000000,17367700000,23830100000,28093759983,31018541408,26961721000,35803080815,46375961565,47410606677,42860637000,39532683000,34414355000,37019781000,
PER,TX.VAL.MRCH.AL.ZS,0.02446184,0.083980684,0.076074553,0.390770376,0.074940048,0.074895147,0.130633573,0.310077519,0.254747568,0.132972573,0.077301878,0.078312916,0.15120115,0.267239822,0.182132595,0.327354361,0.306304963,0.316923361,0.124459285,,0.129010173,0.022485685,0.072291964,0.069838634,,0.041938428,0.44759433,0.810754785,0.587624917,0.489474745,0.364322854,0.417618998,0.44257769,0.468653714,0.394045408,0.351106716,0.374156644,0.56240848,0.480966262,0.527143461,0.83439137,0.623633943,0.493715059,0.372903434,0.295300177,0.27450334,0.474626021,0.441745411,0.278336446,0.214131492,0.318653601,0.227786281,0.19631821,0.286544845,0.447154399,0.335424855,1.287865097,
PER,TX.VAL.MMTL.ZS.UN,,,40.19189324,36.92642478,40.55486207,43.94886465,47.88733009,51.51165227,51.28585449,54.72463935,48.35462925,41.88009142,47.17331062,56.32122495,57.17938215,45.33431177,52.76266062,53.17859879,47.55343811,46.25060692,42.93178615,,42.0638721,47.39996904,40.12209611,42.56473625,37.62255781,43.52925545,48.28661092,41.46418849,47.06235133,45.31873966,48.41902842,43.57316162,42.96122216,45.61147386,42.27974378,39.37254489,42.13112358,40.21226998,39.25433446,37.01108142,39.69490092,39.87842728,48.10834645,48.70945384,57.06877798,58.2411513,52.35943733,48.97152677,53.25717243,51.0629035,49.77420001,48.60397507,45.77706828,48.68630251,52.45631811,
PER,TX.VAL.MANF.ZS.UN,,,0.87623369,0.880283995,0.720285464,0.541003138,0.614208621,0.553824299,0.694866397,1.290192335,1.42145851,1.254129292,1.672546448,2.723419572,3.414983107,2.855842535,4.207011041,6.651432921,9.804182932,14.66217929,16.84844241,,13.91553601,11.72946837,11.63243778,11.98749927,16.47162039,16.53032919,15.55261605,20.45035757,18.35441975,18.55533889,17.04147416,16.86877023,15.09108547,14.80960856,15.96555742,16.5089406,24.05691114,21.22098604,20.29817708,22.46106809,20.69923489,21.51881188,19.22064698,17.40270341,14.01584909,14.07362446,16.05274844,16.39669703,13.69395646,13.61334576,14.53062549,14.45650572,14.71336393,14.92353261,13.09174439,
PER,TX.VAL.INSF.ZS.WT,,,,,,,,,,,,,,,,,,4.098994586,3.293209176,1.515943544,3.501358286,3.797468354,3.87275242,3.235747304,0.662142029,22.04472843,12.94768546,22.9838148,18.57247584,17.87659043,11.64483261,10.12658228,18.96813354,11.97427251,15.29369893,10.02255735,9.917387593,9.500368351,22.48709006,10.87724923,10.94580227,12.30761206,9.93095946,6.764285378,5.281376702,6.59567889,6.132480236,12.11501762,8.685450373,9.652198293,7.174497596,8.685888115,10.48177095,9.344045438,10.94094132,12.25223376,10.51406292,
PER,TX.VAL.ICTG.ZS.UN,,,,,,,,,,,,,,,,,,,,,,,,,,,,,,,,,,,,,,,,,0.3505906,0.160232366,0.159686902,0.128290441,0.146933986,0.241350964,0.050198581,0.03802038,0.050131718,0.094567206,0.080390785,0.054626762,0.077368791,0.123431181,0.097132076,0.147035842,,
PER,TX.VAL.FUEL.ZS.UN,,,2.349946294,1.820570814,1.439904565,1.417948002,0.969949599,1.129530027,1.284214756,0.719165857,0.718366826,0.628768274,0.847175162,1.22588641,1.200194459,1.685265005,2.403032997,3.244489992,9.841981642,15.43000024,20.60581582,,26.90235167,23.0897742,26.48252178,23.89546616,12.65152759,13.06412279,6.674020204,7.09663795,10.02939356,5.512999458,6.471842074,6.368760367,4.374278171,5.39026594,7.363950479,6.571896024,5.345252739,5.277603133,7.055122339,7.315619814,7.769094994,9.588444284,6.724339396,11.36552972,9.624413573,10.08249977,11.11842799,10.34876068,11.91518067,13.47911646,14.66284705,16.06432449,14.47580894,8.740971149,7.839318158,
PER,TX.VAL.FOOD.ZS.UN,,,36.6169138,40.1864026,40.80459648,38.59499962,37.35715732,37.75561649,38.63607454,34.06285852,43.51958065,50.26153562,43.74300533,31.29627503,30.35541121,44.01025208,31.43891018,31.57201124,27.5869055,20.00645891,15.78478571,,12.30189219,13.08598439,17.55837626,16.86912525,27.87539681,23.0208056,25.61564795,26.35122647,21.20319057,26.47385894,24.64082544,30.54654642,35.16460644,31.4646202,31.6587766,34.82177619,25.99695949,30.34897128,30.32758198,30.72315691,28.91886146,26.20672134,23.7358498,20.71746219,17.66023675,16.08891898,19.06693522,22.83114607,19.8202992,20.66923301,19.88724096,19.61858736,23.59616416,26.1633671,25.39145706,
PER,TX.VAL.AGRI.ZS.UN,,,19.95045979,19.9552702,16.29981058,15.32492717,13.05810214,8.93240081,7.965783083,9.021403577,5.886149202,5.881585603,6.488114821,8.273894713,7.758861208,6.060872871,8.849267107,5.158101525,5.021913689,3.513983813,3.735341957,,4.799101103,4.685520478,4.179290243,4.672108962,5.366692063,3.848654517,3.861015916,4.626036307,3.341083973,4.127190471,3.412093573,2.589234375,2.379874187,2.697648414,2.687891406,2.71040338,2.41835102,2.911237368,3.04799908,2.488004899,2.860930476,2.800770111,2.201452068,1.789929471,1.629318286,1.446264332,1.387119344,1.431820855,1.294357057,1.139153044,1.09048018,1.222911514,1.416454087,1.464527285,1.209325075,
PER,TX.QTY.MRCH.XD.WD,,,,,,,,,,,,,,,,,,,,,33.56350229,32.2768747,33.95474189,30.74719466,33.02923093,38.5818556,39.12452165,38.64430694,33.47920068,44.7782317,41.11070293,46.02586795,43.94749568,46.34560675,55.31431564,59.81625451,65.51213571,74.90517902,75.93829923,89.31467269,100,104.9394601,109.838271,118.8094748,132.4175665,151.545601,152.5837686,157.724093,167.7982648,167.7208785,170.0798865,181.2469917,189.4917843,181.6398762,179.8676438,184.0587524,205.7704704,
PER,TT.PRI.MRCH.XD.WD,,,,,,,,,,,,,,,,,,,,,245.5882353,201.3888889,200,193.1506849,195.7142857,170.7692308,129.1666667,128.5714286,139.7590361,119.1489362,114.1414141,107.2164948,117.5257732,110.5263158,118.556701,123.364486,119.4444444,127.184466,111.2244898,103.1578947,100,98.50900952,105.2847316,105.7702713,119.8817125,126.68973,162.7444613,168.3732636,148.0735901,145.9987967,176.7356988,194.4217721,185.4391568,176.8686697,167.1665289,159.0998154,155.3568576,
PER,TM.VAL.TRVL.ZS.WT,,,,,,,,,,,,,,,,,,7.428927163,7.837648705,8.707482993,12.99079011,17.23800196,19.94163424,21.41255605,22.4348685,17.8613396,18.4112715,18.95619076,20.59159084,23.86962048,27.41635688,22.5862069,19.04406273,20.54256712,18.20285035,16.57392149,17.50891294,19.33809137,19.51341932,20.92764218,19.4809991,23.93792261,25.93763841,25.65776433,24.62451599,24.88870284,24.36682609,22.92139405,20.10968104,23.28161873,21.51836563,21.32258507,19.82430265,20.91209785,20.7162751,23.01535578,24.98726525,
PER,TM.VAL.TRAN.ZS.WT,,,,,,,,,,,,,,,,,,67.25461714,61.30160952,63.24586978,59.01599612,54.75024486,51.16731518,50.11210762,46.6971231,37.95534665,46.37393033,48.45078609,43.83875486,35.65371346,43.21561338,51.81034483,45.48170276,47.85603549,50.03215017,50.50407887,42.23193875,40.20033313,41.2700828,37.49555236,39.42326849,40.12958689,37.85038109,37.25587693,41.63463897,43.43064896,43.29760528,43.64785826,45.89844718,37.18403341,41.62714407,39.6949051,39.27104216,37.65305419,36.73814215,34.26718728,31.71459744,
PER,TM.VAL.SERV.CD.WT,,,,,,,,,,,,,,,,,,481900000,428700000,514500000,825200000,1021000000,1028000000,892000000,809900000,851000000,925520000,1066670000,1078110000,1101400000,1076000000,1160000000,1339000000,1308186063,1462325926,1792014039,1998882244,2243052145,2320547331,2119077894,2169775169,2278737632,2336197190,2499849791,2611442422,3019791868,3276963695,4224409422,5576908580,4671483479,5893378873,6359204771,7258162895,7677571838,7674476692,8112039523,8119029432,
PER,TM.VAL.OTHR.ZS.WT,,,,,,,,,,,,,,,,,,16.4764474,22.04338698,23.65403304,20.31022782,20.17629775,21.30350195,22.53363229,18.71836029,29.84723854,21.50358717,20.27431164,21.03495933,27.11185764,18.49442379,14.9137931,21.2845407,18.92735929,19.18675023,22.77611932,29.57477196,30.73508021,30.28185601,33.98298598,33.46359002,27.80935544,25.40476391,25.68802949,24.99856301,23.29199092,23.2636646,25.36423285,25.65139535,28.42938695,27.87935527,28.90632099,29.69321796,29.70292742,29.28613961,29.01797423,29.91556788,
PER,TM.VAL.MRCH.XD.WD,,,,,,,,,,,,,,,,,,,,,28.1219903,39.17193224,40.51229084,28.6669997,24.88771276,20.64600041,32.7275673,40.08024375,37.66910593,30.93187157,39.04006787,47.19518177,54.69524928,55.6633048,75.39514307,102.2794059,107.1766547,115.4182421,110.8595447,92.01380514,100,98.6646224,101.0516697,113.4724074,136.2235847,168.6014675,206.4938747,274.6895104,403.9477854,294.1801698,404.9952271,509.0626816,573.7679552,588.9398661,571.0842127,511.4518405,489.0216344,
PER,TM.VAL.MRCH.WR.ZS,7.45308311,7.597097738,9.223029625,11.133058,10.17622668,11.03031966,11.35584924,11.21219572,15.48960482,16.52624757,15.0190667,13.1560067,15.1717653,16.79990641,16.24325048,17.69014621,24.3286277,28.81584411,13.77724568,10.5227636,9.647378411,11.93040597,16.6500577,15.81832315,21.34381092,22.00457152,23.68404562,20.05884845,25.68705712,22.54600611,24.03868162,35.16564206,31.57327235,29.88370202,28.26214392,29.36718469,27.55838555,23.51175432,21.30132548,22.5177477,32.31452725,29.94824071,23.86155276,22.27175889,22.47165666,36.1845159,38.16652058,34.15761353,31.75417573,28.3137964,27.34226968,26.83680508,25.8148639,23.51242541,21.51905372,20.02814746,21.48671092,
PER,TM.VAL.MRCH.WL.CD,373000000,468600000,536700000,556900000,578800000,728900000,817200000,813400000,630100000,601770000,618880000,752660000,797600000,1025720000,1531590000,2416430000,1921810000,1758130000,1419950000,1852080000,2871350000,3765840000,3301430000,2238480000,1641600000,1566220000,1914960000,3374770000,2320040000,2520100000,3171894000,2723502100,4118419800,4409345600,6121101800,8292161900,8385053600,9011396900,8758662000,7323230200,7691545071,7574788509,7774437697,8636734112,10251611488,12664370840,15591292529,20582982077,29920647166,23175908296,31933043839,40290775482,45098673671,46290022970,44886803148,40176781458,37694340800,
PER,TM.VAL.MRCH.RS.ZS,4.128686327,3.393085787,3.819638532,2.424133597,2.764340014,3.374948553,3.267254038,3.282517826,3.142358356,3.787161208,3.412616339,2.399489809,2.73445336,2.767811878,2.849979433,4.80791912,3.64552167,1.649479845,8.221416247,23.09079521,24.92277152,17.91313492,1.484811127,1.899949966,3.606237817,2.122945691,1.840247316,9.883043882,2.908570542,12.5881711,15.32144517,1.8310432,2.548144801,2.349060595,1.902909048,1.784931382,1.180226206,1.379022602,1.44786384,1.097862525,0.060300303,0.077752045,2.464747657,0.917290054,0.5321808,0.162403599,0.053330325,0.058161737,0.059503011,0.080845207,0.142328784,0.053029056,0.123132705,0.133662967,0.145169868,0.161789841,0.252771583,
PER,TM.VAL.MRCH.R6.ZS,0.080428954,0.085360649,0.093161915,0.125695816,0.138217001,0.109754424,0.110132159,0.073764446,0.111093477,0.211044087,0.208441055,0.188664204,0.162988967,0.13843934,0.274224825,0.33851591,0.152460441,0.432846263,0.812000423,0.523195542,0.435683563,0.586057825,0.620640147,0.576283907,0.079191033,0.609109831,0.010444082,0.227571064,0.329735694,0.29253601,0.312775269,0.360069486,0.23669758,0.215816606,0.469159,0.233486758,0.178242152,0.18003757,0.267129842,0.244717147,1.165966736,1.922881382,0.271919704,0.568242826,0.267709443,3.303105747,2.302873532,4.282688561,3.200029149,3.172046863,3.10038866,3.075002137,3.33636604,3.282790449,1.424210739,0.329716284,0.265696051,
PER,TM.VAL.MRCH.R5.ZS,1.554959786,1.536491677,1.45332588,1.741784881,1.105736006,1.138702154,0.954478708,0.958937792,1.015711792,0.530102863,0.641481386,0.538091569,0.46890672,0.224232734,0.144947408,0.397280285,0.088458276,0.086455495,0.064791014,0.26996674,0.397025789,0.042487201,0.109649455,0.082198635,0.135233918,0.079809988,0.051698208,0.064596995,0.062929949,0.034220864,0.081462369,0.261277566,0.152029184,0.265411266,0.420548471,0.303701258,0.403448822,0.25485283,0.407815714,0.518484316,0.486455253,0.679508793,0.684016929,0.582411596,0.618420997,1.13975005,1.052597177,1.32939111,1.765074024,1.549466025,1.754710953,1.679601037,1.874013533,1.804250842,2.152391191,2.69108034,2.518839756,
PER,TM.VAL.MRCH.R4.ZS,0.053619303,0.042680324,0.037264766,0.053869635,0.03455425,0.027438606,0.024473813,0.036882223,0.015870497,0.161191153,0.014542399,0.015943454,0.021313942,0.006824475,0.071167871,0.001241501,,0.009669365,0.006338251,0.003239601,0.004527487,0.00106218,0.002120293,0.002233659,0.053606238,0.005107839,0.007833062,0.094821277,,0.052029681,,0.018215517,0.015705053,0.040613736,0.091524372,0.055794859,0.008238469,0.037413733,0.035830815,0.082688921,0.116147275,0.093735792,0.078903469,0.071677916,0.069477301,0.079933738,0.074472985,0.288424878,0.251171793,0.121679464,0.123354138,0.070688788,0.117020193,0.099989,0.081238799,0.125834774,0.20961597,
PER,TM.VAL.MRCH.R3.ZS,7.45308311,7.597097738,9.223029625,11.133058,10.17622668,11.03031966,11.35584924,11.21219572,15.48960482,16.52624757,15.0190667,13.1560067,15.1717653,16.79990641,16.24325048,17.69014621,24.3286277,28.81584411,13.77724568,10.5227636,9.647378411,11.93040597,16.6500577,15.81832315,21.34381092,22.00457152,23.68404562,20.05884845,25.68705712,22.54600611,24.03868162,35.16564206,31.57327235,29.88370202,28.26214392,29.36718469,27.55838555,23.51175432,21.30132548,22.5177477,32.31452725,29.94824071,23.86155276,22.27175889,22.47165666,36.1845159,38.16652058,34.15761353,31.75417573,28.3137964,27.34226968,26.83680508,25.8148639,23.51242541,21.51905372,20.02814746,21.48671092,
PER,TM.VAL.MRCH.R2.ZS,,,,,0.017277125,,,,,0.073117636,0.006463289,0.042515877,0.248244734,0.203759311,0.310135219,0.312030557,0.222706719,0.713257836,0.33099757,0.029696341,0.069653647,0.104359187,0.257767089,0.02099639,0.049951267,0.016600478,0.114362702,0.218088936,0.240944122,0.393801833,0.097414983,0.034451965,0.126308153,0.12817775,0.455770888,0.790214914,0.2456323,0.137033139,0.468500782,0.314623457,0.786669771,0.982176359,0.295713014,0.519518969,0.294492891,1.335129026,1.078297233,1.022089356,1.184017488,1.460418266,1.466916068,2.446288115,1.65070056,1.705482815,1.580434886,1.612378482,1.320654717,
PER,TM.VAL.MRCH.R1.ZS,0.428954424,0.256081946,0.149059065,0.161608906,0.190048376,0.31554397,0.256975037,0.368822228,1.174416759,1.071838078,0.510599793,0.406558074,0.359829488,0.316850603,0.28728315,0.798698907,0.24143906,0.392462446,0.814817423,0.056153082,0.033782019,0.064261891,0.100865383,0.078178049,0.406920078,0.112372464,0.903413126,0.968362288,0.164221307,1.323788739,0.880237486,1.978261739,2.249214614,3.208335495,2.052262879,2.964874576,1.650081283,1.88896019,1.849726591,2.147628788,5.458022623,6.788230198,4.003374458,4.112872208,4.097076625,10.66746451,12.37536598,14.04779308,15.7429562,17.00409446,19.38606434,19.39177325,20.85622994,22.04059347,24.24405286,26.51268901,26.82976336,
PER,TM.VAL.MRCH.OR.ZS,2.117962466,1.920614597,1.732811627,2.082959239,1.485832757,1.591439155,1.346059716,1.438406688,2.317092525,2.047293817,1.381527921,1.191773178,1.261283852,0.890106462,1.087758473,1.847767161,0.705064496,1.634691405,2.028944681,0.882251307,0.940672506,0.798228284,1.091042366,0.75989064,0.724902534,0.8230006,1.08775118,1.57344056,0.797831072,2.096377128,1.371890107,2.652276273,2.779954584,3.858354854,3.489265609,4.348072365,2.485643026,2.498297462,3.029003745,3.308142628,8.013261657,10.46653253,5.333927573,5.854723515,5.347177257,16.52538307,16.8836069,20.97038699,22.14324865,23.30770508,25.83143416,26.66335332,27.83433027,28.93310658,29.48232847,31.27169889,31.14456986,
PER,TM.VAL.MRCH.HI.ZS,86.3002681,87.08920188,85.22452022,84.35984917,85.57360055,84.00329263,84.030837,84.06687976,79.05094429,77.63929741,80.18678904,83.25273032,80.83249749,79.54217525,79.81901162,75.65416751,71.32078613,67.89998464,75.97239339,65.50418988,64.48917756,69.35823083,80.7740888,81.52183625,74.32504873,75.04948219,73.38795588,68.4846671,70.60654127,62.76944566,59.2679831,60.35103847,63.09862827,63.90888253,66.34568143,64.49981156,68.77574521,72.61092562,74.22180694,73.07624715,59.61191079,59.50747472,68.33977201,70.95622755,71.64898528,47.12769743,44.89654219,44.81383775,46.04307261,48.29765332,46.68396738,46.44681254,46.22767313,47.42080505,48.85344794,48.5383638,47.11594764,
PER,TM.VAL.MRCH.CD.WT,378602000,469411000,536685000,556972000,579456000,729679000,828710000,825238000,645530000,612687000,622920000,763023000,796460000,1018550000,1530540000,2550010000,2037260000,1910910000,1174740000,1820100000,2573000000,3160000000,2940000000,2234000000,1881000000,1767000000,2391000000,3003000000,3109000000,2009000000,2634000000,2813000000,3964000000,4231000000,5626000000,7584000000,7947000000,8588000000,8220000000,6823000000,7415000000,7316000000,7493000000,8414000000,10101004000,12501829885,15311558831,20368278180,29952802806,21813514000,30030471000,37747092000,42545000000,43670000000,42346000000,37925000000,36264000000,
PER,TM.VAL.MRCH.AL.ZS,0.026809651,0.021340162,0.018632383,0.03591309,0.017277125,0.013719303,0.012236907,0.012294074,,0.004985293,0.001615822,0.014614833,0.01003009,0.00194985,0.053539133,0.002483002,,,,0.000539933,,,0.00302899,0.001340195,0.052997076,0.005107839,0.013577307,0.095710226,,0.051942383,0.000520194,0.012762979,0.005822622,0.046127026,0.184971601,0.073968647,0.008671382,0.0398795,0.114023124,0.175997472,0.154096412,0.23814352,0.102881704,0.08288288,0.153768781,0.356970382,0.130633422,0.131617683,0.444951098,0.248015108,0.295357926,0.389632434,0.496380837,0.470242724,0.571167379,0.557439486,0.883537804,
PER,TM.VAL.MMTL.ZS.UN,,,1.130368239,1.106455994,1.190442941,1.351720975,1.118377792,1.296354139,1.454286111,1.341202328,1.506589367,2.040381588,1.836253032,1.799475562,1.812338275,1.849153388,1.61027708,1.492789057,2.121188613,2.332682735,2.186196975,,1.089870942,1.38730635,2.427720062,2.276027266,2.840095437,1.871725227,1.908918193,1.551042656,1.008291626,0.918207631,0.886948381,0.808843528,0.770479146,0.812986902,0.693822838,0.588928976,0.950967043,0.576270436,0.60668914,0.605121848,0.664242339,0.738363343,1.039592371,0.971630117,1.031750278,0.874155803,1.14087245,1.067642421,1.285763013,1.081427516,0.975673389,1.024920127,1.24183866,1.021131695,0.997079639,
PER,TM.VAL.MANF.ZS.UN,,,76.10068894,76.60497167,74.65998633,74.44176766,75.50827982,75.22530655,68.90080299,70.07292506,72.29041025,72.23772753,70.30030333,75.68703409,67.65976388,67.96240912,66.12535225,61.57290671,72.05983947,71.31139414,72.5840529,,77.7506417,68.38128474,67.72481287,73.11519829,68.32809419,71.46268724,52.4676425,64.31843283,61.16636811,66.07847254,65.36251727,69.56444392,73.19496189,74.94715882,71.23056515,73.27791095,72.8286326,72.92107513,70.29441377,70.87356348,70.17839665,67.46745757,65.56808412,65.99501577,67.87946324,65.33793944,69.0915928,72.3815435,72.46733517,71.26183191,73.16567114,72.38684436,72.77070569,76.12425156,74.88029561,
PER,TM.VAL.INSF.ZS.WT,,,,,,,,,,,,,,,,,,8.8400083,8.817354794,4.392614189,7.682985943,7.835455436,7.587548638,5.941704036,12.1496481,14.33607521,13.71121099,12.3187115,14.53469498,13.36480843,10.87360595,10.68965517,14.1896938,12.6740381,12.57824926,10.14588032,10.68437634,9.72649528,8.93464186,7.593819484,7.632142393,8.123135063,10.80721659,11.39832925,8.742282029,8.388657271,9.071904028,8.066514846,8.340476432,11.10496091,8.975135033,10.07618884,11.21143724,11.73192054,13.25944313,13.69948271,13.38256943,
PER,TM.VAL.ICTG.ZS.UN,,,,,,,,,,,,,,,,,,,,,,,,,,,,,,,,,,,,,,,,,8.891186197,9.295373435,8.168490721,8.896511182,8.755276682,8.353449676,8.65951655,7.100751969,7.795445929,7.683782883,7.496648091,7.425058848,7.836450034,7.846361687,8.994515907,9.557094505,,
PER,TM.VAL.FUEL.ZS.UN,,,3.312590101,3.125143985,3.511554127,3.182668328,3.359816265,3.250343968,4.036650051,3.496550511,2.293013085,4.038218819,6.164354536,6.02303595,12.83188722,12.10893042,16.61882388,19.97538464,5.702948993,3.196490522,2.447286398,,1.669140551,3.308633087,3.373008644,2.512719356,2.880377583,4.235018485,4.331012817,10.65439608,12.45990594,10.96909437,10.11132838,8.114070637,6.525418652,8.784532893,10.14757156,10.37291304,7.920178944,9.709159522,15.63472212,13.29871725,13.83736011,17.36254315,18.71755863,19.80111702,19.36061298,18.79506174,18.28366007,14.18330415,14.24805274,15.74072014,14.47786271,15.49124446,14.23706658,10.40707985,11.33172889,
PER,TM.VAL.FOOD.ZS.UN,,,16.43815288,16.09178592,17.38553707,17.2946931,16.46920132,16.78240357,21.78646767,21.72323039,20.13894668,17.27153891,18.17151926,13.36666328,15.05305595,15.75434052,13.96802537,14.94971345,17.45547204,20.24571156,19.76752115,,17.77443143,25.16511487,23.53606461,19.45085337,22.71246746,19.46616524,18.66162308,21.43172342,23.56558125,20.08748929,21.86646732,19.64314476,17.62545255,13.54850611,16.61350267,14.22977787,16.30113288,14.67378899,11.64862879,13.32812244,13.46849444,12.58036131,12.70911207,11.44447512,10.21461159,10.43337971,9.982669422,10.9977181,10.32661803,10.17709779,10.00597524,9.848822669,10.51553216,11.2166032,11.60515573,
PER,TM.VAL.AGRI.ZS.UN,,,2.977685032,2.857197185,3.029034838,3.539861456,3.343866328,3.256695536,3.653301321,3.355987452,3.764453919,4.395058977,3.514948324,3.099484535,2.628596781,2.315626107,1.671701003,1.981606571,2.371259297,2.877486396,2.826686866,,1.69815866,1.696264663,2.930368031,2.628679401,3.228864554,2.950381722,3.031045077,2.033738858,1.787641146,1.904296195,1.570178971,1.851847471,1.872976243,1.896041522,1.303996233,1.511351237,1.984906796,2.10997935,1.806376377,1.880378759,1.842181183,1.842355684,1.954877448,1.778411246,1.504560656,1.610292519,1.429592037,1.350961328,1.654092593,1.719158731,1.357363803,1.236191807,1.224563876,1.185020666,1.104324311,
PER,TM.TAX.TCOM.WM.FN.ZS,,,,,,,,,,,,,,,,,,,,,,,,,,,,,,,,,,15.78,,15.24,,13.78,13.76,13.53,13.93,11.97,11.77,11.26,11.62,11.05,4.58,4.62,2.12,1.78,1.76,1.05,,0.75,0.75,0.62,,
PER,TM.TAX.TCOM.WM.AR.ZS,,,,,,,,,,,,,,,,,,,,,,,,,,,,,,,,,,15.78,,15.24,,13.78,13.76,13.53,13.93,11.97,11.77,11.26,9.69,9.77,2.52,2.73,1.34,1.1,1.38,0.67,,0.44,0.43,0.62,,
PER,TM.TAX.TCOM.SR.ZS,,,,,,,,,,,,,,,,,,,,,,,,,,,,,,,,,,0,,0,,0,0,0,0,0,0,0,0,0,0,0,0,0,0,0,,0,0,0,,
PER,TM.TAX.TCOM.SM.FN.ZS,,,,,,,,,,,,,,,,,,,,,,,,,,,,,,,,,,17.16,,16.24,,13.83,13.76,13.76,15.14,12.34,12.34,12.32,12.34,11.95,11.75,11.75,7.95,4.9,4.87,2.94,,2.72,2.72,1.49,,
PER,TM.TAX.TCOM.SM.AR.ZS,,,,,,,,,,,,,,,,,,,,,,,,,,,,,,,,,,18.17,,16.27,,14.24,14.25,14.15,15.54,12.58,12.58,12.4,11.04,10.74,9.22,9.09,5.66,3.49,3.7,1.83,,1.8,1.75,1.76,,
PER,TM.TAX.TCOM.IP.ZS,,,,,,,,,,,,,,,,,,,,,,,,,,,,,,,,,,32.52063,,12.78582,,23.85668,23.36449,21.62613,26.39662,20.48605,20.64962,19.83646,17.09304,15.42022,13.39479,13.4089,10.62236,1.361917,1.173709,0,,0,0,0,,
PER,TM.TAX.TCOM.BR.ZS,,,,,,,,,,,,,,,,,,,,,,,,,,,,,,,,,,,,30.54,,30.54,30.5,30.5,30.5,30.5,30.48,30.48,30.48,30.48,30.48,30.48,30.49,30.49,30.49,30.49,,30.48,30.48,30.48,,
PER,TM.TAX.TCOM.BC.ZS,,,,,,,,,,,,,,,,,,,,,,,,,,,,,,,,,,,,100,,100,100,100,100,100,100,100,100,100,100,100,100,100,100,100,,100,100,100,,
PER,TM.TAX.MRCH.WM.FN.ZS,,,,,,,,,,,,,,,,,,,,,,,,,,,,,,,,,,16.39,,15.34,,12.7,12.71,12.65,12.82,11.32,9.92,9.5,9.82,9.12,6.82,6.63,2.65,2.83,2.83,1.88,,1.86,1.86,1.8,,
PER,TM.TAX.MRCH.WM.AR.ZS,,,,,,,,,,,,,,,,,,,,,,,,,,,,,,,,,,16.39,,15.34,,12.7,12.71,12.65,12.82,11.32,9.92,9.5,8.7,8.33,5.25,5.18,2.09,2.24,2.52,1.51,,1.52,1.43,1.8,,
PER,TM.TAX.MRCH.SR.ZS,,,,,,,,,,,,,,,,,,,,,,,,,,,,,,,,,,0,,0,,0,0,0,0,0,0,0,0,0,0,0,0,0,0,0,,0,0,0,,
PER,TM.TAX.MRCH.SM.FN.ZS,,,,,,,,,,,,,,,,,,,,,,,,,,,,,,,,,,17.91,,16.54,,13.41,13.38,13.38,13.69,11.86,10.73,10.31,10.73,10.2,10.19,10.19,6.08,5.38,5.36,3.67,,3.36,3.36,2.44,,
PER,TM.TAX.MRCH.SM.AR.ZS,,,,,,,,,,,,,,,,,,,,,,,,,,,,,,,,,,17.92,,16.24,,13.2,13.14,13.08,13.2,11.86,10.31,9.68,9.76,9.19,8.56,8.48,4.69,4.54,4.74,3.12,,2.88,2.8,2.81,,
PER,TM.TAX.MRCH.IP.ZS,,,,,,,,,,,,,,,,,,,,,,,,,,,,,,,,,,24.10856,,9.361765,,12.23515,11.3002,11.51156,11.75477,10.9787,11.34544,11.42064,10.84973,11.0543,9.960875,10.26674,9.646162,9.025331,9.399102,0,,0,0,0,,
PER,TM.TAX.MRCH.BR.ZS,,,,,,,,,,,,,,,,,,,,,,,,,,,,,,,,,,,,30.12,,30.12,30.11,30.11,29.27,29.27,29.29,29.29,29.29,29.29,29.29,29.29,29.53,29.53,29.53,29.53,,29.55,29.55,29.55,,
PER,TM.TAX.MRCH.BC.ZS,,,,,,,,,,,,,,,,,,,,,,,,,,,,,,,,,,,,99.98,,99.86,100,100,100,100,99.96,99.96,99.96,99.96,99.96,99.96,99.98,99.98,99.98,99.98,,100,100,100,,
PER,TM.TAX.MANF.WM.FN.ZS,,,,,,,,,,,,,,,,,,,,,,,,,,,,,,,,,,16.61,,15.37,,12.3,12.31,12.32,12.35,11.05,9.14,8.65,8.88,8.13,7.88,7.6,2.89,3.23,3.24,2.21,,2.29,2.29,2.17,,
PER,TM.TAX.MANF.WM.AR.ZS,,,,,,,,,,,,,,,,,,,,,,,,,,,,,,,,,,16.61,,15.37,,12.3,12.31,12.32,12.35,11.05,9.14,8.65,8.18,7.59,6.54,6.37,2.42,2.68,2.95,1.85,,1.93,1.81,2.17,,
PER,TM.TAX.MANF.SR.ZS,,,,,,,,,,,,,,,,,,,,,,,,,,,,,,,,,,0,,0,,0,0,0,0,0,0,0,0,0,0,0,0,0,0,0,,0,0,0,,
PER,TM.TAX.MANF.SM.FN.ZS,,,,,,,,,,,,,,,,,,,,,,,,,,,,,,,,,,18.12,,16.63,,13.3,13.27,13.27,13.28,11.73,10.25,9.7,10.25,9.67,9.72,9.72,5.5,5.5,5.48,3.88,,3.56,3.56,2.75,,
PER,TM.TAX.MANF.SM.AR.ZS,,,,,,,,,,,,,,,,,,,,,,,,,,,,,,,,,,17.89,,16.23,,13.1,13.03,12.98,12.97,11.79,10.11,9.44,9.65,9.06,8.5,8.43,4.6,4.62,4.82,3.22,,2.96,2.89,2.89,,
PER,TM.TAX.MANF.IP.ZS,,,,,,,,,,,,,,,,,,,,,,,,,,,,,,,,,,23.14358,,9.006858,,11.03281,10.01446,10.4318,10.22804,10.01398,10.37501,10.56703,10.23835,10.65011,9.646411,9.977664,9.58959,9.754161,10.25146,0,,0,0,0,,
PER,TM.TAX.MANF.BR.ZS,,,,,,,,,,,,,,,,,,,,,,,,,,,,,,,,,,,,30,,30,30,30,28.91,28.91,28.93,28.93,28.93,28.93,28.93,28.93,29.23,29.23,29.23,29.23,,29.23,29.23,29.23,,
PER,TM.TAX.MANF.BC.ZS,,,,,,,,,,,,,,,,,,,,,,,,,,,,,,,,,,,,99.97,,99.82,100,100,100,100,99.95,99.95,99.95,99.95,99.95,99.95,99.97,99.97,99.97,99.97,,100,100,100,,
PER,TM.QTY.MRCH.XD.WD,,,,,,,,,,,,,,,,,,,,,41.35586808,54.40546145,58.71346499,39.26986261,35.55387537,31.76307756,45.45495459,52.05226461,45.38446498,32.90624636,39.43441199,48.65482657,56.38685493,58.59295242,77.72695162,97.78903517,98.36728453,112.3003475,113.8287721,96.54724733,100,100.9662658,105.361049,109.0932094,117.4159602,129.6269495,149.653672,180.5904958,225.0403793,185.8205337,236.4820924,269.0206094,295.7631868,307.0194979,302.0909747,302.6793421,293.6968063,
PER,TG.VAL.TOTL.GD.ZS,31.55563809,33.30696421,32.75364433,30.49771949,28.6087363,27.03730527,26.05769082,25.45152183,26.35207301,23.02192444,22.48021837,19.97619209,18.94466951,19.37671458,21.89163957,22.757793,21.29979873,24.87321356,24.93193778,33.27181515,35.68429242,29.6316653,28.44426505,30.26123397,28.56873363,28.67876977,32.28761994,27.35928104,37.63097543,24.43158988,22.20338564,17.71451985,20.60918556,22.02905674,22.68165837,24.68263073,25.05591876,26.53423453,25.18311773,25.77543256,27.91201086,27.5397968,27.76118871,29.80490886,34.31248894,39.27069666,44.15641797,47.43229205,50.57738768,40.36916849,44.62416197,48.97659689,46.69404311,43.00349994,40.72560024,38.23188705,38.12746185,
PER,ST.INT.XPND.MP.ZS,,,,,,,,,,,,,,,,,,,,,,,,,,,,,,,,,,,,4.603250452,5.032234374,5.724207451,6.214624987,7.52280071,6.861138937,8.313546183,8.416291444,7.96589178,6.917703705,6.49716874,5.85684827,5.264166876,4.237564709,5.478860315,4.762752434,4.115340684,3.983691104,4.277143131,4.364519734,5.585444666,6.219539167,
PER,ST.INT.XPND.CD,,,,,,,,,,,,,,,,,,,,,,,,,,,,,,,,,,,,428000000,492000000,608000000,642000000,652000000,641000000,773000000,806000000,847000000,852000000,970000000,1047000000,1243000000,1432000000,1404000000,1640000000,1768000000,1900000000,2119000000,2119000000,2527000000,2687000000,
PER,ST.INT.TVLX.CD,,,,,,,,,,,,,,,,,,,,,,,,,,,,,,,,,,,,297000000,350000000,434000000,453000000,443000000,423000000,545000000,606000000,641000000,643000000,752000000,798000000,968000000,1122000000,1088000000,1268000000,1356000000,1439000000,1606000000,1590000000,1867000000,2029000000,
PER,ST.INT.TVLR.CD,,,,,,,,,,,,,,,,,,,,,,,,,,,,,,,,,,,,428000000,670000000,816000000,845000000,890000000,837000000,733000000,787000000,963000000,1142000000,1308000000,1570000000,1723000000,1991000000,2014000000,2008000000,2262000000,2443000000,3000000000,3077000000,3309000000,3501000000,
PER,ST.INT.TRNX.CD,,,,,,,,,,,,,,,,,,,,,,,,,,,,,,,,,,,,131000000,142000000,174000000,189000000,209000000,218000000,228000000,200000000,206000000,209000000,218000000,249000000,275000000,310000000,316000000,372000000,412000000,461000000,513000000,529000000,660000000,658000000,
PER,ST.INT.TRNR.CD,,,,,,,,,,,,,,,,,,,,,,,,,,,,,,,,,,,,93000000,103000000,95000000,102000000,21000000,24000000,30000000,49000000,60000000,90000000,130000000,205000000,284000000,405000000,426000000,467000000,552000000,631000000,916000000,830000000,831000000,802000000,
PER,ST.INT.RCPT.XP.ZS,,,,,,,,,,,,,,,,,,,,,,,,,,,,,,,,,,,,8.23968443,10.85742263,11.21340294,13.13195119,12.21775395,10.4936515,9.354403376,9.389052004,9.633885093,8.444842303,7.419488917,6.794161838,6.490107672,6.984062627,8.026156909,6.372641677,5.634620244,5.958290815,8.154249186,8.654042965,10.27651698,9.979956916,
PER,ST.INT.RCPT.CD,,,,,,,,,,,,,,,,,,,,,,,,,,,,,,,,,,,,521000000,773000000,911000000,947000000,911000000,861000000,763000000,836000000,1023000000,1232000000,1438000000,1775000000,2007000000,2396000000,2440000000,2475000000,2814000000,3074000000,3916000000,3907000000,4140000000,4303000000,
PER,ST.INT.DPRT,,,,,,,,,,,,,,,,,,,,,,,,,,,,,,,,,,,,508000,510000,577000,538000,513000,730000,1060000,1232000,1433000,1635000,1841000,1857000,1915000,1913000,1891000,2058000,2132000,2296000,2364000,2442000,2595000,2751000,
PER,ST.INT.ARVL,,,,,,,,,,,,,,,,,,,,,,,,,,,,,,,,,,,,479000,584000,649000,726000,694000,800000,901000,1064000,1136000,1350000,1571000,1721000,1916000,2058000,2140000,2299000,2598000,2846000,3164000,3215000,3456000,3744000,
PER,NY.EXP.CAPM.KN,8270494671,9455386330,10346868825,10758281275,13235965050,12964392007,14463169895,15097957383,17224161308,18524480464,21318800526,18663452687,18977878385,19377364436,18761224933,13632103047,14352640937,16915951139,18900245579,26375589730,30099226920,25230312951,26182843630,23886763253,24985271578,24038152635,19250362224,20447703016,17728817408,17690292735,22334542685,19387936062,20229530006,19800923673,25983381485,28713082210,30359545020,35756587627,33874074158,35181620793,37735334386,39081487478,42829561657,46623369553,60676243600,73985260515,91531932764,1.00774E+11,99991895271,99039289554,1.19884E+11,1.39683E+11,1.4E+11,1.31153E+11,1.21893E+11,1.16464E+11,1.30501E+11,
PER,NE.TRD.GNFS.ZS,40.48130752,43.00818805,41.92622851,40.02640036,37.31221613,34.66368268,34.72761708,35.59791635,36.98378392,34.28676238,32.99367588,28.61499979,28.14686136,28.67298866,35.46343433,31.9224799,31.41887679,37.5938277,39.71091494,45.58713543,47.64339805,41.28004986,41.07045394,43.2368002,39.19006131,44.87870948,34.51633162,27.35090838,33.22179096,22.5367606,29.4696769,26.40501376,27.8434233,28.4998245,28.92299577,30.92721785,31.65420409,33.46954585,32.95302179,33.20577656,35.53803216,35.06440143,35.24918133,37.62461033,41.93607827,47.35731748,51.78505603,55.68811328,58.43376739,48.11192962,51.67280894,55.98828028,52.61989526,49.77670278,46.79245944,45.00843946,44.80476138,
PER,NE.RSB.GNFS.ZS,-0.05988398,-1.392162404,-1.993627986,-3.132249241,-0.286775813,-3.322368898,-3.601364065,-4.750388296,-0.766270264,0.643450925,1.842223837,-0.935491671,-0.647086127,-2.02157146,-7.234821351,-10.79723671,-7.96071003,-6.644266506,0.65486278,8.422911079,3.397646175,-4.156443812,-3.433500474,0.233635894,4.442949701,7.411401416,-1.631108634,-2.02006556,-3.022810113,0.122512226,1.924706024,-2.232980555,-2.936163787,-3.829392748,-3.38003023,-5.727447345,-5.021164255,-4.515025338,-5.547218088,-2.412000542,-2.001284721,-1.861642387,-0.699565626,0.404723569,3.888389234,6.340204747,9.288216873,7.356119777,1.02149303,4.772175863,3.979519367,5.017239229,2.279333479,-0.170507845,-1.637058061,-2.412505996,0.08863622,
PER,NE.RSB.GNFS.CD,-1540160.905,-40367904.54,-65526030.11,-112790972.4,-12494575.19,-171662185.1,-220173271.8,-294726144.4,-43953904.77,41315403.44,136918187,-77548357.45,-59463419.35,-222259286.5,-1002633464,-1822267325,-1269550900,-971417454.9,81830209.87,1344503765,616130148.8,-899834241.1,-748279816.5,40525604.81,781944043.8,1226500000,-248650000,-418200000,-466704000,27564710.57,508322303.2,-774221750.9,-1061106846,-1346342115,-1517027864,-3053462186,-2774314468,-2625375375,-3078787465,-1210518540,-1035559758,-968615489.9,-383204935,237698321.5,2596227078,4822398156,8233372015,7515819751,1231415975,5765885399,5870942622,8617697251,4391113133,-343091898.3,-3291299753,-4564753172,170365322.5,
PER,NE.IMP.GNFS.ZS,20.27059575,22.20017523,21.95992825,21.5793248,18.79949597,18.99302579,19.16449057,20.17415232,18.87502709,16.82165573,15.57572602,14.77524573,14.39697374,15.34728006,21.34912784,21.3598583,19.68979341,22.1190471,19.52802608,18.58211217,22.12287594,22.71824684,22.25197721,21.50158215,17.3735558,18.73365403,18.07372012,14.68548697,18.12230054,11.20712419,13.77248544,14.31899716,15.38979354,16.16460862,16.151513,18.3273326,18.33768417,18.99228559,19.25011994,17.80888855,18.76965844,18.46302191,17.97437348,18.60994338,19.02384452,20.50855637,21.24841958,24.16599675,28.70613718,21.66987688,23.84664478,25.48552053,25.17028089,24.97360531,24.21475875,23.71047273,22.35806258,
PER,NE.IMP.GNFS.KD.ZG,,21.61543098,12.8072958,10.5887522,6.801748113,16.9035042,13.34563737,10.88152723,-9.089528053,-0.618281067,6.849007959,4.516365925,-0.271016311,12.3093956,27.15866828,-2.857847628,-12.59839663,0.352784926,-24.36825344,-0.75463444,43.76549672,18.35045225,0.259067358,-23.67571059,-15.79771477,-13.43418606,22.85183465,12.0463138,-10.25349024,-17.76012783,11.98354192,17.21779955,8.833260775,3.796151846,26.63789117,27.09981741,0.100562672,12.201306,1.447514283,-14.48714985,3.79917922,2.900163356,2.530830112,2.394309308,10.40520699,12.17769309,12.69950809,21.29971268,24.98026069,-15.93997266,26.5804226,13.59561608,9.997686514,2.866601753,-1.002612548,-0.822299225,0.254519652,
PER,NE.IMP.GNFS.KD,2840439556,3454412807,3896829674,4309455311,4602573607,5380569830,6098641168,6762266467,6147608360,6109598861,6528045773,6822876208,6804385101,7641963781,9717419374,9439710335,8250458186,8279564559,6261979283,6214724231,8934629160,10574174018,10601568251,8091571633,6813288226,5897978409,7245774683,8118623439,7286181177,5992146086,6710217424,7865569210,8560355449,8885319541,11252181290,14301501874,14315883846,16062608641,16295117195,13934419149,14463812705,14883286901,15259957608,15625328193,17251175934,19351971193,21809576340,26454953436,33063469769,27793161728,35180701568,39963734686,43959183599,45219318327,44765943767,44397833758,44510834970,
PER,NE.IMP.GNFS.CD,521341086.3,643728455.5,721773033.7,777062373.4,819077847.6,981343255.1,1171641777,1251655604,1082687378,1080103339,1157622719,1224806241,1322997436,1687338580,2958656331,3604938272,3140071030,3233890215,2440179104,2966162120,4011768778,4918304523,4849483945,3729583692,3057686761,3100200000,2755200000,3040233333,2797976000,2521553528,3637366658,4964700219,5561752159,5683170881,7249134948,9770813015,10132013201,11043543544,10684099133,8937804698,9712312674,9606339614,9845922051,10929811451,12701974339,15598932266,18835277591,24690635986,34605420554,26182192418,35180701568,43774372753,48490294207,50251304637,48683691441,44863082527,42973837812,
PER,NE.EXP.GNFS.ZS,20.21071177,20.80801282,19.96630026,18.44707556,18.51272016,15.67065689,15.56312651,15.42376403,18.10875683,17.46510665,17.41794986,13.83975406,13.74988762,13.3257086,14.11430649,10.56262159,11.72908338,15.47478059,20.18288886,27.00502325,25.52052211,18.56180303,18.81847673,21.73521805,21.81650551,26.14505545,16.44261149,12.66542141,15.09949042,11.32963641,15.69719146,12.0860166,12.45362975,12.33521588,12.77148277,12.59988525,13.31651992,14.47726026,13.70290185,15.39688801,16.76837372,16.60137952,17.27480785,19.01466695,22.91223375,26.84876111,30.53663645,31.52211653,29.72763021,26.44205274,27.82616415,30.50275976,27.44961437,24.80309747,22.57770069,21.29796673,22.4466988,
PER,NE.EXP.GNFS.KD.ZG,,18.00502332,6.756263683,-1.800056964,6.897151807,2.897764272,4.683050311,5.889168766,9.867262953,-1.771099467,5.717686475,-2.92731746,9.295931956,-18.51196793,5.204263734,2.301485421,3.432822443,12.94627383,12.94307197,16.65987365,-9.829097156,-2.57660392,9.919464422,-11.47560755,7.428474114,4.10259662,-13.33942439,-3.577578633,-6.669825418,18.81516773,-11.67789647,5.775528431,4.369546862,3.10793501,19.3932261,5.50109529,8.899789769,13.0988131,6.442028069,6.945021876,7.799107721,6.800384668,7.8209416,6.330529707,14.71508113,14.16135855,1.182316655,6.66172735,7.781769107,-3.292332621,3.232102056,5.489002628,3.106122199,-0.564693912,-3.811586541,1.640899259,12.91526754,
PER,NE.EXP.GNFS.KD,5275553666,6225418334,6646024012,6526391794,6976526944,7178690249,7514871925,7957435415,8742616492,8587776058,9078798168,8813032924,9632286468,7849160686,8257651709,8447700359,8737694913,9868900823,11146239759,13003189219,11725093117,11422983909,12556082733,11115195955,11940885410,12430771771,10772578369,10387180907,9694374074,11518386817,10173281530,10760842297,11231042344,11580095841,13825850010,14586423193,15884584192,17965276187,19122604322,20450673376,22045643422,23544831977,25386259536,26993344237,30965436743,35350563267,35768518864,38151320068,41120167707,39766355012,41051644190,43304970018,44650075305,44397939048,42705673179,43406430254,49012486851,
PER,NE.EXP.GNFS.CD,519800925.4,603360551,656247003.6,664271400.9,806583272.4,809681070,951468505,956929459.5,1038733473,1121418743,1294540906,1147257884,1263534016,1465079294,1956022867,1782670947,1870520130,2262472760,2522009313,4310665886,4627898927,4018470282,4101204128,3770109296,3839630805,4326700000,2506550000,2622033333,2331272000,2549118239,4145688961,4190478468,4500645313,4336828767,5732107084,6717350829,7357698733,8418168168,7605311668,7727286157,8676752916,8637724124,9462717116,11167509772,15298201418,20421330421,27068649606,32206455737,35836836529,31948077817,41051644190,52392070005,52881407340,49908212739,45392391687,40298329356,43144203135,
PER,MS.MIL.XPRT.KD,,,,,,,,,,,,,,,,,,,,,,,53000000,,,,,,,,,,,,,,,,,,,14000000,,,5000000,,,,,,,,,,,,,
PER,MS.MIL.MPRT.KD,191000000,96000000,14000000,18000000,18000000,58000000,60000000,28000000,197000000,89000000,35000000,156000000,159000000,465000000,680000000,658000000,378000000,939000000,668000000,642000000,710000000,870000000,278000000,322000000,364000000,333000000,248000000,603000000,241000000,16000000,97000000,108000000,126000000,42000000,175000000,46000000,124000000,312000000,52000000,97000000,24000000,5000000,16000000,22000000,47000000,368000000,193000000,172000000,,43000000,46000000,63000000,10000000,49000000,153000000,248000000,136000000,
PER,LP.LPI.TRAC.XQ,,,,,,,,,,,,,,,,,,,,,,,,,,,,,,,,,,,,,,,,,,,,,,,,2.7,,,2.89,,2.99,,2.8125,,2.942091,
PER,LP.LPI.TIME.XQ,,,,,,,,,,,,,,,,,,,,,,,,,,,,,,,,,,,,,,,,,,,,,,,,3,,,3.38,,3.4,,3.298387,,3.227712,
PER,LP.LPI.OVRL.XQ,,,,,,,,,,,,,,,,,,,,,,,,,,,,,,,,,,,,,,,,,,,,,,,,2.77,,,2.8,,2.94,,2.840685,,2.893389,
PER,LP.LPI.LOGS.XQ,,,,,,,,,,,,,,,,,,,,,,,,,,,,,,,,,,,,,,,,,,,,,,,,2.73,,,2.61,,2.91,,2.78125,,2.865053,
PER,LP.LPI.ITRN.XQ,,,,,,,,,,,,,,,,,,,,,,,,,,,,,,,,,,,,,,,,,,,,,,,,2.91,,,2.75,,2.87,,2.9375,,2.912407,
PER,LP.LPI.INFR.XQ,,,,,,,,,,,,,,,,,,,,,,,,,,,,,,,,,,,,,,,,,,,,,,,,2.57,,,2.66,,2.73,,2.720363,,2.623704,
PER,LP.LPI.CUST.XQ,,,,,,,,,,,,,,,,,,,,,,,,,,,,,,,,,,,,,,,,,,,,,,,,2.68,,,2.5,,2.68,,2.46875,,2.755978,
PER,LP.IMP.DURS.MD,,,,,,,,,,,,,,,,,,,,,,,,,,,,,,,,,,,,,,,,,,,,,,,,4.4,,,3.8,,2,,2,,1,
PER,LP.EXP.DURS.MD,,,,,,,,,,,,,,,,,,,,,,,,,,,,,,,,,,,,,,,,,,,,,,,,1.7,,,2.03,,1,,3,,2,
PER,IC.IMP.TMDC,,,,,,,,,,,,,,,,,,,,,,,,,,,,,,,,,,,,,,,,,,,,,,,,,,,,,,,72,72,72,
PER,IC.IMP.TMBC,,,,,,,,,,,,,,,,,,,,,,,,,,,,,,,,,,,,,,,,,,,,,,,,,,,,,,,72,72,72,
PER,IC.IMP.DURS,,,,,,,,,,,,,,,,,,,,,,,,,,,,,,,,,,,,,,,,,,,,,,29,29,29,25,24,17,17,17,17,17,,,
PER,IC.IMP.DOCS,,,,,,,,,,,,,,,,,,,,,,,,,,,,,,,,,,,,,,,,,,,,,,7,7,7,7,7,7,7,7,7,7,,,
PER,IC.IMP.CSDC.CD,,,,,,,,,,,,,,,,,,,,,,,,,,,,,,,,,,,,,,,,,,,,,,,,,,,,,,,80,80,80,80
PER,IC.IMP.CSBC.CD,,,,,,,,,,,,,,,,,,,,,,,,,,,,,,,,,,,,,,,,,,,,,,,,,,,,,,,592,583,583,583
PER,IC.IMP.COST.CD,,,,,,,,,,,,,,,,,,,,,,,,,,,,,,,,,,,,,,,,,,,,,,670,670,670,895,895,880,880,880,1010,1010,,,
PER,IC.EXP.TMDC,,,,,,,,,,,,,,,,,,,,,,,,,,,,,,,,,,,,,,,,,,,,,,,,,,,,,,,48,48,48,
PER,IC.EXP.TMBC,,,,,,,,,,,,,,,,,,,,,,,,,,,,,,,,,,,,,,,,,,,,,,,,,,,,,,,48,48,48,
PER,IC.EXP.DURS,,,,,,,,,,,,,,,,,,,,,,,,,,,,,,,,,,,,,,,,,,,,,,22,22,22,22,21,12,12,12,12,12,,,
PER,IC.EXP.DOCS,,,,,,,,,,,,,,,,,,,,,,,,,,,,,,,,,,,,,,,,,,,,,,5,5,5,5,5,5,5,5,5,5,,,
PER,IC.EXP.CSDC.CD,,,,,,,,,,,,,,,,,,,,,,,,,,,,,,,,,,,,,,,,,,,,,,,,,,,,,,,50,50,50,50
PER,IC.EXP.CSBC.CD,,,,,,,,,,,,,,,,,,,,,,,,,,,,,,,,,,,,,,,,,,,,,,,,,,,,,,,460,460,460,460
PER,IC.EXP.COST.CD,,,,,,,,,,,,,,,,,,,,,,,,,,,,,,,,,,,,,,,,,,,,,,575,575,575,860,860,860,860,890,890,890,,,
PER,IC.CUS.DURS.EX,,,,,,,,,,,,,,,,,,,,,,,,,,,,,,,,,,,,,,,,,,,,,,,5.4,,,,16.1,,,,,,,
PER,GC.TAX.IMPT.ZS,,,,,,,,,,,,,15.55555556,19.56521739,15.25423729,22.78481013,17.82178218,13.98601399,16.39344262,13.73737374,16.25929862,23.22720695,21.120498,21.24367748,22.35767249,22.58299007,21.46323529,22.71098341,14.74530831,17.65526867,10.689614,11.19778142,11.87908815,14.35491621,13.07330966,12.65030958,11.59261106,10.4311257,11.71328822,11.97161083,11.61138731,10.6244929,9.085347608,8.148821188,7.69907782,7.46023892,5.224298013,3.048115492,3.280611747,2.837368046,2.796890489,1.827290729,1.814991863,1.909830686,1.877866832,1.967836955,,
PER,GC.TAX.EXPT.ZS,,,,,,,,,,,,,0,0,0,1.265822785,5.940594059,12.58741259,13.1147541,17.77777778,13.07120085,8.393632417,5.291240551,2.915798869,1.017971597,2.326144899,1.600490196,0.385807451,0.804289544,1.52128402,8.291401573,0.819747253,0.138799974,0,0,0,0,0,0,0,0,0,0,0,0,0,0,0,0,0,0,0,0,0,0,0,,
PER,EG.IMP.CONS.ZS,,,,,,,,,,,,19.43303068,17.59778803,17.22633201,17.54620653,22.26718466,20.51725207,15.28883561,-16.20853047,-34.66390485,-28.53604724,-28.61224941,-29.60940807,-28.08997124,-34.59924611,-38.58675413,-29.3372728,-16.62191582,-6.235658589,-7.407156267,-8.854998297,-2.937454111,-3.34203156,-1.572215326,1.582944196,8.665523855,11.86515916,10.91622323,14.93843473,22.26987901,23.40871148,20.19108505,21.75302458,18.31835305,25.37945771,20.01021201,12.07038428,12.97132587,15.93557106,4.243178345,-3.737478039,-23.02416611,-14.18641291,-18.91873808,-14.89958814,,,
PER,BX.GSR.TRVL.ZS,,,,,,,,,,,,,,,,,,27.48336209,30.82117186,31.73319859,40.93198992,34.02597403,32.01530612,29.53586498,31.14460528,27.1942446,28.38806321,26.66027694,30.2556391,29.57150035,28.14526589,28.17610063,20.96774194,32.82283567,37.61546929,51.41789425,53.91801488,62.75480412,58.02422693,64.92582659,66.88510772,64.80331521,65.9727701,62.95686415,64.08229557,64.90134525,68.40824767,60.86437396,60.54881305,58.56153705,61.35298955,63.44663209,58.4170789,58.0857953,54.81694049,56.35747133,57.42702054,
PER,BX.GSR.TRAN.ZS,,,,,,,,,,,,,,,,,,43.03672665,39.20714441,42.98467239,30.92639239,37.27272727,37.37244898,36.84950774,30.65214147,35.68345324,39.71685367,36.09604762,36.60030075,35.64370649,40.2075227,38.11320755,42.74193548,44.79847375,34.87414107,40.61672837,26.0588109,22.54306712,21.04364251,17.367647,19.42935702,22.69796873,22.27120888,20.22843888,20.90782869,22.27373881,23.72672907,22.82030976,24.88467274,22.03137704,26.09489012,27.86877822,29.24105045,29.51487793,24.57818115,23.42889012,21.89280004,
PER,BX.GSR.TOTL.CD,,,,,,,,,,,,,,,,,,2143900000,2415500000,4142700000,4832300000,4223000000,4186000000,3842000000,3974000000,3965000000,3410520000,3627830000,3685710000,4564290000,4287000000,4423000000,4605000000,4243830834,5641170276,6897158666,7729187597,8844021519,7997401967,8111055373,8941712970,8826979723,9274232853,10940721124,14920374753,20006325095,27175380429,32510579716,36143636934,31800578526,39986380284,51052052152,52742775497,49245924282,46359651538,41299159672,44200366301,
PER,BX.GSR.NFSV.CD,,,,,,,,,,,,,,,,,,405700000,459100000,593700000,714600000,770000000,784000000,711000000,670100000,695000000,680920000,792940000,831250000,835940000,771000000,795000000,744000000,654553440,880738712.7,832622584.5,1242663605,1300868232,1455944553,1370056702,1251101690,1131296790,1193550466,1529776309,1782047435,2015796223,2295403765,2830558818,3288280884,3439083419,3273067054,3565292290,4181369871,5164080064,5613845909,5871889625,6096637888,
PER,BX.GSR.MRCH.CD,,,,,,,,,,,,,,,,,,1725600000,1940600000,3490900000,3916000000,3249000000,3293000000,3015000000,3146900000,3049000000,2576060000,2714780000,2731470000,3532600000,3321000000,3408000000,3662000000,3383977473,4422655563,5490435105,5876889778,6823338177,5755474271,6086305605,6953859190,7025289679,7710436855,9088992652,12806738902,17365592658,23829967431,28093427370,31018398880,26961518361,35564829779,46375961566,47410606678,42859961277,39532682899,34414133427,37019780711,
PER,BX.GSR.INSF.ZS,,,,,,,,,,,,,,,,,,3.919152083,3.1583533,1.465386559,3.246571509,3.506493506,3.571428571,2.953586498,0.596925832,19.85611511,11.61663632,20.80989734,16.76270677,16.10163409,10.37613489,9.056603774,16.80107527,10.2180673,13.33323258,8.951234495,9.191139341,8.800731551,20.93347569,10.0316694,9.979885302,11.09749609,8.990665916,6.251088458,4.92290465,6.185959444,5.791247303,11.55599937,8.330159965,9.269028382,6.86701397,8.33730635,10.11681103,9.074750333,10.64290739,11.92676518,10.23968319,
PER,BX.GSR.GNFS.CD,,,,,,,,,,,,,,,,,,2131300000,2399700000,4084600000,4630600000,4019000000,4077000000,3726000000,3817000000,3744000000,3256980000,3507720000,3562720000,4368540000,4092000000,4203000000,4406000000,4038530913,5303394276,6323057690,7119553384,8124206408,7211418824,7456362307,8204960879,8156586469,8903987321,10618768961,14588786337,19381388881,26125371197,30923986189,34306679764,30400601780,38837896834,49941253856,51591976549,48024041341,45146528807,40286023052,43116418598,
PER,BX.GSR.CMCP.ZS,,,,,,,,,,,,,,,,,,25.56075918,26.81333043,23.81674246,24.89504618,25.19480519,27.04081633,30.66104079,37.60632741,17.26618705,20.27844681,16.43377809,16.38135338,18.68315908,21.27107652,24.65408805,19.48924731,12.16062328,14.17715706,-0.985857115,10.83203488,5.901397204,-0.001345127,7.674857004,3.705649965,1.401219965,2.765355105,10.56360851,10.08697109,6.638956497,2.07377596,4.759316913,6.236354247,10.13805753,5.685106358,0.347283341,2.225059624,3.32457644,9.961970967,8.286873375,10.44049623,
PER,BX.GSR.CCIS.ZS,,,,,,,,,,,,,,,,,,,,,,,,,,7.338129496,,,,,13.87808042,17.86163522,20.69892473,25.42191208,22.11779693,24.03802199,17.30486691,17.33020259,14.89310836,18.43580632,19.12713211,18.55398656,15.13724726,15.08881184,15.13942019,13.90156181,12.27918201,11.34682591,12.94441974,11.71962506,14.00992074,15.62320959,16.06312118,12.81853414,12.8721429,11.64908322,11.13810101,
PER,BX.GSR.CCIS.CD,,,,,,,,,,,,,,,,,,,,,,,,,,51000000,,,,,107000000,142000000,154000000,166400000,194800000,200146000,215041283,225443100,216835400,252581000,239299873,209900654.3,180670685.3,230825068.8,269791649.2,280227157.9,281856806.2,321178581.4,425648880,403047682,458554100,557013086.9,671658509.4,661959366,722622267.5,684021309.1,679049685.9,
PER,BN.GSR.MRCH.CD,,,,,,,,,,,,,,,,,,-438400000,340100000,1539600000,826000000,-553000000,-428000000,293000000,1006900000,1219000000,-73230000,-500300000,-122600000,1299410000,432000000,-154000000,-238000000,-587547390.6,-884721633.3,-1932376966,-1805453062,-1448453286,-2121700137,-354258043.5,-93018239.4,131735564.6,593465059.2,1078183018,3224228236,5583408147,9361853919,8835480795,2940237548,6153434290,7174558552,9927184761,7131373931,1156507515,-1178811356,-2547889270,2108153839,
PER,BN.GSR.GNFS.CD,,,,,,,,,,,,,,,,,,-555900000,329600000,1573400000,660900000,-870000000,-742000000,39000000,786100000,980000000,-404830000,-871030000,-466460000,938950000,33000000,-601000000,-914000000,-1325680013,-1545353970,-2974720140,-2657415720,-2497351339,-3119051660,-1210622572,-1137511352,-1141491427,-672677239.1,-14064416.88,2272560659,4451808955,8248862336,7311512854,513685475,4774834390,4404026444,6980047586,3897515545,-1518373661,-3404059330,-4956569992,-86139145.48,
PER,BM.GSR.TRVL.ZS,,,,,,,,,,,,,,,,,,6.842507645,7.155025554,8.001428827,12.18597249,16.19135235,18.67030965,19.79274611,20.39510607,16.27408994,16.8292972,17.37606022,18.89184842,21.9742561,25.21367521,21.09500805,17.95774648,19.29616496,17.26936549,15.84066262,16.7085918,18.45985603,18.45754109,19.9186494,18.41326181,22.68567502,24.63536863,24.4622334,23.52311979,23.87965049,23.42721319,22.23648133,19.62434485,22.57510303,20.98350304,20.82090646,19.40439497,20.48155726,20.28124332,22.54693431,24.46918749,
PER,BM.GSR.TRAN.ZS,,,,,,,,,,,,,,,,,,61.94571865,55.96252129,58.11752099,55.35978174,51.42594296,47.90528233,46.32124352,42.45145359,34.58244111,42.38928614,44.41207559,40.2200645,32.82263457,39.74358974,48.38969404,42.88732394,44.95241269,47.46638416,48.26969131,40.301544,38.37464349,39.03694358,35.6877643,37.26251207,38.03031624,35.9499996,35.51992861,39.7724203,41.66985817,41.62799971,42.34361938,44.79071319,36.05562804,40.59245573,38.76096182,38.43922414,36.87784894,35.96665888,33.56976222,31.05703738,
PER,BM.GSR.TOTL.CD,,,,,,,,,,,,,,,,,,3123100000,2663600000,3535700000,5080400000,6112000000,5962000000,4933000000,4364900000,3959000000,4915990000,5811330000,5667030000,5310520000,5987000000,6393000000,6933000000,7239780367,9130387611,12353723646,12285125018,13163600340,12320374852,10433716987,11488818177,11069517215,11403942643,13098594053,16333677060,20630652257,26488091338,33557905660,44404201077,35410867974,46794490332,57242822942,61437230099,61979488769,59656758282,53799838398,53470376192,
PER,BM.GSR.NFSV.CD,,,,,,,,,,,,,,,,,,523200000,469600000,559900000,879700000,1087000000,1098000000,965000000,890900000,934000000,1012520000,1163670000,1175110000,1196400000,1170000000,1242000000,1420000000,1392686063,1541371049,1874965758,2094626263,2349766284,2453296076,2226421231,2295594803,2404523781,2459692765,2622023744,2733715012,3147395415,3408395348,4354526759,5714832958,4817683319,6043599162,6512429466,7415228257,7838961240,7839093882,8280570347,8290930872,
PER,BM.GSR.MRCH.CD,,,,,,,,,,,,,,,,,,2164000000,1600500000,1951300000,3090000000,3802000000,3721000000,2722000000,2140000000,1830000000,2649290000,3215080000,2854070000,2233190000,2889000000,3562000000,3900000000,3971524864,5307377197,7422812071,7682342841,8271791463,7877174408,6440563648,7046877429,6893554115,7116971796,8010809634,9582510666,11782184510,14468113512,19257946576,28078161332,20808084071,28390271228,36448776805,40279232747,41703453762,40711494255,36962022698,34911626872,
PER,BM.GSR.INSF.ZS,,,,,,,,,,,,,,,,,,8.142201835,8.049403748,4.036435078,7.207002387,7.359705612,7.103825137,5.492227979,11.04501066,13.0620985,12.53308577,11.29186109,13.33492184,12.3035774,10,9.98389694,13.38028169,11.905052,11.93320714,9.697009076,10.19600037,9.28476855,8.451185132,7.227695629,7.213831042,7.698195254,10.26461084,10.86722081,8.351260486,8.048559418,8.722080951,7.825479829,8.139183581,10.76796418,8.752048203,9.839115875,10.97396263,11.49038246,12.98100122,13.42066314,13.10509963,
PER,BM.GSR.GNFS.CD,,,,,,,,,,,,,,,,,,2687200000,2070100000,2511200000,3969700000,4889000000,4819000000,3687000000,3030900000,2764000000,3661810000,4378750000,4029180000,3429590000,4059000000,4804000000,5320000000,5364210927,6848748246,9297777829,9776969103,10621557747,10330470484,8666984879,9342472232,9298077895,9576664560,10632833378,12316225678,14929579926,17876508861,23612473335,33792994289,25625767389,34433870390,42961206271,47694461004,49542415002,48550588137,45242593044,43202557744,
PER,BM.GSR.CMCP.ZS,,,,,,,,,,,,,,,,,,23.06957187,28.8330494,29.84461511,25.24724338,25.02299908,26.32058288,28.39378238,26.10842968,36.08137045,28.2483309,26.92000309,27.55316524,32.89953193,25.04273504,20.53140097,25.77464789,23.84637035,23.33104322,26.19263699,32.79386383,33.88073193,34.0543302,37.16589067,37.11039509,31.58581348,29.15002093,29.15061718,28.35319942,26.40193193,26.22270615,27.59441946,27.44575838,30.60130475,29.67199303,30.57901585,31.18241826,31.15021133,30.77109657,30.46264033,31.3686755,
PER,BG.GSR.NFSV.GD.ZS,,,,,,,,,,,,,,,,,,6.353457133,7.432109305,7.226956496,8.791758214,8.57770888,8.635603619,9.662379146,8.869489497,9.843597967,11.10872554,9.451172824,12.99505747,9.032799231,7.349381228,5.875036946,5.987953485,5.822950957,5.396607676,5.078684037,6.040079733,6.278228818,7.043490521,7.166108104,6.854215262,6.79571359,6.669234014,7.069176284,6.763292097,6.788259924,6.434559628,7.032413213,7.468327703,6.833771433,6.31514495,5.867268188,6.019547562,6.462176927,6.691351496,7.479680335,7.48544182,
