SGP,TX.VAL.TRVL.ZS.WT,,,,,,,,,,,,,29.14353688,29.89301447,24.20467186,20.16943043,22.04038997,24.37379576,26.30226916,31.63424125,30.01076005,25.28889186,23.49309883,25.79559364,30.75312185,37.01433515,38.35069613,38.26624047,35.78891329,35.10043776,36.55631322,33.6190432,35.5833273,34.57730669,29.56148237,29.41754007,27.39840386,24.02106674,20.29904956,21.21636247,19.89447604,17.88485992,15.99048646,12.39195107,13.2137491,13.42720052,12.76921584,12.25230412,11.8703549,11.30589457,14.09658735,15.06837691,14.79089514,13.78183774,12.4970553,11.16748182,12.30986041,
SGP,TX.VAL.TRAN.ZS.WT,,,,,,,,,,,,,18.35844568,19.50912524,20.73414905,17.06921413,19.55083565,22.39884393,25.23191095,29.72762646,27.38922039,20.62654465,18.95055617,18.06609547,23.74156519,21.01828967,20.56274949,20.9544501,21.30964264,19.20346348,17.49605261,18.33532192,17.17709314,17.15632643,17.62175892,32.21215865,32.33277329,32.49116013,39.50269108,44.09996556,45.71508081,44.10604747,42.76726283,43.25375561,42.42611172,42.54244357,38.52861913,39.32977516,40.60775686,36.69711861,38.48435726,35.81477331,35.17022023,33.05454229,34.10222745,32.10975925,32.37335497,
SGP,TX.VAL.TECH.MF.ZS,,,,,,,,,,,,,,,,,,,,,,,,,,,,,,36.4446585,39.89388625,40.54177075,44.79651772,47.50310685,50.65897587,54.14704475,55.71437159,57.01658868,59.06705934,60.89937853,62.79494579,60.94929712,60.62664036,56.54326429,56.87614852,56.89331123,58.07081684,45.21033431,49.38403528,48.14199882,49.90865546,45.15697135,45.2892229,46.99436728,47.18240356,49.27542568,67.43239758,
SGP,TX.VAL.TECH.CD,,,,,,,,,,,,,,,,,,,,,,,,,,,,,,11643931309,15023064248,17311581862,21773042951,27516281358,40313852578,53636846754,58000525979,59752080267,54894563402,60030536679,73920978262,62552702241,64119593432,76411037761,94225281972,1.05656E+11,1.24739E+11,1.02854E+11,1.17068E+11,95398094528,1.26982E+11,1.26435E+11,1.28239E+11,1.35602E+11,1.37369E+11,1.30989E+11,1.26323E+11,
SGP,TX.VAL.SERV.CD.WT,,,,,,,,,,,,,896711111.4,1293254297,1844581841,2339644921,2324713914,2553086825,3081320567,3545547565,4774406976,7086220976,8023738044,7732897947,6044302068,4597413813,4717057676,5704318648,7467110576,9569655302,12718772988,13729674973,16102048333,18497505607,22939300018,25869582856,27014820493,26227604395,22669791000,23985273960,25846605400,25940010242,27872291509,31063894921,40282072343,46243099981,59012985651,73994875373,89420596725,81593399437,1.00574E+11,1.1899E+11,1.27075E+11,1.39381E+11,1.53106E+11,1.48316E+11,1.4936E+11,
SGP,TX.VAL.OTHR.ZS.WT,,,,,,,,,,,,,52.06185567,50.06293266,54.50500556,62.32876712,57.7994429,52.4566474,47.52390467,37.48378729,41.47510516,53.17614054,56.71772174,55.26315789,44.36515939,40.9293129,39.37299192,39.01458396,41.5838158,44.6973472,45.25228602,47.21338016,46.19724968,46.85108789,51.37891177,22.75240067,24.56158773,25.30705212,26.3417167,22.4988931,25.08629086,26.80964686,29.10386753,29.52678357,31.50622963,31.0653021,34.6442325,31.97534385,32.85034426,35.61090945,31.75917844,32.80307571,34.14977415,36.68511385,36.3447322,38.41480549,38.40514392,
SGP,TX.VAL.MRCH.XD.WD,,,,,,,,,,,,,,,,,,,,,14.0600418,15.2153058,15.08519346,15.84322661,17.46690952,16.55416388,16.32390932,20.81659458,28.52275696,32.40907376,38.2642739,42.78975937,46.05933064,53.70794752,70.26312734,85.8233433,90.71870192,90.69765754,79.74732228,83.21964529,100,88.35084613,90.83698586,116.035819,144.1445822,166.6490087,197.2417346,217.1982816,245.4036327,195.808806,255.3388087,297.1636382,296.3580353,297.705219,297.0187368,251.5442948,245.3354039,
SGP,TX.VAL.MRCH.WR.ZS,,,,,,,,,,,,,,,,,,,,,,,,,,,,,,,,,,,,,,,,,,,,,,,,,,,,,,,,,,
SGP,TX.VAL.MRCH.WL.CD,188430000,,161870000,148590000,,,,,1272160000,1548650000,1556020000,1757730000,2191390000,3664300000,5835580000,5408310000,6631890000,8278500000,10182250000,14303450000,19493220000,21076870000,20917920000,21958200000,24208580000,22972270000,22607920000,28788260000,39429740000,44765147891,52777061827,59213923775,63472251353,74079902981,96887939010,1.18194E+11,1.25165E+11,1.25403E+11,1.09915E+11,1.14754E+11,1.38046E+11,1.21826E+11,1.25219E+11,1.60073E+11,1.98707E+11,2.29545E+11,2.72158E+11,2.99214E+11,3.38413E+11,2.70096E+11,3.52312E+11,4.10145E+11,4.09721E+11,4.12173E+11,4.1009E+11,3.5153E+11,3.30685E+11,
SGP,TX.VAL.MRCH.RS.ZS,1.862760707,,2.001606227,2.321825156,,,,,5.531536914,6.41913925,7.219058881,6.064071274,5.393380457,5.690855006,5.655307613,5.105846373,5.455156826,5.174246542,4.951165018,5.002499397,4.918325449,4.439653516,4.244733702,4.227805558,4.306737529,4.245553443,4.070520419,4.136790483,3.809738537,3.332066387,3.825387852,3.582058306,3.046590598,2.169849711,1.604118145,0.495507691,0.539831603,0.212481209,0.19581986,0.147323904,0.27508059,0.232875316,0.282864615,0.29727927,0.330876905,0.37817599,0.397175689,0.380993166,0.545516666,0.661937742,0.627085335,1.908400999,0.875976169,0.745837797,0.820807555,0.605772083,0.446548161,
SGP,TX.VAL.MRCH.R6.ZS,0.679297352,,1.229381603,0.908540279,,,,,2.911583449,1.151325348,1.334173083,1.599790639,1.618607368,1.444204896,1.649878847,1.529683025,1.918457634,2.267318959,1.965773773,1.645547053,2.887516788,2.612105118,2.413815523,2.177455347,1.813117498,1.605370301,1.966965559,1.333807601,1.079591192,1.028752361,1.186239799,1.205888238,1.126000573,0.905389454,0.746965007,1.021278197,0.957565861,0.927981138,0.980356723,0.903453109,1.045186601,0.929846834,0.92163163,0.864513251,0.803041489,0.856043549,1.013902829,1.13077654,1.472065477,1.418407828,1.695177187,0.826918945,1.779449204,1.911452616,1.901096003,1.551332852,1.094283804,
SGP,TX.VAL.MRCH.R5.ZS,12.73682535,,13.14017421,9.845884649,,,,,1.241982141,1.540696736,1.568745903,1.260716947,1.65922086,1.908413612,1.69871718,2.316435264,1.877745258,3.008516036,5.051830391,4.704529327,5.568448927,5.629915637,5.626706671,4.945942746,5.727060406,5.713627778,4.825654019,4.321205936,4.069364901,4.166874504,4.219200776,3.498815891,3.273992896,2.793463496,2.605413043,2.835759211,2.957461437,3.003185272,3.767931997,3.627449685,3.406238897,3.720822753,3.464195561,3.058073293,3.17564761,3.553412271,3.870646628,4.313617555,4.665677171,4.635546442,5.052348529,4.875116046,3.868836084,4.159701905,4.319943142,4.484543117,4.454007545,
SGP,TX.VAL.MRCH.R4.ZS,0.435174866,,0.784580219,0.551854095,,,,,0.624921394,0.584379944,0.863742111,0.899455548,0.694080013,0.689899844,1.288132456,1.376400391,1.196039138,1.245998671,1.612315549,1.17461172,1.663552763,1.342419439,1.889528213,2.506170815,1.983015939,2.285625234,2.097671966,0.781464389,0.823591533,0.630908317,0.716352104,0.781776554,0.856340535,0.535592482,0.355786286,0.38695722,0.324870233,0.350840841,0.438850218,0.39877354,0.39056326,0.43981608,0.493464045,0.462996698,0.523520929,0.459843517,0.450348605,0.451794357,0.595439317,0.486384587,0.440000522,0.295025458,0.332109557,0.352285453,0.282309312,0.269969113,0.240521635,
SGP,TX.VAL.MRCH.R3.ZS,4.102319164,,5.510594922,4.340803553,,,,,1.495881021,1.909404966,1.488412745,1.50421282,1.487183933,1.955353001,2.455797024,2.215664413,2.597148023,2.517968231,2.111812222,2.607412897,2.402989347,2.16502735,2.009473217,1.686249328,1.574689635,1.703314474,1.64415833,1.434682054,1.311928509,1.091531879,1.06722384,1.187497955,1.320335859,1.523081779,1.262178773,1.175780412,1.400027825,1.534325882,1.491716208,1.553909053,1.732575435,1.857776411,1.821539758,1.433553623,1.432705725,1.78134906,1.971600058,2.219596272,3.048124173,3.318209051,3.024927492,3.969447803,3.798587575,3.780886592,3.063984176,2.419853342,2.311153023,
SGP,TX.VAL.MRCH.R2.ZS,,,,,,,,,0.720035216,1.474187195,1.697278955,0.943262048,0.864291614,1.06623366,0.783298318,0.512544584,0.746996708,0.307664432,0.445382897,0.309296009,0.346684642,0.239931261,0.193948538,0.213268847,0.173574823,0.239419091,0.205989759,0.230024322,0.211921255,0.160086586,0.290643017,0.313265138,0.274518937,0.215457692,0.957625902,0.965703458,0.893352222,0.767155087,0.504778523,0.295680052,0.255106635,0.250259567,0.280294753,0.284746414,0.338400252,0.308852027,0.344457007,0.332632473,0.326103699,0.353390791,0.286762493,0.355938411,0.33123024,0.341113644,0.373666749,0.37929753,0.448891243,
SGP,TX.VAL.MRCH.R1.ZS,22.34251446,,9.038117007,7.100074029,,,,,44.03062508,41.74668259,35.44106117,36.37703174,32.3552631,27.32090713,26.22601352,25.98797036,21.50819751,21.13269312,21.84782342,23.40498271,24.23658072,23.96010413,25.87188401,26.37602354,24.18064174,23.62060867,22.88574093,23.20918319,23.98542319,24.09372012,23.33040747,24.60133399,23.59377823,26.90538116,31.42470499,31.70883206,30.85153873,30.1684171,27.2886048,29.0761683,31.17879262,31.34260666,32.62665764,38.75529406,39.40574418,40.10787428,40.69793324,41.55031907,41.43641727,40.05366394,40.73856837,41.70619953,42.71911538,43.0767101,43.73891444,43.44723527,41.71247751,
SGP,TX.VAL.MRCH.OR.ZS,40.29613119,,29.70284796,22.74715661,,,,,51.0250283,48.40667678,42.39341397,42.58446974,38.67864689,34.38501214,34.10183735,33.93869804,29.84458427,30.48015945,33.03493825,33.84637972,37.10577319,35.94950294,38.00535617,37.90511062,35.45210004,35.16796555,33.62618056,31.31036749,31.48182058,31.17187376,30.810067,31.58857776,30.44496703,32.87836606,37.352674,38.09431056,37.38481631,36.75190531,34.47223847,35.85543374,38.00846344,38.5411283,39.60778339,44.85917734,45.67906019,47.0673747,48.34888836,49.99873627,51.54382711,50.26560264,51.2377846,52.02864619,52.82932804,53.62215031,53.67991382,52.55223123,50.26133476,
SGP,TX.VAL.MRCH.HI.ZS,57.8411081,,68.29554581,74.93101824,,,,,43.44343479,45.17418397,50.38752715,51.35145898,55.92797266,59.92413285,60.24285504,60.95545559,64.7002589,64.34559401,62.01389673,61.15112088,57.97590136,59.61084355,57.74991012,57.86708382,60.24116243,60.58648101,62.30329902,64.55284203,64.70844089,65.49605985,65.36454514,64.82936393,66.50844237,64.95178422,61.04320786,61.41018175,62.07535208,63.03561348,65.33194167,63.99724236,61.71645597,61.22599638,60.109352,54.84354339,53.99006291,52.55444931,51.25393595,49.62027056,47.91065622,49.07245962,48.13513007,46.06295281,46.2946958,45.6320119,45.49927862,46.84199669,49.29211708,
SGP,TX.VAL.MRCH.CD.WT,1135820000,1080940000,1116220000,1135170000,905521000,981308000,1102170000,1140400000,1271060000,1548730000,1553630000,1761130000,2189000000,3652580000,5809580000,5376200000,6585450000,8241040000,10134200000,14233200000,19376000000,20967000000,20787000000,21833000000,24070000000,22812000000,22495000000,28687000000,39306000000,44665000000,52730000000,58966000000,63472000000,74012000000,96825000000,1.18268E+11,1.25014E+11,1.24985E+11,1.09895E+11,1.1468E+11,1.37804E+11,1.21751E+11,1.25177E+11,1.59902E+11,1.98637E+11,2.29649E+11,2.71807E+11,2.99308E+11,3.38176E+11,2.69832E+11,3.51867E+11,4.09503E+11,4.08393E+11,4.1025E+11,4.09304E+11,3.46638E+11,3.38082E+11,
SGP,TX.VAL.MRCH.AL.ZS,0.238815475,,0.444801384,0.30284676,,,,,1.432209785,1.004746069,1.360522358,1.551432814,1.436531151,1.59293726,2.838963736,4.15120435,4.381707175,4.43341185,5.113506347,5.950941906,5.802735515,6.097489808,5.487304665,4.637037644,5.155320965,3.594333516,2.970242287,2.724513395,2.391316808,2.131102762,2.22878726,2.78278471,2.516454003,2.05989524,1.645602142,1.450513097,1.407441001,1.474210866,1.834443587,1.45274043,1.354049057,1.614762372,1.658012242,1.514875651,1.53964612,2.266097771,1.909694024,1.956502608,2.223276684,2.179783838,1.831151985,1.792396659,1.965072051,2.220800689,2.241813327,2.24988162,2.118670131,
SGP,TX.VAL.MMTL.ZS.UN,,,1.43040032,1.647547523,1.460921268,1.498563437,1.780616246,1.769105115,1.998121494,1.444764927,1.608270219,1.252713559,1.045504965,1.208003221,0.878873096,1.023244343,1.364488141,1.945788453,2.392718899,2.30880688,2.461353469,2.14074221,2.224324333,2.690782986,2.166568309,2.155412847,1.797375613,1.596135912,2.695714556,2.533985777,1.553360421,1.475192782,1.557278589,1.457293116,1.399073724,1.982272893,1.641562163,1.728333802,1.322567634,1.286359155,1.135501301,1.172381836,1.096132304,1.091571608,1.197953611,1.072933146,1.385823974,1.699834744,1.381111794,1.215352499,1.205531954,1.211120832,1.068168652,1.230749935,1.19506354,1.292808405,1.140452152,
SGP,TX.VAL.MANF.ZS.UN,,,26.23628696,27.45945503,31.0309818,30.33223632,28.06084301,25.42490545,23.50396461,23.24056153,27.52863849,33.27494431,40.9227912,44.28601072,40.04730395,41.5208471,44.34303515,42.4241048,44.74420399,44.86134061,46.70017975,48.16490597,48.49338983,49.08568596,50.25498779,51.20736372,59.31397496,66.11633953,70.28074336,71.63587448,71.57448935,72.54586609,76.69389214,78.40965206,82.32743224,83.90978047,83.51707579,84.22166264,85.65067692,86.28292671,85.64343332,84.69315679,84.82718395,84.80533047,83.68601546,81.13562537,79.51918365,76.38746643,70.41969607,74.21698463,73.12926873,68.66919439,69.76191577,70.62123932,71.29422332,76.98508499,79.07355963,
SGP,TX.VAL.INSF.ZS.WT,,,,,,,,,,,,,0.436161776,0.534927627,0.556173526,0.43258832,0.609331476,0.770712909,0.941915228,1.154345006,1.124914409,0.908422951,0.83862326,0.875152999,1.140153572,1.038062284,1.713562457,1.764725469,1.317628269,0.998751561,0.695348151,0.832254719,1.042329878,1.415278991,1.43784694,15.61790061,15.70723511,18.180721,13.85654266,12.18477887,9.304152285,11.19944575,12.13838318,14.82750975,12.85390955,12.96505381,14.05793253,16.44257688,14.67154398,16.38607738,15.65987695,16.31377407,15.88911048,16.47850612,17.05598504,18.30795344,16.9116407,
SGP,TX.VAL.ICTG.ZS.UN,,,,,,,,,,,,,,,,,,,,,,,,,,,,,,,,,,,,,,,,,54.97448227,52.21655455,51.40330386,47.75079638,47.89021951,45.46065196,44.46891997,34.49390033,34.64285087,33.88861669,34.3328829,28.91076562,28.40042295,29.93592724,29.95003384,33.45747453,,
SGP,TX.VAL.FUEL.ZS.UN,,,17.10346392,16.85475328,18.23190781,19.92171881,22.98783323,25.7123704,27.32804474,24.40819856,23.17706175,25.72342918,24.58496949,19.8433341,32.10003829,33.63792367,29.69292481,30.10796122,28.28827642,23.9573052,25.19772109,27.3096118,27.5368206,28.01041375,25.61679538,26.98072901,20.45325771,15.8205967,12.46966018,15.10380046,17.8525474,16.98219622,13.04574476,12.22647636,9.403798375,6.831716321,9.58180829,8.787706617,7.532679502,7.91193425,7.336951944,7.559368268,7.702176386,8.436944581,9.832151146,12.00702107,12.93037326,13.74967841,18.49821871,15.36939056,16.23111438,19.77652673,18.50979613,17.37976764,16.69571849,12.60087569,11.36683857,
SGP,TX.VAL.FOOD.ZS.UN,,,17.92995867,20.0929848,18.40593582,18.22138114,17.18620539,18.41537978,17.62367313,14.75193632,16.38138986,15.46089567,12.64533385,9.493022858,8.617486883,9.509026561,7.839054405,9.850190557,9.407473181,8.760476559,8.114585797,7.319848785,7.728865445,6.375982445,9.186042362,8.069955118,7.985981055,6.606129761,6.085846921,5.759097613,5.216022586,5.595156526,5.587837422,5.001140792,4.502689726,3.954124879,3.632556278,3.535538866,3.428723865,2.8141068,2.247329417,2.288886611,2.28891663,1.938191433,1.818897985,1.655612895,1.563063727,1.716680892,1.843584186,2.112357513,1.975703898,2.15203138,2.169332308,2.359748035,2.5837665,2.934723299,2.980655367,
SGP,TX.VAL.AGRI.ZS.UN,,,34.3764241,30.64904115,27.16101642,26.16126358,26.46588406,25.28000368,26.17931872,33.44893095,28.33735139,20.98675858,17.51631242,23.10887431,17.07783997,12.48471656,15.238667,14.10591289,13.73836379,13.18206582,10.27993161,7.374270702,5.582108785,6.183330754,5.699547497,4.425608489,4.345478061,4.358879436,4.465175103,3.651240518,2.558771073,2.02399843,1.779235602,1.350218592,1.125411061,1.082677605,0.842661464,0.685997884,0.687222714,0.563958108,0.459300851,0.433972079,0.404116124,0.35244734,0.346835,0.326407495,0.31893595,0.287280671,0.286379628,0.232720613,0.288912111,0.316070678,0.254432401,0.297910135,0.323922867,0.438846487,0.558206468,
SGP,TX.QTY.MRCH.XD.WD,,,,,,,,,,,,,,,,,,,,,11.43092829,11.7948107,12.1654786,13.20268884,15.32185046,15.32792952,17.36586098,20.81659458,27.42572785,30.57459788,33.27328165,37.53487664,40.7604696,47.95352457,62.17975871,71.51945275,76.2342033,80.98005138,82.21373431,86.68713051,100,95.32264133,100.1189916,116.4822218,155.3518013,173.4862666,191.8067444,207.8682626,217.1077509,194.6613677,235.1613207,246.7923996,247.3685448,255.7591007,261.8779983,260.8668046,270.397893,
SGP,TT.PRI.MRCH.XD.WD,,,,,,,,,,,,,,,,,,,,,126.8041237,130.3030303,131.9148936,129.0322581,125.2747253,125.5813953,122.0779221,116.2790698,115.5555556,113.9784946,116.1616162,112.8712871,109.7087379,109.8039216,105.6074766,104.3478261,104.3859649,104.6728972,104.3010753,103.2258065,100,95.90921366,94.42858891,94.46714983,84.40082106,86.76116677,86.06333788,84.45842626,83.0939548,82.6460246,83.17714502,81.22153437,80.6074392,80.67504762,81.82249447,86.46791123,86.30184211,
SGP,TM.VAL.TRVL.ZS.WT,,,,,,,,,,,,,24.9260355,22.82676673,17.736022,17.62637363,16.73753382,15.58357582,15.25714286,13.33483755,11.52230123,11.59994134,13.41161122,14.99305292,15.09056693,17.45600414,17.11986343,17.40414206,16.22689921,19.62068289,20.98924288,20.36217613,26.65664121,28.0373213,28.02882585,21.46657263,21.99142763,19.05728064,15.80568352,16.47549892,16.2910136,20.46875297,24.12842259,20.46828324,18.4113712,17.98741814,17.02163261,17.69872792,17.9648289,18.71344406,18.51088483,18.21544114,17.71243403,16.68997047,15.30259679,14.31126329,14.2268095,
SGP,TM.VAL.TRAN.ZS.WT,,,,,,,,,,,,,35.65088757,38.33646029,46.65444546,42.76923077,40.66486278,39.44390559,36.74285714,37.18411552,38.54234001,38.31940167,38.44748858,35.00063155,33.89790637,39.67391304,36.61748567,42.07248607,43.45029645,41.6584939,40.96711102,41.91434125,37.98865952,35.79180852,34.76418876,42.78169758,43.81426945,44.80210539,46.23061136,42.5633784,41.71557268,37.87545433,31.63627286,32.97392817,35.63675756,36.69429009,35.41819177,35.83020757,32.81778276,29.5397772,29.47179586,28.27782851,27.44333347,26.06566612,29.3631454,31.49457461,31.32788618,
SGP,TM.VAL.SERV.CD.WT,,,,,,,,,,,,,480711111.3,650696545.3,895412141.6,959389364.9,1047011646,1267934738,1539121162,2038115020,2889956996,3227636152,3581733860,3746716833,3985779584,3512487785,3766389835,4567177645,5732586308,6796740603,8575400912,9052588927,9429843050,11216612711,13799718811,21708933768,22800616294,22904004845,20351258414,25569326256,30313927790,32292891338,34005359505,40927380394,50464306105,55985303991,66197742720,76295516449,90956578179,83915342260,1.0102E+11,1.18059E+11,1.30682E+11,1.46833E+11,1.59188E+11,1.54304E+11,1.55356E+11,
SGP,TM.VAL.OTHR.ZS.WT,,,,,,,,,,,,,35.50295858,34.58411507,30.43079743,34.85714286,38.07499034,40.57549305,43.91428571,45.35198556,45.65287654,45.82783399,43.87475538,46.11595301,47.24770642,39.59627329,40.84867699,31.72773018,30.61440311,29.4363052,28.95993103,28.53415863,29.69617666,30.53184504,31.62019707,25.14226658,24.20046159,26.67342978,30.19327714,34.16468807,34.59560927,35.0581318,37.73468704,40.46646004,40.74097088,40.04569562,41.96045399,40.34896695,43.41184963,45.9673052,45.48047004,47.0316166,48.6819296,51.42476154,49.95902312,47.80742835,47.71280717,
SGP,TM.VAL.MRCH.XD.WD,,,,,,,,,,,,,,,,,,,,,17.8433238,20.49277194,20.93515181,20.92823962,21.30655171,19.5363633,18.96086811,24.19933851,32.60143446,36.90653685,45.16964584,49.12490245,53.64086365,63.34980861,76.30904158,92.53929912,97.61641087,98.43323795,75.61187707,82.54487346,100,86.21650749,86.54427887,101.2434501,129.0267197,148.6840834,177.420194,195.5888364,237.6751273,182.6786577,230.9940912,271.8569995,282.2275075,277.2425583,272.2117507,220.5545357,216.9595303,
SGP,TM.VAL.MRCH.WR.ZS,,,,,,,,,,,,,,,,,,,,,,,,,,,,,,,,,,,,,,,,,,,,,,,,,,,,,,,,,,
SGP,TM.VAL.MRCH.WL.CD,440460000,,515810000,583210000,,,,,1658950000,2036250000,2457730000,2823370000,3392310000,5145270000,8365800000,8135270000,9072690000,10474770000,13071260000,17647690000,24016890000,27577340000,28179260000,28164110000,28670860000,26238510000,25513810000,32627160000,43869980000,49695130001,60959125756,66268415986,72177241704,85385538234,1.02642E+11,1.24397E+11,1.31338E+11,1.32601E+11,1.01612E+11,1.11074E+11,1.34633E+11,1.1602E+11,1.16483E+11,1.36327E+11,1.72697E+11,2.00197E+11,2.38798E+11,2.63325E+11,3.19748E+11,2.45936E+11,3.10879E+11,3.66061E+11,3.79961E+11,3.73081E+11,3.66301E+11,2.97035E+11,2.82023E+11,
SGP,TM.VAL.MRCH.RS.ZS,2.549607229,,2.483472596,2.105588039,,,,,2.952469936,3.161694291,2.067761715,1.617570492,1.512538654,1.352698692,2.781084893,2.680550246,1.875959611,1.039259096,1.277688608,1.276937662,1.182542786,1.083788357,1.266321401,1.157110947,1.313214881,0.934351836,1.501814116,1.331191559,1.54132735,1.710233063,1.617657008,1.732839666,1.504429122,1.236473922,1.309603545,0.638192588,0.586044815,0.211887457,0.265303976,0.141461207,0.487440835,0.335379613,0.280397571,0.27115438,0.470620641,0.90944643,0.520735287,0.6149887,0.479226147,0.634002484,0.59634274,1.670121801,0.431042468,0.14053893,0.026159785,0.019832077,0.027625103,
SGP,TM.VAL.MRCH.R6.ZS,0.099895564,,0.063977046,0.264055829,,,,,0.769161216,1.160466544,1.411465051,0.919822765,0.984874613,1.195466905,0.650983767,0.632431376,0.766586316,0.757057196,0.79900484,0.877168627,0.789152967,0.792027077,1.051198648,0.78124251,0.420217601,0.594012389,0.726743673,0.372787579,0.372395884,0.538973209,0.41111947,0.426587428,0.821021081,0.704446428,0.206503167,0.404634126,0.435117473,0.364166091,0.625970279,0.343917171,0.285510877,0.339111031,0.365698961,0.312657731,0.323598278,0.30928469,0.321729906,0.271031953,0.257433731,0.226639492,0.240983296,0.245305274,0.307497717,0.42614206,0.730879893,0.491497495,0.63419609,
SGP,TM.VAL.MRCH.R5.ZS,3.621214185,,3.902599794,7.487868864,,,,,2.642635402,2.107796194,1.746733775,1.644842865,1.442674756,1.806707908,1.320973487,1.125223871,1.21485469,1.130144146,0.974427867,0.784295282,0.828417002,0.856427777,1.307699351,1.752727141,1.000318791,1.215122353,0.89641649,1.118209492,0.916344161,0.909888232,0.903139399,0.967379844,0.942018632,0.960221739,0.926402837,0.858609973,0.899060429,0.920533446,0.73105381,0.809136451,0.948100822,1.103238455,1.154024617,1.212819782,1.764680687,2.136375017,2.138479109,2.311471541,2.72241601,2.365304089,3.04791759,3.953479299,3.481221181,2.549032406,2.377810677,2.118902224,2.225038256,
SGP,TM.VAL.MRCH.R4.ZS,0.024973891,,0.597119094,2.470808114,,,,,3.053738811,3.125352977,2.337522836,2.245897633,3.159793769,2.808404612,6.200004781,6.801863982,5.044369421,6.059798926,5.543459468,5.047969451,1.953000576,1.406372043,3.320314302,2.349373014,1.243143735,4.472586286,3.94511835,1.56096945,1.076522032,1.033713303,1.06492904,0.930324635,0.991912735,1.034273429,0.935802541,0.720303643,0.431423434,0.560187808,0.597943752,0.973884092,1.384842606,1.067930189,0.975684106,1.059452132,1.13679491,0.955685659,0.910775442,0.711083019,0.609766426,0.752084032,0.845997886,0.17131194,0.726187193,0.976202856,0.77198879,0.483126627,0.536003095,
SGP,TM.VAL.MRCH.R3.ZS,0.049947782,,0.447839321,0.264055829,,,,,0.629916513,0.681645181,0.581837712,0.419711196,0.441292217,0.405615254,0.306844534,0.460341206,0.568739811,0.898730951,0.679123512,0.566419741,0.493985691,0.477493478,0.833272414,0.526485659,0.519830936,0.422584971,0.483071717,0.510280392,0.862776778,0.916829617,1.014353235,0.95331377,0.768553651,0.66308005,0.658588227,0.642927237,0.776796013,0.783942967,0.96744116,0.871536619,0.609034315,0.712150877,0.772195823,0.594794272,0.811762033,0.8658496,0.832245996,0.806127822,1.590253309,1.920999934,1.979220805,2.328008945,2.417706403,3.165253082,2.965018738,1.967096,1.620733623,
SGP,TM.VAL.MRCH.R2.ZS,,,,,,,,,0.056059556,0.041743401,0.053301217,0.02337632,0.020340122,0.060055157,0.100528342,0.06662348,0.088286936,0.14568339,0.147958192,0.173620457,0.053004365,0.061681076,0.14010304,0.270983177,0.132817781,0.249175734,0.057498273,0.071198351,0.201664099,0.165765299,0.175719423,0.189807079,0.247062866,0.22517865,0.490013179,0.547949038,0.359939558,0.535074537,0.295113648,0.312694273,0.397216271,0.480234101,0.539547104,0.609745436,0.602560793,0.652032972,0.669692276,0.747727732,1.38014696,1.512620891,1.599307018,1.615731113,1.559081937,1.81056659,2.651775178,2.159749592,1.299012704,
SGP,TM.VAL.MRCH.R1.ZS,16.50774191,,12.32624416,10.67539994,,,,,34.45372073,32.92326581,27.15676661,24.66343412,23.6526143,24.51027837,19.81484138,18.00358193,20.73012524,19.84110391,19.26080577,20.21312704,19.24066771,17.66961571,19.15273857,20.19321754,23.07653136,26.29657705,22.9151585,22.09772472,22.06009668,19.80826202,20.37138185,22.41333893,22.36992388,24.57997305,25.26066423,25.37005145,25.48931235,26.57409901,27.9774432,28.75463837,29.82727009,31.07075042,33.61611157,37.08097341,36.6796221,36.25017977,37.4390111,37.06389739,33.873474,34.57102707,34.80951003,31.71769399,31.42975356,32.63465503,32.66237323,35.83531182,36.18496101,
SGP,TM.VAL.MRCH.OR.ZS,20.30377333,,17.33777941,21.16218858,,,,,41.60523223,40.0402701,33.2876272,29.9170849,29.70158977,30.78652821,28.39417629,27.09006585,28.41296242,28.83251852,27.40477965,27.6626006,23.35822831,21.26361716,25.80532633,25.87402904,26.39286021,33.25005879,29.024007,25.73116998,25.48979963,23.37343169,23.94064242,25.88075168,26.14049284,28.16717334,28.47797418,28.54447546,28.39164925,29.73800385,31.19496585,32.06580697,33.45197498,34.77341507,37.42326218,40.87044276,41.3190188,41.16940771,42.31193383,41.91133946,40.43349044,41.3486755,42.52293662,40.03153056,39.92144799,41.56185202,42.1598465,43.05568375,42.49994478,
SGP,TM.VAL.MRCH.HI.ZS,77.14661944,,80.17874799,76.73222338,,,,,55.44229784,56.7980356,64.64461108,68.46534461,68.78587157,67.8607731,68.82473882,70.2293839,69.71107797,70.12822239,71.31753175,71.06046174,75.4592289,77.65259449,72.92835227,72.96886001,72.29392491,65.81558938,69.47417889,72.93763846,72.96887302,74.91633525,74.44170057,72.38640865,72.35507803,70.59635274,70.21242228,70.81733195,71.02230593,70.05010869,68.53973018,67.79273182,66.06058418,64.89120531,62.29634025,58.85840286,58.21036056,57.92114586,57.16733089,57.47367184,59.08728341,58.01732201,56.88072064,58.29834764,59.64750955,58.29760905,57.81399371,56.92448417,57.47243011,
SGP,TM.VAL.MRCH.CD.WT,1332800000,1295240000,1318760000,1398140000,1136800000,1243300000,1327900000,1439300000,1660450000,2039380000,2461440000,2838310000,3394750000,5126980000,8380040000,8133100000,9070640000,10470700000,13060900000,17643400000,24007000000,27572000000,28167000000,28158000000,28667000000,26285000000,25511000000,32559000000,43864000000,49667000000,60774000000,66095000000,72171000000,85234000000,1.0267E+11,1.24507E+11,1.31338E+11,1.32437E+11,1.01732E+11,1.1106E+11,1.34545E+11,1.16E+11,1.16441E+11,1.36218E+11,1.73599E+11,2.00047E+11,2.3871E+11,2.63155E+11,3.1978E+11,2.45785E+11,3.10791E+11,3.6577E+11,3.79723E+11,3.73016E+11,3.66247E+11,2.96745E+11,2.91908E+11,
SGP,TM.VAL.MRCH.AL.ZS,0.024973891,,0.597119094,,,,,,8.340215196,7.056108042,6.753386255,8.055621474,8.364506782,7.862561148,14.29391092,14.91321124,19.93091354,19.44138153,18.49661012,19.88362216,21.49424842,25.31578463,20.67392827,18.52219012,16.80985502,9.399924005,8.958128951,10.44504027,8.18509605,8.971071252,10.09607975,8.322728265,7.191721804,6.166232874,5.831731355,5.984975645,7.289904506,7.07769962,5.768783643,6.214344452,7.026899599,7.839886529,7.962045416,7.527078536,7.61337121,9.29073376,8.979948305,9.018351514,11.36233167,8.555108912,8.74948097,11.58425083,13.08540024,12.50603066,12.26300925,8.194465876,7.719218739,
SGP,TM.VAL.MMTL.ZS.UN,,,0.997314582,1.201026485,1.173191755,1.354094215,1.478091104,1.436060994,1.293993936,1.190473625,1.593203695,1.463355827,1.502725507,1.488125357,1.284674674,1.292276025,1.33696279,1.38183108,1.480892443,1.608285967,1.678452977,1.29247148,1.21939197,1.39107635,1.433243751,1.345170787,1.67018357,1.898013665,3.080058919,2.452544241,2.082609691,1.839669818,2.271143843,2.181713775,1.927278065,2.293059468,1.745440864,2.066260734,1.771853366,1.57559952,1.591780379,1.710274177,1.576416358,1.326781157,1.577962451,1.622138123,2.3686029,2.250282697,2.114163113,2.373336743,1.572176899,1.867437821,1.570432187,1.576673128,1.845730355,1.736456044,1.738241343,
SGP,TM.VAL.MANF.ZS.UN,,,34.76902181,38.59523601,42.56454948,42.52137859,41.36089181,44.54954554,47.76551843,49.5551953,56.10527371,58.52011554,59.7773015,60.65689194,55.7544705,56.36040354,51.44890134,51.81463199,55.94798515,54.96990141,54.12407489,52.25598137,53.17520817,54.6287939,56.03899365,55.44892562,64.67207813,67.67319609,71.25049557,73.18122014,73.12662057,75.10331046,76.34484538,78.99542609,81.84602922,83.16644008,82.79630458,82.42883889,84.00096984,83.44748216,81.82041541,80.5863071,80.11878872,80.10405772,79.13367661,76.52019084,73.83125899,71.85625538,64.41160243,66.80614318,65.69750415,60.48712999,60.2007002,61.47100584,61.6166915,70.10680131,73.47936603,
SGP,TM.VAL.INSF.ZS.WT,,,,,,,,,,,,,3.920118343,4.252657911,5.178735105,4.747252747,4.522613065,4.397025542,4.085714286,4.129061372,4.282482224,4.252822995,4.266144814,3.890362511,3.763820278,3.273809524,5.413973906,8.795641687,9.708401234,9.284518008,9.083715065,9.189323989,5.658522613,5.639025144,5.586788308,10.60946321,9.99384133,9.467184192,7.770427981,6.796434612,7.397804444,6.597660902,6.500617511,6.091328556,5.210900368,5.272596151,5.59972163,6.122097559,5.805538698,5.779473537,6.536849273,6.475113744,6.162302899,5.819601867,5.375234694,6.386733748,6.732497143,
SGP,TM.VAL.ICTG.ZS.UN,,,,,,,,,,,,,,,,,,,,,,,,,,,,,,,,,,,,,,,,,40.80581773,38.64345018,38.9011018,38.86980304,39.20724408,37.90426726,36.26537072,29.16215302,26.98467956,26.86625071,27.85183461,23.54167751,23.41052522,24.86669798,24.48286833,28.01313111,,
SGP,TM.VAL.FUEL.ZS.UN,,,14.91326036,13.68117289,13.5142172,13.36527064,15.28327216,16.76612098,17.21930706,15.75146348,13.47073009,14.33464896,14.52458126,12.93189074,24.00321175,24.56665843,27.40920924,25.56332386,23.92312485,25.22610954,28.67242373,33.71101341,33.61707149,31.26641412,27.7924633,29.48935833,19.82230555,18.33793889,14.10289662,13.87101282,15.87780727,14.08637448,12.76905219,10.88304025,8.860540642,8.09328155,9.397653924,9.552098753,8.079753944,9.117289984,12.11479376,12.64715059,13.12870567,13.51645613,14.91414279,17.78029973,18.85948807,20.04173482,27.44701191,24.24070573,26.43485993,32.6922187,32.72484122,31.49020093,31.17554099,22.01164479,18.36643317,
SGP,TM.VAL.FOOD.ZS.UN,,,21.68751645,23.48943652,23.80844503,23.73222419,22.5770149,22.02973416,20.64359768,18.05117061,16.39851639,15.52797334,14.18789036,12.73482553,10.35085585,10.7614277,10.38822699,11.50100412,10.03271868,9.664412339,8.477092935,7.546572518,7.802678227,7.798001303,10.1065886,9.5931383,9.460173935,7.978255109,7.363143759,6.77395461,6.06897774,6.31631919,6.360643032,5.883933446,5.230128912,4.58867753,4.419131332,4.327028118,4.376635982,4.009207907,3.243423395,3.661396737,3.611696254,3.521548191,3.064067101,2.827867345,2.567076862,2.835654018,2.823179059,3.291373271,3.188794443,3.385525442,3.323874179,3.482501983,3.661387765,4.146367395,4.259347416,
SGP,TM.VAL.AGRI.ZS.UN,,,25.72524367,20.95316045,16.75891753,16.934634,17.13333545,13.30758998,10.82318368,13.472518,10.2978321,8.035351463,7.657532304,10.86309182,7.460772419,5.6030663,8.223560902,8.071188037,7.411119055,7.198556178,5.748154071,4.089807805,3.228978233,3.821549891,3.430239913,2.70663279,2.784651584,2.771606293,2.872321651,2.181712722,1.677032896,1.411109217,1.173980327,0.934683489,0.873563246,0.892325323,0.73227875,0.618494336,0.538739733,0.491168198,0.399336313,0.380659017,0.411896033,0.465580806,0.410320997,0.385918966,0.376135739,0.354221642,0.321214138,0.305986722,0.346976864,0.389749211,0.362173218,0.364412439,0.347249036,0.457104897,0.483566697,
SGP,TM.TAX.TCOM.WM.FN.ZS,,,,,,,,,,,,,,,,,,,,,,,,,,,,,,2.47,,,,,,0,,,,,0,0,0,0,0,0,0,0,0,0,0,0,0,0,0,0,0,
SGP,TM.TAX.TCOM.WM.AR.ZS,,,,,,,,,,,,,,,,,,,,,,,,,,,,,,2.47,,,,,,0,,,,,0,0,0,0,0,0,0,0,0,0,0,0,0,0,0,0,0,
SGP,TM.TAX.TCOM.SR.ZS,,,,,,,,,,,,,,,,,,,,,,,,,,,,,,8.725369,,,,,,1.104561,,,,,0.9213936,1.200757,1.755872,1.434612,0,0.7364771,0.7578779,0.5022995,0.5646605,0.5158592,0.5751822,0.8544077,0.5464629,0.6278245,0.6278245,0.5421733,0.5542138,
SGP,TM.TAX.TCOM.SM.FN.ZS,,,,,,,,,,,,,,,,,,,,,,,,,,,,,,0.05,,,,,,0,,,,,0,0,0,0,0,0,0,0,0,0,0,0,0,0,0,0,0,
SGP,TM.TAX.TCOM.SM.AR.ZS,,,,,,,,,,,,,,,,,,,,,,,,,,,,,,0.16,,,,,,0,,,,,0,0,0,0,0,0,0,0,0,0,0,0,0,0,0,0,0,
SGP,TM.TAX.TCOM.IP.ZS,,,,,,,,,,,,,,,,,,,,,,,,,,,,,,1.068858,,,,,,0,,,,,0,0,0,0,0,0,0,0,0,0,0,0,0,0,0,0,0,
SGP,TM.TAX.TCOM.BR.ZS,,,,,,,,,,,,,,,,,,,,,,,,,,,,,,,,,,,,31.16,,,,,9.48,9.48,9.47,9.47,9.47,9.47,9.47,9.47,9.47,9.47,9.47,9.47,9.44,9.44,9.44,9.44,9.44,
SGP,TM.TAX.TCOM.BC.ZS,,,,,,,,,,,,,,,,,,,,,,,,,,,,,,,,,,,,82.98,,,,,83.78,83.78,83.73,83.73,83.73,83.73,83.73,83.73,83.78,83.78,83.78,83.78,85.89,85.89,85.89,85.89,85.89,
SGP,TM.TAX.MRCH.WM.FN.ZS,,,,,,,,,,,,,,,,,,,,,,,,,,,,,,1.09,,,,,,0,,,,,0,0,0,0,0,0,0,0,0,0,0,0,0,0,0,0,0,
SGP,TM.TAX.MRCH.WM.AR.ZS,,,,,,,,,,,,,,,,,,,,,,,,,,,,,,1.09,,,,,,0,,,,,0,0,0,0,0,0,0,0,0,0,0,0,0,0,0,0,0,
SGP,TM.TAX.MRCH.SR.ZS,,,,,,,,,,,,,,,,,,,,,,,,,,,,,,1.565462,,,,,,0.1927179,,,,,0.1546103,0.1888672,0.277815,0.2227955,0,0.0953885,0.101719,0.0685612,0.0877578,0.0795977,0.0905257,0.1363462,0.0844143,0.0965544,0.0965544,0.0839399,0.0863695,
SGP,TM.TAX.MRCH.SM.FN.ZS,,,,,,,,,,,,,,,,,,,,,,,,,,,,,,0.38,,,,,,0,,,,,0,0,0,0,0,0,0,0,0,0,0,0,0,0,0,0,0,
SGP,TM.TAX.MRCH.SM.AR.ZS,,,,,,,,,,,,,,,,,,,,,,,,,,,,,,0.4,,,,,,0,,,,,0,0,0,0,0,0,0,0,0,0,0,0,0,0,0,0,0,
SGP,TM.TAX.MRCH.IP.ZS,,,,,,,,,,,,,,,,,,,,,,,,,,,,,,0.3168347,,,,,,0,,,,,0,0,0,0,0,0,0,0,0,0,0,0,0,0,0,0,0,
SGP,TM.TAX.MRCH.BR.ZS,,,,,,,,,,,,,,,,,,,,,,,,,,,,,,,,,,,,14.04,,,,,6.57,6.57,6.58,6.58,6.58,6.58,6.58,6.58,6.76,6.76,6.76,6.76,6.87,6.87,6.87,6.87,6.87,
SGP,TM.TAX.MRCH.BC.ZS,,,,,,,,,,,,,,,,,,,,,,,,,,,,,,,,,,,,69.4,,,,,71.67,71.67,71.72,71.72,71.72,71.72,71.72,71.72,70.81,70.81,70.81,70.81,72.04,72.04,72.04,72.04,72.04,
SGP,TM.TAX.MANF.WM.FN.ZS,,,,,,,,,,,,,,,,,,,,,,,,,,,,,,0.63,,,,,,0,,,,,0,0,0,0,0,0,0,0,0,0,0,0,0,0,0,0,0,
SGP,TM.TAX.MANF.WM.AR.ZS,,,,,,,,,,,,,,,,,,,,,,,,,,,,,,0.63,,,,,,0,,,,,0,0,0,0,0,0,0,0,0,0,0,0,0,0,0,0,0,
SGP,TM.TAX.MANF.SR.ZS,,,,,,,,,,,,,,,,,,,,,,,,,,,,,,0.0829763,,,,,,0,,,,,0,0,0,0,0,0,0,0,0,0,0,0,0,0,0,0,0,
SGP,TM.TAX.MANF.SM.FN.ZS,,,,,,,,,,,,,,,,,,,,,,,,,,,,,,0.47,,,,,,0,,,,,0,0,0,0,0,0,0,0,0,0,0,0,0,0,0,0,0,
SGP,TM.TAX.MANF.SM.AR.ZS,,,,,,,,,,,,,,,,,,,,,,,,,,,,,,0.44,,,,,,0,,,,,0,0,0,0,0,0,0,0,0,0,0,0,0,0,0,0,0,
SGP,TM.TAX.MANF.IP.ZS,,,,,,,,,,,,,,,,,,,,,,,,,,,,,,0.1614266,,,,,,0,,,,,0,0,0,0,0,0,0,0,0,0,0,0,0,0,0,0,0,
SGP,TM.TAX.MANF.BR.ZS,,,,,,,,,,,,,,,,,,,,,,,,,,,,,,,,,,,,7.65,,,,,5.56,5.56,5.56,5.56,5.56,5.56,5.56,5.56,5.76,5.76,5.76,5.76,5.74,5.74,5.74,5.74,5.74,
SGP,TM.TAX.MANF.BC.ZS,,,,,,,,,,,,,,,,,,,,,,,,,,,,,,,,,,,,65.67,,,,,68.43,68.43,68.49,68.49,68.49,68.49,68.49,68.49,67.21,67.21,67.21,67.21,67.46,67.46,67.46,67.46,67.46,
SGP,TM.QTY.MRCH.XD.WD,,,,,,,,,,,,,,,,,,,,,18.39517917,20.69976963,22.27143809,22.50348346,23.41379309,22.71670151,24.62450404,28.13876571,36.22381607,39.68444822,45.62590489,48.63851728,52.0785084,62.1076555,71.31686129,80.46895576,85.62843058,91.99368033,83.69027111,88.75792845,100,89.21463671,90.07320478,96.00974648,117.3665388,134.2926457,148.4862695,158.09526,174.7219652,150.0919262,176.9513755,183.3782495,189.8900601,192.1514987,196.3788671,197.7767829,206.3677722,
SGP,TG.VAL.TOTL.GD.ZS,350.4261323,310.8929442,294.832718,276.1937664,228.5154079,228.3539001,221.7399035,208.4735385,205.7157557,216.2742893,209.1717543,203.2862033,205.2924475,237.6862601,271.9999079,239.8077882,247.4705618,282.760065,308.6168775,342.9569852,364.7651577,342.5036557,304.4619509,281.2388831,267.2132775,256.5379856,258.5235841,293.0762934,328.2521805,310.0621922,313.963024,275.0138148,260.0696387,262.5890394,270.3997961,276.2259332,265.9149425,257.0005316,246.9173218,261.6270507,284.1884834,266.2796457,262.7962422,305.2740151,325.9836256,337.2341835,345.4171913,312.5118864,342.2827437,267.9807118,280.2863957,281.3043907,272.5516848,258.921678,251.6856091,216.7435905,212.1352843,
SGP,ST.INT.XPND.MP.ZS,,,,,,,,,,,,,,,,,,,,,,,,,,,,,,,,,,,,3.224725305,3.254224402,2.79823124,2.569756947,3.047731891,2.675138909,4.392975953,5.306367829,4.863675262,4.281092329,4.023562326,3.806629417,4.077817643,4.039831055,4.836274241,4.553698474,4.425753458,4.60641505,4.715258367,4.681237671,4.894016355,5.08823447,
SGP,ST.INT.XPND.CD,,,,,,,,,,,,,,,,,,,,,,,,,,,,,,,,,,,,4663000000,5015000000,4358000000,3222000000,4217000000,4535000000,6600000000,8212000000,8382000000,9291000000,10070000000,11268000000,13503000000,16340000000,15704000000,18700000000,21505000000,23147000000,24506000000,24360000000,22083000000,22102000000,
SGP,ST.INT.TVLX.CD,,,,,,,,,,,,,,,,,,,,,,,,,,,,,,,,,,,,4663000000,5015000000,4358000000,3222000000,4217000000,4535000000,6600000000,8212000000,8382000000,9291000000,10070000000,11268000000,13503000000,16340000000,15704000000,18700000000,21505000000,23147000000,24506000000,24360000000,22083000000,22102000000,
SGP,ST.INT.TVLR.CD,,,,,,,,,,,,,,,,,,,,,,,,,,,,,,,,,,,,7611000000,7402000000,6326000000,4603000000,5089000000,5142000000,4641000000,4458000000,3842000000,5327000000,6209000000,7536000000,9066000000,10615000000,9225000000,14178000000,17930000000,18796000000,19209000000,19134000000,16563000000,18386000000,
SGP,ST.INT.TRNX.CD,,,,,,,,,,,,,,,,,,,,,,,,,,,,,,,,,,,,,,,,,,,,,,,,,,,,,,,,,,
SGP,ST.INT.TRNR.CD,,,,,,,,,,,,,,,,,,,,,,,,,,,,,,,,,,,,,,,,,,,,,,,,,,,,,,,,,,
SGP,ST.INT.RCPT.XP.ZS,,,,,,,,,,,,,,,,,,,,,,,,,,,,,,,,,,,,4.778421937,4.360904263,3.717142842,3.204505046,3.328629657,2.836125523,2.817634808,2.607245791,1.930414861,2.15559535,2.154004131,2.215925601,2.345460051,2.388463641,2.494970829,3.002264011,3.200227712,3.296376923,3.27036417,3.210020965,3.135945123,3.596478528,
SGP,ST.INT.RCPT.CD,,,,,,,,,,,,,,,,,,,,,,,,,,,,,,,,,,,,7611000000,7402000000,6326000000,4603000000,5089000000,5142000000,4641000000,4458000000,3842000000,5327000000,6209000000,7536000000,9066000000,10615000000,9225000000,14178000000,17930000000,18796000000,19209000000,19134000000,16563000000,18386000000,
SGP,ST.INT.DPRT,,,,,,,,,,,,,,,,,,,,,,,,,,,,,,,,,,,,2867000,3305000,3671000,3745000,3971000,4444000,4363000,4399000,4221000,5165000,5159000,5533000,6024000,6828000,6961000,7342000,7753000,8048000,8647000,8903000,9125000,9474000,
SGP,ST.INT.ARVL,,,,,,,,,,,,,,,,,,,,,,,,,,,,,,,,,,,,6070000,6048000,5894000,5122000,5604000,6062000,5857000,5855000,4703000,6553000,7079000,7588000,7957000,7778000,7488000,9161000,10390000,11098000,11899000,11864000,12051000,12914000,
SGP,NY.EXP.CAPM.KN,5337658728,5065511060,5308509304,6035874977,4999785606,5531270295,6496229620,6762035288,9066558330,10651746974,11217612303,12386226261,13196227165,16177138243,18144314938,17594781030,19647428251,22323856712,24903938413,30207392324,36514751931,40792796723,43607147998,46364296978,49875144964,48029287946,54124965763,61362055564,80520666596,89150484645,1.01545E+11,1.1139E+11,1.19432E+11,1.39542E+11,1.69055E+11,2.06118E+11,2.27528E+11,2.51576E+11,2.41126E+11,2.53342E+11,2.94554E+11,2.81961E+11,3.01227E+11,3.46279E+11,4.17208E+11,4.70512E+11,5.21656E+11,5.69516E+11,5.91462E+11,5.48224E+11,6.43908E+11,6.77624E+11,6.83524E+11,7.2107E+11,7.52739E+11,7.91467E+11,7.98141E+11,
SGP,NE.TRD.GNFS.ZS,339.4481799,299.5298543,286.7692429,297.0083339,255.1518696,257.6621286,253.8988911,236.0533263,256.9240997,273.8377931,271.2117086,259.4389339,229.1831373,245.8921713,314.2515035,283.5846445,305.9305821,327.0357051,334.6621869,375.1026684,411.0352854,399.8744427,372.6621882,333.3125652,313.3367704,304.4346571,295.1035754,325.3742102,360.3534095,348.0501238,344.2589633,323.8290365,311.1561766,313.2037616,315.8438949,345.7442206,335.9331653,325.3933642,313.8848706,337.5439573,366.0708871,352.7492263,354.2920818,382.839751,406.4821776,422.648368,430.3916367,398.7457687,441.6038067,360.9320798,373.4445316,379.5938255,370.9601542,365.9648759,362.3002517,329.9441113,318.4195652,
SGP,NE.RSB.GNFS.ZS,-13.66102481,-14.56169594,-10.4066134,-14.5808106,-10.86662524,-11.07236269,-7.225467986,-7.352164731,-5.483345941,-9.451237521,-19.01633764,-20.38087813,-15.5840243,-9.061769038,-15.03545325,-9.327651515,-6.939121045,-1.466001248,-3.725844192,-5.657172597,-6.926003542,-3.413775717,-1.832804432,0.584398685,-0.195434272,0.300069322,2.63791082,2.971265315,9.573989603,11.03383618,10.05073234,13.20198938,12.1335455,9.878201236,16.15111431,16.69905672,16.21151584,14.41964451,21.30503073,16.82852433,12.29160072,16.20962393,17.64983153,27.51044701,26.36057233,29.80596396,29.82102327,30.78155265,20.78517423,23.40411923,26.05038263,26.98308664,23.41441182,22.36243949,24.56416058,25.92065212,25.87761921,
SGP,NE.RSB.GNFS.CD,-96236769.89,-111296223.7,-85946687.57,-133738403.2,-97118776.95,-107866196.3,-79184633.48,-90977394.49,-78139291.78,-156801254.4,-365020253.5,-461126355.7,-423869931.5,-334720000,-784365589.6,-525462678,-438999704.8,-97013113.16,-280027875.7,-525813544.4,-823737698.9,-483794134.1,-294693993.5,103878504.7,-38570752.48,57428156.2,489841370.8,620924037.8,2425783476,3356887299,3633543557,6003531114,6328422345,5990592895,11915935577,14676802596,15628510638,14443292026,18260038241,14520176991,11779524362,14472958643,16227465654,26685512570,30100757307,37978070175,44074642835,55401035101,39954484416,45031488484,61588778878,74365240897,67705609346,67648765284,75692684082,76943046261,76850235252,
SGP,NE.IMP.GNFS.ZS,176.5546024,157.0457751,148.5879282,155.7945723,133.0092474,134.3672457,130.5621796,121.7027455,131.2037228,141.6445153,145.1140231,139.909906,122.3835808,127.4769702,164.6434784,146.456148,156.4348516,164.2508532,169.1940155,190.3799205,208.9806445,201.6441092,187.2474963,166.3640833,156.7661023,152.0672939,146.2328323,161.2014724,175.3897099,168.5081438,167.1041155,155.3135235,149.5113155,151.6627802,149.8463903,164.5225819,159.8608247,155.4868598,146.2899199,160.3577165,176.8896432,168.2698012,168.3211251,177.664652,190.0608026,196.421202,200.2853067,183.982108,210.4093163,168.7639803,173.6970745,176.3053694,173.7728712,171.8012182,168.8680456,152.0117296,146.270973,
SGP,NE.IMP.GNFS.KD.ZG,,-3.49333656,2.240650523,16.65644763,-18.23820036,10.71520406,14.08095554,4.653327129,31.47510004,20.62248996,13.10751492,12.30818092,4.3012236,15.16552262,14.65796923,-5.890483679,9.407394793,9.560103894,13.0513343,22.257478,21.30860034,9.87359134,6.128163913,4.913461495,8.084931388,-4.010421047,10.91317981,13.32733952,26.72348406,9.585634057,14.47562318,7.182641723,7.600753919,18.59628286,16.48530563,22.61919038,10.39620019,11.44651683,-8.579386001,8.935674471,20.12182463,-6.61897393,6.008178514,9.980365928,22.19203291,11.49855987,11.14511183,7.452446411,10.33005882,-10.55789837,16.29965847,4.955799974,2.498022311,5.920201049,2.997622497,2.894402142,0.295059677,
SGP,NE.IMP.GNFS.KD,4242977631,4094756142,4186505317,4883828383,3993105977,4420975431,5043491016,5278181151,6939493949,8370590392,9467766777,10633076641,11090429043,12772350568,14644517785,13781884855,15078401173,16519911991,18675980931,22832783278,27698129813,30432929960,32297909791,33884855152,36624422442,35155628896,38992225889,44188852219,55997653099,61365383205,70248404840,75294096076,81017015035,96083168317,1.11923E+11,1.37239E+11,1.51506E+11,1.68849E+11,1.54362E+11,1.68156E+11,2.01992E+11,1.88622E+11,1.99955E+11,2.19911E+11,2.68714E+11,2.99612E+11,3.33004E+11,3.57821E+11,3.94784E+11,3.53103E+11,4.10658E+11,4.31009E+11,4.41776E+11,4.6793E+11,4.81957E+11,4.95906E+11,4.9737E+11,
SGP,NE.IMP.GNFS.CD,1243760617,1200313603,1227165817,1428982099,1188749510,1308996472,1430844113,1505978048,1869691624,2349960800,2785476284,3165523324,3328711443,4708693333,8589077887,8250441134,9896765487,10869354055,12716323686,17695118734,24854915847,28576639268,30107256118,29571682243,30939233318,29103089400,27154402073,33687287591,44438888889,51266199563,60411526432,70627959479,77979742173,91975244461,1.10553E+11,1.44599E+11,1.54112E+11,1.55742E+11,1.25382E+11,1.38362E+11,1.6952E+11,1.50242E+11,1.54756E+11,1.72337E+11,2.17028E+11,2.50275E+11,2.96016E+11,3.31133E+11,4.04461E+11,3.24716E+11,4.10658E+11,4.85897E+11,5.02485E+11,5.19717E+11,5.20355E+11,4.51233E+11,4.34389E+11,
SGP,NE.EXP.GNFS.ZS,162.8935776,142.4840792,138.1813148,141.2137617,122.1426222,123.294883,123.3367116,114.3505808,125.7203769,132.1932778,126.0976855,119.5290279,106.7995565,118.4152011,149.6080251,137.1284965,149.4957305,162.7848519,165.4681713,184.7227479,202.0546409,198.2303335,185.4146919,166.948482,156.5706681,152.3673632,148.8707431,164.1727378,184.9636995,179.54198,177.1548478,168.5155129,161.644861,161.5409814,165.9975046,181.2216386,176.0723405,169.9065044,167.5949507,177.1862408,189.1812439,184.4794251,185.9709567,205.175099,216.421375,226.227166,230.10633,214.7636607,231.1944905,192.1680995,199.7474571,203.288456,197.187283,194.1636577,193.4322062,177.9323817,172.1485922,
SGP,NE.EXP.GNFS.KD.ZG,,-5.07075036,4.810367978,13.6982232,-17.13613874,10.63553059,17.39517652,4.076895066,34.00102048,17.52431515,5.354266565,10.4147263,6.008928642,22.36776915,14.39289373,-1.317617028,11.01154247,13.73954249,11.3244902,23.52875225,22.05015696,11.94370863,5.161402641,5.441535244,8.169011757,-3.318920405,12.85907875,14.04899514,29.83392855,9.72669599,12.9222519,8.589322852,7.217714835,17.10341844,18.69043196,22.20726117,9.596767502,10.33490266,-4.387195658,7.826860844,14.4296994,-3.537500495,7.498904504,14.21286723,19.09017426,12.49467746,11.15196,8.595511327,4.834968208,-7.655751077,17.4390511,6.449693675,1.447307722,5.816826023,3.983072178,2.630052171,1.60849527,
SGP,NE.EXP.GNFS.KD,3970223689,3768903557,3950201687,4491309131,3721672167,4117491749,4833736707,5030803080,6741327466,7922698937,8346901357,9216208287,9770003667,11955335534,13676054272,13495856252,14981958196,17040410708,18970150348,23433590026,28600733407,32016721672,33669233590,35501356802,38401466813,37126952695,41901136780,47787825449,62044811148,68079721305,76877154382,83480381371,89505757242,1.04814E+11,1.24405E+11,1.52031E+11,1.66621E+11,1.83842E+11,1.75776E+11,1.89534E+11,2.16883E+11,2.09211E+11,2.24899E+11,2.56864E+11,3.059E+11,3.44121E+11,3.82497E+11,4.15375E+11,4.35458E+11,4.0212E+11,4.72246E+11,5.02705E+11,5.09981E+11,5.39645E+11,5.6114E+11,5.75898E+11,5.85161E+11,
SGP,NE.EXP.GNFS.CD,1147523847,1089017379,1141219130,1295243695,1091630733,1201130276,1351659480,1415000653,1791552332,2193159545,2420456030,2704396969,2904841512,4373973333,7804712298,7724978456,9457765782,10772340942,12436295810,17169305189,24031178148,28092845134,29812562124,29675560748,30900662565,29160517557,27644243443,34308211629,46864672365,54623086861,64045069989,76631490593,84308164518,97965837356,1.22469E+11,1.59276E+11,1.6974E+11,1.70185E+11,1.43642E+11,1.52882E+11,1.813E+11,1.64715E+11,1.70984E+11,1.99023E+11,2.47128E+11,2.88253E+11,3.40091E+11,3.86534E+11,4.44416E+11,3.69748E+11,4.72246E+11,5.60262E+11,5.70191E+11,5.87366E+11,5.96047E+11,5.28176E+11,5.11239E+11,
SGP,MS.MIL.XPRT.KD,,,,,,,,,,,,2000000,,,,17000000,,,30000000,72000000,,15000000,,25000000,91000000,,,81000000,25000000,87000000,44000000,3000000,3000000,11000000,30000000,,0,46000000,23000000,11000000,11000000,,4000000,,65000000,,,,,31000000,24000000,13000000,76000000,1000000,2000000,48000000,46000000,
SGP,MS.MIL.MPRT.KD,,,,,,1000000,8000000,,6000000,139000000,92000000,165000000,177000000,99000000,295000000,255000000,254000000,171000000,50000000,327000000,410000000,164000000,176000000,243000000,83000000,120000000,75000000,275000000,546000000,235000000,527000000,375000000,112000000,170000000,182000000,306000000,171000000,624000000,815000000,318000000,798000000,255000000,236000000,87000000,380000000,542000000,73000000,358000000,1116000000,1485000000,1018000000,940000000,839000000,791000000,666000000,147000000,173000000,
SGP,LP.LPI.TRAC.XQ,,,,,,,,,,,,,,,,,,,,,,,,,,,,,,,,,,,,,,,,,,,,,,,,4.25,,,4.15,,4.07,,3.904885,,4.047371,
SGP,LP.LPI.TIME.XQ,,,,,,,,,,,,,,,,,,,,,,,,,,,,,,,,,,,,,,,,,,,,,,,,4.53,,,4.23,,4.39,,4.249636,,4.395202,
SGP,LP.LPI.OVRL.XQ,,,,,,,,,,,,,,,,,,,,,,,,,,,,,,,,,,,,,,,,,,,,,,,,4.19,,,4.09,,4.13,,4.004448,,4.143632,
SGP,LP.LPI.LOGS.XQ,,,,,,,,,,,,,,,,,,,,,,,,,,,,,,,,,,,,,,,,,,,,,,,,4.21,,,4.12,,4.07,,3.966698,,4.09353,
SGP,LP.LPI.ITRN.XQ,,,,,,,,,,,,,,,,,,,,,,,,,,,,,,,,,,,,,,,,,,,,,,,,4.04,,,3.86,,3.99,,3.703168,,3.956593,
SGP,LP.LPI.INFR.XQ,,,,,,,,,,,,,,,,,,,,,,,,,,,,,,,,,,,,,,,,,,,,,,,,4.27,,,4.22,,4.15,,4.278593,,4.20396,
SGP,LP.LPI.CUST.XQ,,,,,,,,,,,,,,,,,,,,,,,,,,,,,,,,,,,,,,,,,,,,,,,,3.9,,,4.02,,4.1,,4.007115,,4.178941,
SGP,LP.IMP.DURS.MD,,,,,,,,,,,,,,,,,,,,,,,,,,,,,,,,,,,,,,,,,,,,,,,,2.2,,,1.78,,2,,2,,2,
SGP,LP.EXP.DURS.MD,,,,,,,,,,,,,,,,,,,,,,,,,,,,,,,,,,,,,,,,,,,,,,,,2.4,,,2.17,,2,,2,,2,
SGP,IC.IMP.TMDC,,,,,,,,,,,,,,,,,,,,,,,,,,,,,,,,,,,,,,,,,,,,,,,,,,,,,,,3,3,3,
SGP,IC.IMP.TMBC,,,,,,,,,,,,,,,,,,,,,,,,,,,,,,,,,,,,,,,,,,,,,,,,,,,,,,,35,35,35,
SGP,IC.IMP.DURS,,,,,,,,,,,,,,,,,,,,,,,,,,,,,,,,,,,,,,,,,,,,,,4,4,4,4,4,4,4,4,4,4,,,
SGP,IC.IMP.DOCS,,,,,,,,,,,,,,,,,,,,,,,,,,,,,,,,,,,,,,,,,,,,,,3,3,3,3,3,3,3,3,3,3,,,
SGP,IC.IMP.CSDC.CD,,,,,,,,,,,,,,,,,,,,,,,,,,,,,,,,,,,,,,,,,,,,,,,,,,,,,,,40,40,40,40
SGP,IC.IMP.CSBC.CD,,,,,,,,,,,,,,,,,,,,,,,,,,,,,,,,,,,,,,,,,,,,,,,,,,,,,,,220,220,220,220
SGP,IC.IMP.COST.CD,,,,,,,,,,,,,,,,,,,,,,,,,,,,,,,,,,,,,,,,,,,,,,367,367,367,439,439,439,439,439,440,440,,,
SGP,IC.EXP.TMDC,,,,,,,,,,,,,,,,,,,,,,,,,,,,,,,,,,,,,,,,,,,,,,,,,,,,,,,2,2,2,
SGP,IC.EXP.TMBC,,,,,,,,,,,,,,,,,,,,,,,,,,,,,,,,,,,,,,,,,,,,,,,,,,,,,,,12,12,12,
SGP,IC.EXP.DURS,,,,,,,,,,,,,,,,,,,,,,,,,,,,,,,,,,,,,,,,,,,,,,6,6,6,6,6,6,6,6,6,6,,,
SGP,IC.EXP.DOCS,,,,,,,,,,,,,,,,,,,,,,,,,,,,,,,,,,,,,,,,,,,,,,3,3,3,3,3,3,3,3,3,3,,,
SGP,IC.EXP.CSDC.CD,,,,,,,,,,,,,,,,,,,,,,,,,,,,,,,,,,,,,,,,,,,,,,,,,,,,,,,37,37,37,37
SGP,IC.EXP.CSBC.CD,,,,,,,,,,,,,,,,,,,,,,,,,,,,,,,,,,,,,,,,,,,,,,,,,,,,,,,335,335,335,335
SGP,IC.EXP.COST.CD,,,,,,,,,,,,,,,,,,,,,,,,,,,,,,,,,,,,,,,,,,,,,,416,416,416,456,456,456,456,456,460,460,,,
SGP,IC.CUS.DURS.EX,,,,,,,,,,,,,,,,,,,,,,,,,,,,,,,,,,,,,,,,,,,,,,,,,,,,,,,,,,
SGP,GC.TAX.IMPT.ZS,,,,,,,,,,,,,16.22516556,15.48471047,11.53647181,10.46153846,11.375,11.44424132,11.63586585,11.61899145,9.940855323,7.904919845,7.591785937,7.226890756,7.081807082,6.109375,6.105990783,5.925801578,5.053863546,4.002911208,3.481568169,3.631331768,3.195612431,2.814694082,2.112412428,1.982064608,2.098679639,1.96801968,2.235358402,2.399661224,2.466877997,2.595244183,3.33412604,0.080290937,0.106368834,0.097454014,0.09305655,0.071508252,0,0,0,0,0,0,0,0,0,
SGP,GC.TAX.EXPT.ZS,,,,,,,,,,,,,0,0,0,0,0,0,0,0,0,0,0,0,0,0,0,0,0,0,0,0,0,0,0,0,0,0,0,0,0,0,0,0,0,0,0,0,0,0,0,0,0,0,0,0,0,
SGP,EG.IMP.CONS.ZS,,,,,,,,,,,,100,100,100,100,100,100,100,100,100,100,100,100,100,100,100,99.02498083,99.08380711,99.17365716,99.17411865,99.39172935,98.45369745,98.63728412,98.88893674,99.085392,98.92797038,98.97307486,99.08530818,98.98800301,98.88756527,98.91780933,98.16821256,98.15622545,98.40425241,98.71374243,98.17220306,98.30236585,98.1287044,98.24676078,97.93284225,97.68803286,97.70144276,97.60899516,97.55516705,97.68200129,,,
SGP,BX.GSR.TRVL.ZS,,,,,,,,,,,,,27.20207254,28.06499261,23.11942201,19.53220457,21.67808219,23.988622,25.91759246,31.19723715,29.50851207,24.94564143,23.19190525,25.46212396,30.20952381,36.30017452,37.63975155,37.6704471,35.33508541,34.77824614,36.29371232,33.39140048,35.3675866,34.39193057,29.42718987,29.30421341,27.28793972,23.9185575,20.20213944,21.11415199,19.79996114,17.79736136,15.91183244,12.33129601,13.15876461,13.37392508,12.72558381,12.21608892,11.83669287,11.27347398,14.06061911,15.03360125,14.75736646,13.75164697,12.47275184,11.14622339,12.28669206,
SGP,BX.GSR.TRAN.ZS,,,,,,,,,,,,,17.13545522,18.31610044,19.80450489,16.52993542,19.22945205,22.0448799,24.86288848,29.31696086,26.93084544,20.34657706,18.70760032,17.83254802,23.32190476,20.61275936,20.18155757,20.62819588,21.03942181,19.02719232,17.37037037,18.21116899,17.07294892,17.0643478,17.54170644,32.08806614,32.20241488,32.352505,39.31410045,43.88751261,45.49789709,43.89026631,42.55689918,43.04204085,42.24956999,42.37364685,38.39696798,39.21352474,40.49260113,36.59188658,38.38616224,35.73211794,35.09049477,32.98213234,34.03590764,32.04863508,32.31242518,
SGP,BX.GSR.TOTL.CD,,,,,,,,,,,,,3243377779,5143310592,8061992179,8276472824,9387084701,11230630486,13777772897,18648844409,25238553007,29366329691,30386093632,31029081201,31846857059,29728882126,29774273798,37811362863,52148378200,60110139255,73997590849,82714306388,90979762221,1.0453E+11,1.30746E+11,1.70437E+11,1.79995E+11,1.81309E+11,1.54351E+11,1.68275E+11,1.96633E+11,1.78887E+11,1.84921E+11,2.16075E+11,2.68459E+11,3.17457E+11,3.81059E+11,4.44908E+11,4.92373E+11,4.19945E+11,5.34864E+11,6.24517E+11,6.33524E+11,6.53023E+11,6.63434E+11,5.91091E+11,5.76719E+11,
SGP,BX.GSR.NFSV.CD,,,,,,,,,,,,,960711111.5,1377490810,1931168441,2415974361,2363567071,2594080512,3127054453,3595212822,4855669503,7183726923,8127942434,7834173355,6153064813,4687862192,4806154082,5794537785,7563014771,9658310224,12810798882,13823275737,16200270110,18597209107,23043984696,25969626951,27124179028,26340009665,22778538501,24101383123,25969983894,26067541151,28010067455,31216691699,40450392797,46427310784,59215322648,74214236819,89674897354,81828048146,1.00832E+11,1.19266E+11,1.27364E+11,1.39687E+11,1.53404E+11,1.48599E+11,1.49642E+11,
SGP,BX.GSR.MRCH.CD,,,,,,,,,,,,,2169600001,3598567574,5905534431,5480959813,6654007914,8245060263,10123019759,14247950739,19429683402,21090157507,21015642349,21894418032,24090948162,23186600917,22738413259,29096099209,40702982720,45699945734,54678553038,61332870250,66565082158,77857973572,97918996494,1.33309E+11,1.42611E+11,1.43844E+11,1.20863E+11,1.28784E+11,1.55334E+11,1.38645E+11,1.42975E+11,1.67808E+11,2.06674E+11,2.41827E+11,2.80868E+11,3.1232E+11,3.54753E+11,2.87916E+11,3.71412E+11,4.41007E+11,4.42838E+11,4.47678E+11,4.42667E+11,3.79568E+11,3.6158E+11,
SGP,BX.GSR.INSF.ZS,,,,,,,,,,,,,0.407105848,0.502215657,0.531236719,0.418921278,0.599315068,0.758533502,0.928139502,1.138398567,1.106088295,0.896092772,0.82787168,0.863839555,1.12,1.018033741,1.681796464,1.737249246,1.300919842,0.989583886,0.690353144,0.82661932,1.036010262,1.407691386,1.43131506,15.55773499,15.64390711,18.10313528,13.79038985,12.12607831,9.259950013,11.14465441,12.07867689,14.75493333,12.80042241,12.91361204,14.00989699,16.39397613,14.62993833,16.33908894,15.61991989,16.27612421,15.85309232,16.44240798,17.02281566,18.2731024,16.87981135,
SGP,BX.GSR.GNFS.CD,,,,,,,,,,,,,3130311112,4976058384,7836702872,7896934174,9017574986,10839140776,13250074212,17843163561,24285352905,28273884430,29143584783,29728591387,30244012975,27874463109,27544567341,34890636995,48265997491,55358255958,67489351920,75156145987,82765352268,96455182679,1.20963E+11,1.59279E+11,1.69735E+11,1.70184E+11,1.43642E+11,1.52886E+11,1.81304E+11,1.64713E+11,1.70985E+11,1.99025E+11,2.47124E+11,2.88254E+11,3.40084E+11,3.86534E+11,4.44428E+11,3.69744E+11,4.72244E+11,5.60273E+11,5.70202E+11,5.87366E+11,5.96071E+11,5.28166E+11,5.11222E+11,
SGP,BX.GSR.CMCP.ZS,,,,,,,,,,,,,55.2553664,53.11669129,56.54483638,63.51893873,58.49315068,53.2079646,48.29137955,38.34740343,42.4545542,53.81168874,57.27262274,55.84148846,45.34857143,42.06903238,40.49689441,39.96410778,42.32457293,45.20497765,45.64556417,47.57081121,46.52345423,47.13603024,51.59978863,23.04998547,24.8657383,25.62580223,26.69337027,22.87225709,25.44219176,27.16771793,29.45259149,29.87172981,31.79124299,31.33881602,34.86755122,32.17641021,33.04076767,35.7955505,31.93329876,32.95815659,34.29904645,36.82381271,36.46852487,38.53203914,38.52107141,
SGP,BX.GSR.CCIS.ZS,,,,,,,,,,,,,,,,,,,,,,,,,,,,,,,,,,,,16.8631329,18.50772103,18.92901523,18.46771697,17.27677304,20.37242609,21.24832462,21.20049048,22.08983326,23.63595942,22.16814302,26.29185921,23.69823797,23.60237237,24.97023612,22.89578404,23.37708395,25.24630271,26.49997969,27.56734676,29.37767074,29.12712981,
SGP,BX.GSR.CCIS.CD,,,,,,,,,,,,,,,,,,,,,,,,,,,,,,,,,,,,4379292707,5020067386,4985904442,4206676021,4163941261,5290715773,5538915764,5938271685,6895715147,9560838427,10292072657,15568809264,17587466451,21165403193,20432656834,23086180869,27880801847,32154729266,37017102214,42289491338,43654792428,43586448913,
SGP,BN.GSR.MRCH.CD,,,,,,,,,,,,,-957866667,-1136582521,-1858534184,-2029688357,-1787649958,-1483971469,-1967436594,-2202286289,-2970752497,-4694958644,-5180780600,-4357682026,-2642653436,-1518078313,-940104864.4,-1143218924,27678050.11,-312522700,-1632576872,-110098115.8,-1821461458,-2723991193,1354353923,10504136167,11397755030,11111486519,15921530512,16090617853,16222328781,20799928560,22335954756,36518716936,40280829908,47715104114,51251048922,57668239590,41462805824,47338331722,61968891524,73367363513,71230691387,75024134900,81712244978,82847998836,82786219131,
SGP,BN.GSR.GNFS.CD,,,,,,,,,,,,,-481422222.4,-414264592.3,-827702240.9,-579850715,-478379499.7,-167254242.9,-387858532.9,-657144937.7,-1026990212,-764901015.1,-665412787.5,-305719221.2,-513341407.3,-384519237.4,58325997.94,39506485.49,1793507833,2496592332,2536670590,4589273827,4842026643,4552260013,10500285608,14677061469,15628058053,14443235283,18260020057,14520548215,11779774899,14472776895,16227571385,26685767858,30100252727,37978127220,44073718218,55400973834,39955590450,45031032959,61588402467,74366667143,67706898594,67648765284,75695671047,76941647119,76847656217,
SGP,BM.GSR.TRVL.ZS,,,,,,,,,,,,,24.74302496,22.67080745,17.6390155,17.50327368,16.621881,15.46854942,15.17476556,13.25706595,11.43544507,11.50712831,13.29711551,14.85235235,14.94815333,17.25063939,16.93402485,17.23569869,16.04608105,19.47041781,20.82857161,20.20301992,26.35773185,27.77890151,27.83051087,21.38013407,21.9018441,18.97092744,15.73702442,16.40995587,16.23819142,20.40442918,24.04844489,20.40732144,18.35076579,17.93009605,16.97166176,17.65568852,17.92039377,18.66451047,18.47583576,18.18350494,17.68462561,16.66394051,15.28024072,14.29267498,14.20630412,
SGP,BM.GSR.TRAN.ZS,,,,,,,,,,,,,35.38913363,38.07453416,46.39927074,42.47053688,40.38387716,39.15275995,36.54447286,36.96724989,38.25180433,38.01280186,38.11926012,34.67217217,33.57800303,39.20716113,36.21999759,41.66529385,42.96612494,41.33945215,40.65351048,41.58672757,37.56268064,35.46191567,34.51821843,42.60943028,43.63578914,44.59909609,46.02978792,42.39405222,41.5803136,37.75642936,31.53140913,32.87572012,35.5194507,36.57735316,35.31421367,35.74307641,32.73660957,29.46253394,29.41599307,28.22825043,27.4002476,26.02501365,29.32024781,31.45366759,31.28273268,
SGP,BM.GSR.TOTL.CD,,,,,,,,,,,,,3740800001,5658089284,9044401283,8821743351,9905531519,11481511851,14191576615,19349676378,26694740129,30683133295,31477202381,31424717840,32009063567,29519350958,29272302808,37735008982,49967079518,56820933979,70454593939,77368064600,84589821768,99783150562,1.18685E+11,1.55125E+11,1.65059E+11,1.64904E+11,1.34827E+11,1.52777E+11,1.8544E+11,1.65349E+11,1.71267E+11,1.92753E+11,2.46399E+11,2.87904E+11,3.42234E+11,3.95185E+11,4.61088E+11,3.8383E+11,4.74621E+11,5.57509E+11,5.76452E+11,5.95347E+11,5.9565E+11,5.27355E+11,5.09367E+11,
SGP,BM.GSR.NFSV.CD,,,,,,,,,,,,,484266666.8,655172881.8,900336498,966136718.6,1054296613,1277363286,1547476392,2050071471,2911907219,3253669293,3612574621,3782210551,4023752784,3554303116,3807723220,4611812376,5797184988,6849195192,8641551420,9123903794,9536782009,11320957900,13898053011,21796701649,22893876005,23008260901,20440048956,25671452761,30412537776,32394692817,34118450826,41049640776,50630969977,56164287678,66392653352,76481502575,91182112728,84135346909,1.01212E+11,1.18266E+11,1.30888E+11,1.47063E+11,1.59421E+11,1.54505E+11,1.55581E+11,
SGP,BM.GSR.MRCH.CD,,,,,,,,,,,,,3127466668,4735150095,7764068615,7510648171,8441657872,9729031732,12090456354,16450237028,22400435899,25785116151,26196422949,26252100057,26733601598,24704679230,23678518123,30239318133,40675304670,46012468434,56311129910,61442968366,68386543617,80581964765,96564642570,1.22805E+11,1.31214E+11,1.32733E+11,1.04941E+11,1.12694E+11,1.39111E+11,1.17845E+11,1.20639E+11,1.31289E+11,1.66393E+11,1.94111E+11,2.29617E+11,2.54651E+11,3.1329E+11,2.40577E+11,3.09443E+11,3.6764E+11,3.71607E+11,3.72654E+11,3.60954E+11,2.9672E+11,2.78794E+11,
SGP,BM.GSR.INSF.ZS,,,,,,,,,,,,,3.89133627,4.223602484,5.15041021,4.714098647,4.491362764,4.364569961,4.063654447,4.104979812,4.250200481,4.218795461,4.229724486,3.853853854,3.728300128,3.235294118,5.355204439,8.710514394,9.600219434,9.213412489,9.014179824,9.117497779,5.595071805,5.587050289,5.54725958,10.56674252,9.95313076,9.424286066,7.736673634,6.769396948,7.373817712,6.576927517,6.479070125,6.07318642,5.193747451,5.255793504,5.583282382,6.107209969,5.791178978,5.764360852,6.524472205,6.463761257,6.15262812,5.810525515,5.367381836,6.378438281,6.722793462,
SGP,BM.GSR.GNFS.CD,,,,,,,,,,,,,3611733335,5390322976,8664405113,8476784889,9495954485,11006395019,13637932745,18500308499,25312343117,29038785445,29808997570,30034310608,30757354382,28258982346,27486241343,34851130509,46472489658,52861663626,64952681330,70566872160,77923325626,91902922666,1.10463E+11,1.44601E+11,1.54107E+11,1.55741E+11,1.25382E+11,1.38365E+11,1.69524E+11,1.5024E+11,1.54757E+11,1.72339E+11,2.17024E+11,2.50276E+11,2.9601E+11,3.31133E+11,4.04472E+11,3.24713E+11,4.10655E+11,4.85906E+11,5.02495E+11,5.19717E+11,5.20375E+11,4.51224E+11,4.34375E+11,
SGP,BM.GSR.CMCP.ZS,,,,,,,,,,,,,35.97650514,35.0310559,30.81130356,35.31209079,38.50287908,41.01412067,44.21710713,45.67070435,46.06255012,46.26127437,44.35389988,46.62162162,47.74554352,40.30690537,41.49077313,32.38849306,31.38757457,29.97671755,29.50373809,29.09275473,30.48451571,31.17213254,32.10401112,25.44369313,24.509236,27.0056904,30.49651402,34.42659496,34.80767727,35.26221394,37.94107585,40.64377202,40.93603606,40.23675729,42.13084218,40.49402509,43.55181769,46.10859473,45.58369896,47.12448337,48.76249866,51.50052033,50.03212964,47.87521914,47.78816973,
SGP,BG.GSR.NFSV.GD.ZS,,,,,,,,,,,,,53.12612934,55.02966333,54.27693501,60.03690625,54.02502453,58.50282765,62.19585659,60.7370197,65.30994509,73.6489495,73.0183586,65.35133996,51.56495032,43.06634795,46.38775221,49.79679543,52.7295263,54.25892928,59.33927238,50.46170574,49.3458995,49.33362682,50.07202919,54.34784757,51.88392613,49.2674743,50.42559725,57.68548001,58.83356769,65.47733952,67.57419207,74.50031565,79.7640015,80.51597861,84.98669835,83.728559,94.08567072,86.25580048,85.45898258,86.18730472,89.31045941,94.79002546,101.5195483,102.1098001,102.7770239,
